query_asmid	query_species_in	rank	ref_asmid	ref_species	ref_genus	ref_family	ref_order	ref_class	ref_subclass	ref_phylum	ref_subphylum	ani_pct	mash_pval	shared_hashes	significant
GCA_041722915.1_BD655-Tylopilus-cordonbleu-nom-prov	aff. Porphyrellus sp. UT-M0000030	1	GCA_038091315.1_MICH12342-Tylopilus-cyaneotinctus	Porphyrellus cyaneotinctus	Porphyrellus	Boletaceae	Boletales	Agaricomycetes		Basidiomycota		82.3748	0	125/10000	True
GCA_041722915.1_BD655-Tylopilus-cordonbleu-nom-prov	aff. Porphyrellus sp. UT-M0000030	2	GCA_041722795.1_BD716-Tylopilus-sp	Tylopilus sp. UT-M0000054	Tylopilus	Boletaceae	Boletales	Agaricomycetes		Basidiomycota		80.1512	5.30309e-216	78/10000	True
GCA_041722915.1_BD655-Tylopilus-cordonbleu-nom-prov	aff. Porphyrellus sp. UT-M0000030	3	GCA_041722675.1_BD885	aff. Porphyrellus sp. UT-M0000367		Boletaceae	Boletales	Agaricomycetes		Basidiomycota		79.7067	7.0068e-193	71/10000	True
GCA_041722915.1_BD655-Tylopilus-cordonbleu-nom-prov	aff. Porphyrellus sp. UT-M0000030	4	GCA_041722655.1_BD845-Porphyrellus-aff-excedens	Porphyrellus sp. aff. excedens UT-M0000382	Porphyrellus	Boletaceae	Boletales	Agaricomycetes		Basidiomycota		79.4325	2.79288e-178	67/10000	True
GCA_041722915.1_BD655-Tylopilus-cordonbleu-nom-prov	aff. Porphyrellus sp. UT-M0000030	5	GCA_038090955.1_MICH4995-Boletellus-intermedius	Xerocomellus intermedius	Xerocomellus	Boletaceae	Boletales	Agaricomycetes		Basidiomycota		78.1407	1.28109e-134	51/10000	True
GCA_041722915.1_BD655-Tylopilus-cordonbleu-nom-prov	aff. Porphyrellus sp. UT-M0000030	6	GCA_038094095.1_BD921Chile-Boletus-putidus	Boletus putidus	Boletus	Boletaceae	Boletales	Agaricomycetes		Basidiomycota		78.0469	9.30757e-131	50/10000	True
GCA_041722915.1_BD655-Tylopilus-cordonbleu-nom-prov	aff. Porphyrellus sp. UT-M0000030	7	GCA_038090735.1_MICH5365-Porphyrellus-amylosporus	Xerocomellus amylosporus	Xerocomellus	Boletaceae	Boletales	Agaricomycetes		Basidiomycota		77.8534	1.54114e-122	48/10000	True
GCA_041722915.1_BD655-Tylopilus-cordonbleu-nom-prov	aff. Porphyrellus sp. UT-M0000030	8	GCA_038090535.1_NY1034447-Tylopilus-alboater	Tylopilus alboater	Tylopilus	Boletaceae	Boletales	Agaricomycetes		Basidiomycota		77.5475	1.53079e-111	45/10000	True
GCA_041722915.1_BD655-Tylopilus-cordonbleu-nom-prov	aff. Porphyrellus sp. UT-M0000030	9	GCA_015039435.1_Xerba1	Imleria badia	Imleria	Boletaceae	Boletales	Agaricomycetes		Basidiomycota		77.3320	2.25021e-108	43/10000	True
GCA_041722915.1_BD655-Tylopilus-cordonbleu-nom-prov	aff. Porphyrellus sp. UT-M0000030	10	GCA_038089655.1_NY796215-Imleria-badia	Imleria badia	Imleria	Boletaceae	Boletales	Agaricomycetes		Basidiomycota		77.3320	3.62628e-108	43/10000	True
GCA_041722675.1_BD885	aff. Porphyrellus sp. UT-M0000367	1	GCA_041722655.1_BD845-Porphyrellus-aff-excedens	Porphyrellus sp. aff. excedens UT-M0000382	Porphyrellus	Boletaceae	Boletales	Agaricomycetes		Basidiomycota		81.9413	0	114/10000	True
GCA_041722675.1_BD885	aff. Porphyrellus sp. UT-M0000367	2	GCA_038091315.1_MICH12342-Tylopilus-cyaneotinctus	Porphyrellus cyaneotinctus	Porphyrellus	Boletaceae	Boletales	Agaricomycetes		Basidiomycota		81.4633	6.24795e-301	103/10000	True
GCA_041722675.1_BD885	aff. Porphyrellus sp. UT-M0000367	3	GCA_038090535.1_NY1034447-Tylopilus-alboater	Tylopilus alboater	Tylopilus	Boletaceae	Boletales	Agaricomycetes		Basidiomycota		79.7729	4.31794e-199	72/10000	True
GCA_041722675.1_BD885	aff. Porphyrellus sp. UT-M0000367	4	GCA_038090955.1_MICH4995-Boletellus-intermedius	Xerocomellus intermedius	Xerocomellus	Boletaceae	Boletales	Agaricomycetes		Basidiomycota		79.7729	1.20521e-205	72/10000	True
GCA_041722675.1_BD885	aff. Porphyrellus sp. UT-M0000367	5	GCA_041722795.1_BD716-Tylopilus-sp	Tylopilus sp. UT-M0000054	Tylopilus	Boletaceae	Boletales	Agaricomycetes		Basidiomycota		79.7729	4.53819e-203	72/10000	True
GCA_041722675.1_BD885	aff. Porphyrellus sp. UT-M0000367	6	GCA_041722915.1_BD655-Tylopilus-cordonbleu-nom-prov	aff. Porphyrellus sp. UT-M0000030		Boletaceae	Boletales	Agaricomycetes		Basidiomycota		79.7067	7.0068e-193	71/10000	True
GCA_041722675.1_BD885	aff. Porphyrellus sp. UT-M0000367	7	GCA_038094095.1_BD921Chile-Boletus-putidus	Boletus putidus	Boletus	Boletaceae	Boletales	Agaricomycetes		Basidiomycota		79.0655	1.91743e-172	62/10000	True
GCA_041722675.1_BD885	aff. Porphyrellus sp. UT-M0000367	8	GCA_038089495.1_PAM-Xerocomus-dryophilus	Xerocomellus dryophilus	Xerocomellus	Boletaceae	Boletales	Agaricomycetes		Basidiomycota		78.9886	1.71946e-167	61/10000	True
GCA_041722675.1_BD885	aff. Porphyrellus sp. UT-M0000367	9	GCA_038093355.1_MICH10006-Boletus-calvinii	Boletus calvinii	Boletus	Boletaceae	Boletales	Agaricomycetes		Basidiomycota		78.7498	6.75347e-162	58/10000	True
GCA_041722675.1_BD885	aff. Porphyrellus sp. UT-M0000367	10	GCA_015039435.1_Xerba1	Imleria badia	Imleria	Boletaceae	Boletales	Agaricomycetes		Basidiomycota		78.5837	7.85945e-152	56/10000	True
GCA_002718315.1_ASM271831v1	Agaricales sp. HM26-F1	1	GCA_037041595.1_ASM3704159v1	Lodderomyces elongisporus	Lodderomyces	Debaryomycetaceae	Serinales	Pichiomycetes		Ascomycota		67.9713	1.05461e-13	6/10000	True
GCA_002718315.1_ASM271831v1	Agaricales sp. HM26-F1	2	GCA_037042335.1_ASM3704233v1	Lodderomyces elongisporus	Lodderomyces	Debaryomycetaceae	Serinales	Pichiomycetes		Ascomycota		67.9713	1.5948e-13	6/10000	True
GCA_002718315.1_ASM271831v1	Agaricales sp. HM26-F1	3	GCA_041721695.1_SWK386-Pulchroboletus-cf	Boletaceae sp. TRTC168574		Boletaceae	Boletales	Agaricomycetes		Basidiomycota		67.9713	1.54825e-12	6/10000	True
GCA_002718315.1_ASM271831v1	Agaricales sp. HM26-F1	4	GCA_051998125.1_ASM5199812v1	Gymnopilus sp. ZRL20210269D	Gymnopilus	Galerinaceae	Agaricales	Agaricomycetes		Basidiomycota		67.9713	6.22567e-12	6/10000	True
GCA_002718315.1_ASM271831v1	Agaricales sp. HM26-F1	5	GCA_000350255.1_ASM35025v1	Rhizoctonia solani	Rhizoctonia	Ceratobasidiaceae	Cantharellales	Agaricomycetes		Basidiomycota		67.1035	6.86188e-10	5/10000	True
GCA_002718315.1_ASM271831v1	Agaricales sp. HM26-F1	6	GCA_001466705.2_ASM146670v2	Moniliophthora roreri	Moniliophthora	Marasmiaceae	Agaricales	Agaricomycetes		Basidiomycota		67.1035	1.95115e-09	5/10000	True
GCA_002718315.1_ASM271831v1	Agaricales sp. HM26-F1	7	GCA_002374595.1_ASM237459v1	Metschnikowia hamakuensis	Metschnikowia	Metschnikowiaceae	Serinales	Pichiomycetes		Ascomycota		67.1035	1.02429e-10	5/10000	True
GCA_002718315.1_ASM271831v1	Agaricales sp. HM26-F1	8	GCA_003314355.1_CUFNS_Cheung_Ptr_1.0	Pleurotus tuber-regium	Pleurotus	Pleurotaceae	Agaricales	Agaricomycetes		Basidiomycota		67.1035	5.62241e-10	5/10000	True
GCA_002718315.1_ASM271831v1	Agaricales sp. HM26-F1	9	GCA_005059865.1_ASM505986v1	Friedmanniomyces simplex	Friedmanniomyces	Teratosphaeriaceae	Mycosphaerellales	Dothideomycetes		Ascomycota		67.1035	7.45558e-10	5/10000	True
GCA_002718315.1_ASM271831v1	Agaricales sp. HM26-F1	10	GCA_014058305.1_ASM1405830v1	Pleurotus tuber-regium	Pleurotus	Pleurotaceae	Agaricales	Agaricomycetes		Basidiomycota		67.1035	6.88632e-10	5/10000	True
GCA_985805875.1_idMegDoli1.microsporidian_1.1	Amblyosporidae sp. gmOTU1 NHMUK015059140	1	GCA_985568015.1_idNerComm1.microsporidian_1.1	Amblyosporidae sp. gmOTU1 Ox002245		Amblyosporidae				Microsporidia		98.2810	0	5349/10000	True
GCA_985805875.1_idMegDoli1.microsporidian_1.1	Amblyosporidae sp. gmOTU1 NHMUK015059140	2	GCA_985568185.1_iuLoeVari1.microsporidian_1.hap2.1	Amblyosporidae sp. gmOTU1 Ox002633		Amblyosporidae				Microsporidia		96.7510	0	3382/10000	True
GCA_985805875.1_idMegDoli1.microsporidian_1.1	Amblyosporidae sp. gmOTU1 NHMUK015059140	3	GCA_016946835.1_ASM1694683v1	Neocallimastix lanati	Neocallimastix	Neocallimastigaceae	Neocallimastigales	Neocallimastigomycetes		Neocallimastigomycota		71.2691	1.77304e-21	12/10000	True
GCA_985805875.1_idMegDoli1.microsporidian_1.1	Amblyosporidae sp. gmOTU1 NHMUK015059140	4	GCA_002104975.1_Neocallimastix_sp._G1_v1.0	Neocallimastix californiae	Neocallimastix	Neocallimastigaceae	Neocallimastigales	Neocallimastigomycetes		Neocallimastigomycota		70.8553	1.94411e-19	11/10000	True
GCA_985805875.1_idMegDoli1.microsporidian_1.1	Amblyosporidae sp. gmOTU1 NHMUK015059140	5	GCA_027248345.1_ASM2724834v1	Neocallimastix californiae	Neocallimastix	Neocallimastigaceae	Neocallimastigales	Neocallimastigomycetes		Neocallimastigomycota		70.8553	1.34431e-20	11/10000	True
GCA_985805875.1_idMegDoli1.microsporidian_1.1	Amblyosporidae sp. gmOTU1 NHMUK015059140	6	GCA_027248785.1_ASM2724878v1	Neocallimastix californiae	Neocallimastix	Neocallimastigaceae	Neocallimastigales	Neocallimastigomycetes		Neocallimastigomycota		70.8553	1.11272e-20	11/10000	True
GCA_985805875.1_idMegDoli1.microsporidian_1.1	Amblyosporidae sp. gmOTU1 NHMUK015059140	7	GCA_027248925.1_ASM2724892v1	Neocallimastix californiae	Neocallimastix	Neocallimastigaceae	Neocallimastigales	Neocallimastigomycetes		Neocallimastigomycota		70.8553	2.41525e-21	11/10000	True
GCA_985805875.1_idMegDoli1.microsporidian_1.1	Amblyosporidae sp. gmOTU1 NHMUK015059140	8	GCA_050613775.1_Neocon1	Neocallimastix sp. constans	Neocallimastix	Neocallimastigaceae	Neocallimastigales	Neocallimastigomycetes		Neocallimastigomycota		70.8553	1.80021e-19	11/10000	True
GCA_985805875.1_idMegDoli1.microsporidian_1.1	Amblyosporidae sp. gmOTU1 NHMUK015059140	9	GCA_003724095.1_ASM372409v1	Austropuccinia psidii	Austropuccinia	Sphaerophragmiaceae	Pucciniales	Pucciniomycetes		Basidiomycota		70.4019	1.65254e-16	10/10000	True
GCA_985805875.1_idMegDoli1.microsporidian_1.1	Amblyosporidae sp. gmOTU1 NHMUK015059140	10	GCA_027248385.1_ASM2724838v1	Neocallimastix californiae	Neocallimastix	Neocallimastigaceae	Neocallimastigales	Neocallimastigomycetes		Neocallimastigomycota		70.4019	2.14832e-18	10/10000	True
GCA_985568015.1_idNerComm1.microsporidian_1.1	Amblyosporidae sp. gmOTU1 Ox002245	1	GCA_985805875.1_idMegDoli1.microsporidian_1.1	Amblyosporidae sp. gmOTU1 NHMUK015059140		Amblyosporidae				Microsporidia		98.2810	0	5349/10000	True
GCA_985568015.1_idNerComm1.microsporidian_1.1	Amblyosporidae sp. gmOTU1 Ox002245	2	GCA_985568185.1_iuLoeVari1.microsporidian_1.hap2.1	Amblyosporidae sp. gmOTU1 Ox002633		Amblyosporidae				Microsporidia		96.5942	0	3237/10000	True
GCA_985568015.1_idNerComm1.microsporidian_1.1	Amblyosporidae sp. gmOTU1 Ox002245	3	GCA_023646395.1_KEW_Xsp1	Xanthoria sp. 1 TBL-2021	Xanthoria	Teloschistaceae	Teloschistales	Lecanoromycetes		Ascomycota		68.7048	3.61891e-15	7/10000	True
GCA_985568015.1_idNerComm1.microsporidian_1.1	Amblyosporidae sp. gmOTU1 Ox002245	4	GCA_027248425.1_ASM2724842v1	Neocallimastix californiae	Neocallimastix	Neocallimastigaceae	Neocallimastigales	Neocallimastigomycetes		Neocallimastigomycota		68.7048	3.62637e-15	7/10000	True
GCA_985568015.1_idNerComm1.microsporidian_1.1	Amblyosporidae sp. gmOTU1 Ox002245	5	GCA_027248605.1_ASM2724860v1	Neocallimastix californiae	Neocallimastix	Neocallimastigaceae	Neocallimastigales	Neocallimastigomycetes		Neocallimastigomycota		68.7048	2.68399e-15	7/10000	True
GCA_985568015.1_idNerComm1.microsporidian_1.1	Amblyosporidae sp. gmOTU1 Ox002245	6	GCA_946474995.1_fwild_a	Funneliformis geosporum	Funneliformis	Glomeraceae	Glomerales	Glomeromycetes		Glomeromycota		68.7048	1.06351e-14	7/10000	True
GCA_985568015.1_idNerComm1.microsporidian_1.1	Amblyosporidae sp. gmOTU1 Ox002245	7	GCA_946475005.1_fwild_b	Funneliformis geosporum	Funneliformis	Glomeraceae	Glomerales	Glomeromycetes		Glomeromycota		68.7048	1.05054e-14	7/10000	True
GCA_985568015.1_idNerComm1.microsporidian_1.1	Amblyosporidae sp. gmOTU1 Ox002245	8	GCA_964256015.1_public_SRR11456923_metabat2_merged.0	Peltigera hydrothyria	Peltigera	Peltigeraceae	Peltigerales	Lecanoromycetes		Ascomycota		68.7048	1.15594e-14	7/10000	True
GCA_985568015.1_idNerComm1.microsporidian_1.1	Amblyosporidae sp. gmOTU1 Ox002245	9	GCA_001593205.1_ASM159320v1	Rhizophagus irregularis	Rhizophagus	Glomeraceae	Glomerales	Glomeromycetes		Glomeromycota		67.9713	2.25278e-12	6/10000	True
GCA_985568015.1_idNerComm1.microsporidian_1.1	Amblyosporidae sp. gmOTU1 Ox002245	10	GCA_003724095.1_ASM372409v1	Austropuccinia psidii	Austropuccinia	Sphaerophragmiaceae	Pucciniales	Pucciniomycetes		Basidiomycota		67.9713	4.4701e-12	6/10000	True
GCA_985568185.1_iuLoeVari1.microsporidian_1.hap2.1	Amblyosporidae sp. gmOTU1 Ox002633	1	GCA_985805875.1_idMegDoli1.microsporidian_1.1	Amblyosporidae sp. gmOTU1 NHMUK015059140		Amblyosporidae				Microsporidia		96.7510	0	3382/10000	True
GCA_985568185.1_iuLoeVari1.microsporidian_1.hap2.1	Amblyosporidae sp. gmOTU1 Ox002633	2	GCA_985568015.1_idNerComm1.microsporidian_1.1	Amblyosporidae sp. gmOTU1 Ox002245		Amblyosporidae				Microsporidia		96.5942	0	3237/10000	True
GCA_985568185.1_iuLoeVari1.microsporidian_1.hap2.1	Amblyosporidae sp. gmOTU1 Ox002633	3	GCA_027248605.1_ASM2724860v1	Neocallimastix californiae	Neocallimastix	Neocallimastigaceae	Neocallimastigales	Neocallimastigomycetes		Neocallimastigomycota		68.7048	2.23534e-16	7/10000	True
GCA_985568185.1_iuLoeVari1.microsporidian_1.hap2.1	Amblyosporidae sp. gmOTU1 Ox002633	4	GCA_984766085.1_idDelPlat3.microsporidian_1.1_alternate_haplotypes	Amblyosporidae sp. gmOTU2 SAN22000470		Amblyosporidae				Microsporidia		68.7048	9.86864e-19	7/10000	True
GCA_985568185.1_iuLoeVari1.microsporidian_1.hap2.1	Amblyosporidae sp. gmOTU1 Ox002633	5	GCA_985568025.1_idDelPlat5.microsporidian_1.1_alternate_haplotypes	Amblyosporidae sp. gmOTU2 SAN22000478		Amblyosporidae				Microsporidia		68.7048	3.25286e-18	7/10000	True
GCA_985568185.1_iuLoeVari1.microsporidian_1.hap2.1	Amblyosporidae sp. gmOTU1 Ox002633	6	GCA_027248425.1_ASM2724842v1	Neocallimastix californiae	Neocallimastix	Neocallimastigaceae	Neocallimastigales	Neocallimastigomycetes		Neocallimastigomycota		67.9713	9.51812e-14	6/10000	True
GCA_985568185.1_iuLoeVari1.microsporidian_1.hap2.1	Amblyosporidae sp. gmOTU1 Ox002633	7	GCA_027248925.1_ASM2724892v1	Neocallimastix californiae	Neocallimastix	Neocallimastigaceae	Neocallimastigales	Neocallimastigomycetes		Neocallimastigomycota		67.9713	1.11614e-13	6/10000	True
GCA_985568185.1_iuLoeVari1.microsporidian_1.hap2.1	Amblyosporidae sp. gmOTU1 Ox002633	8	GCA_985568115.1_idDelPlat4.microsporidian_1.1	Amblyosporidae sp. gmOTU2 SAN22000475		Amblyosporidae				Microsporidia		67.9713	5.01279e-15	6/10000	True
GCA_985568185.1_iuLoeVari1.microsporidian_1.hap2.1	Amblyosporidae sp. gmOTU1 Ox002633	9	GCA_985809255.1_idLucSpea1.microsporidian_1.1	Amblyosporidae sp. gmOTU2 SAN22000477		Amblyosporidae				Microsporidia		67.9713	7.59963e-15	6/10000	True
GCA_985568185.1_iuLoeVari1.microsporidian_1.hap2.1	Amblyosporidae sp. gmOTU1 Ox002633	10	GCF_000349005.2_Pneumo_murina_B123_V4	Pneumocystis murina	Pneumocystis	Pneumocystaceae	Pneumocystales	Pneumocystomycetes		Ascomycota		67.9713	1.43229e-15	6/10000	True
GCA_986199865.1_ilAceEphe1.microsporidian_1.1	Amblyosporidae sp. gmOTU10 Ox001727	1	GCA_027248365.1_ASM2724836v1	Piromyces sp.	Piromyces	Neocallimastigaceae	Neocallimastigales	Neocallimastigomycetes		Neocallimastigomycota		70.8553	3.90535e-23	11/10000	True
GCA_986199865.1_ilAceEphe1.microsporidian_1.1	Amblyosporidae sp. gmOTU10 Ox001727	2	GCA_027248865.1_ASM2724886v1	Piromyces sp.	Piromyces	Neocallimastigaceae	Neocallimastigales	Neocallimastigomycetes		Neocallimastigomycota		70.8553	5.44982e-23	11/10000	True
GCA_986199865.1_ilAceEphe1.microsporidian_1.1	Amblyosporidae sp. gmOTU10 Ox001727	3	GCA_002104945.1_Piromyces_sp._finnis_v3.0	Piromyces finnis	Piromyces	Neocallimastigaceae	Neocallimastigales	Neocallimastigomycetes		Neocallimastigomycota		70.4019	7.98204e-21	10/10000	True
GCA_986199865.1_ilAceEphe1.microsporidian_1.1	Amblyosporidae sp. gmOTU10 Ox001727	4	GCA_003086735.1_ASM308673v1	Smittium simulii	Smittium	Legeriomycetaceae	Harpellales	Harpellomycetes		Kickxellomycota		70.4019	3.08109e-21	10/10000	True
GCA_986199865.1_ilAceEphe1.microsporidian_1.1	Amblyosporidae sp. gmOTU10 Ox001727	5	GCA_017871115.1_ASM1787111v1	Cunninghamella blakesleeana	Cunninghamella	Cunninghamellaceae	Mucorales	Mucoromycetes		Mucoromycota		70.4019	7.6196e-22	10/10000	True
GCA_986199865.1_ilAceEphe1.microsporidian_1.1	Amblyosporidae sp. gmOTU10 Ox001727	6	GCA_027248345.1_ASM2724834v1	Neocallimastix californiae	Neocallimastix	Neocallimastigaceae	Neocallimastigales	Neocallimastigomycetes		Neocallimastigomycota		70.4019	2.85297e-20	10/10000	True
GCA_986199865.1_ilAceEphe1.microsporidian_1.1	Amblyosporidae sp. gmOTU10 Ox001727	7	GCA_027248965.1_ASM2724896v1	Piromyces sp.	Piromyces	Neocallimastigaceae	Neocallimastigales	Neocallimastigomycetes		Neocallimastigomycota		70.4019	8.77832e-21	10/10000	True
GCA_986199865.1_ilAceEphe1.microsporidian_1.1	Amblyosporidae sp. gmOTU10 Ox001727	8	GCA_050947565.1_ASM5094756v1	Hanseniaspora valbyensis	Hanseniaspora	Saccharomycodaceae	Saccharomycodales	Saccharomycetes		Ascomycota		70.4019	1.27469e-24	10/10000	True
GCA_986199865.1_ilAceEphe1.microsporidian_1.1	Amblyosporidae sp. gmOTU10 Ox001727	9	GCA_021464405.1_ASM2146440v1	Rhizophagus sp. LPA8_3_AMF	Rhizophagus	Glomeraceae	Glomerales	Glomeromycetes		Glomeromycota		69.9006	9.41584e-18	9/10000	True
GCA_986199865.1_ilAceEphe1.microsporidian_1.1	Amblyosporidae sp. gmOTU10 Ox001727	10	GCA_027248385.1_ASM2724838v1	Neocallimastix californiae	Neocallimastix	Neocallimastigaceae	Neocallimastigales	Neocallimastigomycetes		Neocallimastigomycota		69.9006	6.04084e-18	9/10000	True
GCA_984766085.1_idDelPlat3.microsporidian_1.1_alternate_haplotypes	Amblyosporidae sp. gmOTU2 SAN22000470	1	GCA_985568025.1_idDelPlat5.microsporidian_1.1_alternate_haplotypes	Amblyosporidae sp. gmOTU2 SAN22000478		Amblyosporidae				Microsporidia		98.6061	0	5952/10000	True
GCA_984766085.1_idDelPlat3.microsporidian_1.1_alternate_haplotypes	Amblyosporidae sp. gmOTU2 SAN22000470	2	GCA_985568205.1_idTanUsma1.microsporidian_1.1	Amblyosporidae sp. gmOTU2 SAN22000472		Amblyosporidae				Microsporidia		97.9023	0	4746/10000	True
GCA_984766085.1_idDelPlat3.microsporidian_1.1_alternate_haplotypes	Amblyosporidae sp. gmOTU2 SAN22000470	3	GCA_985809255.1_idLucSpea1.microsporidian_1.1	Amblyosporidae sp. gmOTU2 SAN22000477		Amblyosporidae				Microsporidia		97.8319	0	4644/10000	True
GCA_984766085.1_idDelPlat3.microsporidian_1.1_alternate_haplotypes	Amblyosporidae sp. gmOTU2 SAN22000470	4	GCA_985568115.1_idDelPlat4.microsporidian_1.1	Amblyosporidae sp. gmOTU2 SAN22000475		Amblyosporidae				Microsporidia		97.7723	0	4560/10000	True
GCA_984766085.1_idDelPlat3.microsporidian_1.1_alternate_haplotypes	Amblyosporidae sp. gmOTU2 SAN22000470	5	GCA_985568185.1_iuLoeVari1.microsporidian_1.hap2.1	Amblyosporidae sp. gmOTU1 Ox002633		Amblyosporidae				Microsporidia		68.7048	9.86864e-19	7/10000	True
GCA_984766085.1_idDelPlat3.microsporidian_1.1_alternate_haplotypes	Amblyosporidae sp. gmOTU2 SAN22000470	6	GCA_985805875.1_idMegDoli1.microsporidian_1.1	Amblyosporidae sp. gmOTU1 NHMUK015059140		Amblyosporidae				Microsporidia		68.7048	1.16491e-17	7/10000	True
GCA_984766085.1_idDelPlat3.microsporidian_1.1_alternate_haplotypes	Amblyosporidae sp. gmOTU2 SAN22000470	7	GCA_027248525.1_ASM2724852v1	Neocallimastix californiae	Neocallimastix	Neocallimastigaceae	Neocallimastigales	Neocallimastigomycetes		Neocallimastigomycota		67.9713	6.8578e-15	6/10000	True
GCA_984766085.1_idDelPlat3.microsporidian_1.1_alternate_haplotypes	Amblyosporidae sp. gmOTU2 SAN22000470	8	GCA_027248625.1_ASM2724862v1	Neocallimastix californiae	Neocallimastix	Neocallimastigaceae	Neocallimastigales	Neocallimastigomycetes		Neocallimastigomycota		67.9713	7.72337e-15	6/10000	True
GCA_984766085.1_idDelPlat3.microsporidian_1.1_alternate_haplotypes	Amblyosporidae sp. gmOTU2 SAN22000470	9	GCA_027248765.1_ASM2724876v1	Neocallimastix californiae	Neocallimastix	Neocallimastigaceae	Neocallimastigales	Neocallimastigomycetes		Neocallimastigomycota		67.9713	6.9843e-15	6/10000	True
GCA_984766085.1_idDelPlat3.microsporidian_1.1_alternate_haplotypes	Amblyosporidae sp. gmOTU2 SAN22000470	10	GCA_985568015.1_idNerComm1.microsporidian_1.1	Amblyosporidae sp. gmOTU1 Ox002245		Amblyosporidae				Microsporidia		67.9713	1.85562e-15	6/10000	True
GCA_985568205.1_idTanUsma1.microsporidian_1.1	Amblyosporidae sp. gmOTU2 SAN22000472	1	GCA_985568115.1_idDelPlat4.microsporidian_1.1	Amblyosporidae sp. gmOTU2 SAN22000475		Amblyosporidae				Microsporidia		99.4903	0	8157/10000	True
GCA_985568205.1_idTanUsma1.microsporidian_1.1	Amblyosporidae sp. gmOTU2 SAN22000472	2	GCA_985809255.1_idLucSpea1.microsporidian_1.1	Amblyosporidae sp. gmOTU2 SAN22000477		Amblyosporidae				Microsporidia		99.3745	0	7808/10000	True
GCA_985568205.1_idTanUsma1.microsporidian_1.1	Amblyosporidae sp. gmOTU2 SAN22000472	3	GCA_985568025.1_idDelPlat5.microsporidian_1.1_alternate_haplotypes	Amblyosporidae sp. gmOTU2 SAN22000478		Amblyosporidae				Microsporidia		98.6206	0	5981/10000	True
GCA_985568205.1_idTanUsma1.microsporidian_1.1	Amblyosporidae sp. gmOTU2 SAN22000472	4	GCA_984766085.1_idDelPlat3.microsporidian_1.1_alternate_haplotypes	Amblyosporidae sp. gmOTU2 SAN22000470		Amblyosporidae				Microsporidia		97.9023	0	4746/10000	True
GCA_985568205.1_idTanUsma1.microsporidian_1.1	Amblyosporidae sp. gmOTU2 SAN22000472	5	GCA_027248525.1_ASM2724852v1	Neocallimastix californiae	Neocallimastix	Neocallimastigaceae	Neocallimastigales	Neocallimastigomycetes		Neocallimastigomycota		69.9006	4.16097e-21	9/10000	True
GCA_985568205.1_idTanUsma1.microsporidian_1.1	Amblyosporidae sp. gmOTU2 SAN22000472	6	GCA_027248625.1_ASM2724862v1	Neocallimastix californiae	Neocallimastix	Neocallimastigaceae	Neocallimastigales	Neocallimastigomycetes		Neocallimastigomycota		69.9006	5.6758e-21	9/10000	True
GCA_985568205.1_idTanUsma1.microsporidian_1.1	Amblyosporidae sp. gmOTU2 SAN22000472	7	GCA_985805875.1_idMegDoli1.microsporidian_1.1	Amblyosporidae sp. gmOTU1 NHMUK015059140		Amblyosporidae				Microsporidia		69.9006	3.37811e-21	9/10000	True
GCA_985568205.1_idTanUsma1.microsporidian_1.1	Amblyosporidae sp. gmOTU2 SAN22000472	8	GCA_027248345.1_ASM2724834v1	Neocallimastix californiae	Neocallimastix	Neocallimastigaceae	Neocallimastigales	Neocallimastigomycetes		Neocallimastigomycota		69.3402	2.28236e-18	8/10000	True
GCA_985568205.1_idTanUsma1.microsporidian_1.1	Amblyosporidae sp. gmOTU2 SAN22000472	9	GCA_027248385.1_ASM2724838v1	Neocallimastix californiae	Neocallimastix	Neocallimastigaceae	Neocallimastigales	Neocallimastigomycetes		Neocallimastigomycota		69.3402	2.34615e-18	8/10000	True
GCA_985568205.1_idTanUsma1.microsporidian_1.1	Amblyosporidae sp. gmOTU2 SAN22000472	10	GCA_027248585.1_ASM2724858v1	Neocallimastix californiae	Neocallimastix	Neocallimastigaceae	Neocallimastigales	Neocallimastigomycetes		Neocallimastigomycota		69.3402	1.98765e-18	8/10000	True
GCA_985568115.1_idDelPlat4.microsporidian_1.1	Amblyosporidae sp. gmOTU2 SAN22000475	1	GCA_985568205.1_idTanUsma1.microsporidian_1.1	Amblyosporidae sp. gmOTU2 SAN22000472		Amblyosporidae				Microsporidia		99.4903	0	8157/10000	True
GCA_985568115.1_idDelPlat4.microsporidian_1.1	Amblyosporidae sp. gmOTU2 SAN22000475	2	GCA_985809255.1_idLucSpea1.microsporidian_1.1	Amblyosporidae sp. gmOTU2 SAN22000477		Amblyosporidae				Microsporidia		99.3044	0	7607/10000	True
GCA_985568115.1_idDelPlat4.microsporidian_1.1	Amblyosporidae sp. gmOTU2 SAN22000475	3	GCA_985568025.1_idDelPlat5.microsporidian_1.1_alternate_haplotypes	Amblyosporidae sp. gmOTU2 SAN22000478		Amblyosporidae				Microsporidia		98.5900	0	5920/10000	True
GCA_985568115.1_idDelPlat4.microsporidian_1.1	Amblyosporidae sp. gmOTU2 SAN22000475	4	GCA_984766085.1_idDelPlat3.microsporidian_1.1_alternate_haplotypes	Amblyosporidae sp. gmOTU2 SAN22000470		Amblyosporidae				Microsporidia		97.7723	0	4560/10000	True
GCA_985568115.1_idDelPlat4.microsporidian_1.1	Amblyosporidae sp. gmOTU2 SAN22000475	5	GCA_027248525.1_ASM2724852v1	Neocallimastix californiae	Neocallimastix	Neocallimastigaceae	Neocallimastigales	Neocallimastigomycetes		Neocallimastigomycota		70.4019	5.43537e-24	10/10000	True
GCA_985568115.1_idDelPlat4.microsporidian_1.1	Amblyosporidae sp. gmOTU2 SAN22000475	6	GCA_027248625.1_ASM2724862v1	Neocallimastix californiae	Neocallimastix	Neocallimastigaceae	Neocallimastigales	Neocallimastigomycetes		Neocallimastigomycota		69.9006	3.40953e-21	9/10000	True
GCA_985568115.1_idDelPlat4.microsporidian_1.1	Amblyosporidae sp. gmOTU2 SAN22000475	7	GCA_027248765.1_ASM2724876v1	Neocallimastix californiae	Neocallimastix	Neocallimastigaceae	Neocallimastigales	Neocallimastigomycetes		Neocallimastigomycota		69.9006	2.65871e-21	9/10000	True
GCA_985568115.1_idDelPlat4.microsporidian_1.1	Amblyosporidae sp. gmOTU2 SAN22000475	8	GCA_027248925.1_ASM2724892v1	Neocallimastix californiae	Neocallimastix	Neocallimastigaceae	Neocallimastigales	Neocallimastigomycetes		Neocallimastigomycota		69.9006	2.32538e-21	9/10000	True
GCA_985568115.1_idDelPlat4.microsporidian_1.1	Amblyosporidae sp. gmOTU2 SAN22000475	9	GCA_027248345.1_ASM2724834v1	Neocallimastix californiae	Neocallimastix	Neocallimastigaceae	Neocallimastigales	Neocallimastigomycetes		Neocallimastigomycota		69.3402	1.44758e-18	8/10000	True
GCA_985568115.1_idDelPlat4.microsporidian_1.1	Amblyosporidae sp. gmOTU2 SAN22000475	10	GCA_027248385.1_ASM2724838v1	Neocallimastix californiae	Neocallimastix	Neocallimastigaceae	Neocallimastigales	Neocallimastigomycetes		Neocallimastigomycota		69.3402	1.48577e-18	8/10000	True
GCA_985809255.1_idLucSpea1.microsporidian_1.1	Amblyosporidae sp. gmOTU2 SAN22000477	1	GCA_985568205.1_idTanUsma1.microsporidian_1.1	Amblyosporidae sp. gmOTU2 SAN22000472		Amblyosporidae				Microsporidia		99.3745	0	7808/10000	True
GCA_985809255.1_idLucSpea1.microsporidian_1.1	Amblyosporidae sp. gmOTU2 SAN22000477	2	GCA_985568115.1_idDelPlat4.microsporidian_1.1	Amblyosporidae sp. gmOTU2 SAN22000475		Amblyosporidae				Microsporidia		99.3044	0	7607/10000	True
GCA_985809255.1_idLucSpea1.microsporidian_1.1	Amblyosporidae sp. gmOTU2 SAN22000477	3	GCA_985568025.1_idDelPlat5.microsporidian_1.1_alternate_haplotypes	Amblyosporidae sp. gmOTU2 SAN22000478		Amblyosporidae				Microsporidia		98.5539	0	5849/10000	True
GCA_985809255.1_idLucSpea1.microsporidian_1.1	Amblyosporidae sp. gmOTU2 SAN22000477	4	GCA_984766085.1_idDelPlat3.microsporidian_1.1_alternate_haplotypes	Amblyosporidae sp. gmOTU2 SAN22000470		Amblyosporidae				Microsporidia		97.8319	0	4644/10000	True
GCA_985809255.1_idLucSpea1.microsporidian_1.1	Amblyosporidae sp. gmOTU2 SAN22000477	5	GCA_985805875.1_idMegDoli1.microsporidian_1.1	Amblyosporidae sp. gmOTU1 NHMUK015059140		Amblyosporidae				Microsporidia		69.9006	6.14028e-21	9/10000	True
GCA_985809255.1_idLucSpea1.microsporidian_1.1	Amblyosporidae sp. gmOTU2 SAN22000477	6	GCA_027248525.1_ASM2724852v1	Neocallimastix californiae	Neocallimastix	Neocallimastigaceae	Neocallimastigales	Neocallimastigomycetes		Neocallimastigomycota		69.3402	2.85582e-18	8/10000	True
GCA_985809255.1_idLucSpea1.microsporidian_1.1	Amblyosporidae sp. gmOTU2 SAN22000477	7	GCA_027248625.1_ASM2724862v1	Neocallimastix californiae	Neocallimastix	Neocallimastigaceae	Neocallimastigales	Neocallimastigomycetes		Neocallimastigomycota		68.7048	1.22353e-15	7/10000	True
GCA_985809255.1_idLucSpea1.microsporidian_1.1	Amblyosporidae sp. gmOTU2 SAN22000477	8	GCA_027248765.1_ASM2724876v1	Neocallimastix californiae	Neocallimastix	Neocallimastigaceae	Neocallimastigales	Neocallimastigomycetes		Neocallimastigomycota		68.7048	9.82749e-16	7/10000	True
GCA_985809255.1_idLucSpea1.microsporidian_1.1	Amblyosporidae sp. gmOTU2 SAN22000477	9	GCA_027248925.1_ASM2724892v1	Neocallimastix californiae	Neocallimastix	Neocallimastigaceae	Neocallimastigales	Neocallimastigomycetes		Neocallimastigomycota		68.7048	8.73639e-16	7/10000	True
GCA_985809255.1_idLucSpea1.microsporidian_1.1	Amblyosporidae sp. gmOTU2 SAN22000477	10	GCA_027248345.1_ASM2724834v1	Neocallimastix californiae	Neocallimastix	Neocallimastigaceae	Neocallimastigales	Neocallimastigomycetes		Neocallimastigomycota		67.9713	3.53518e-13	6/10000	True
GCA_985568025.1_idDelPlat5.microsporidian_1.1_alternate_haplotypes	Amblyosporidae sp. gmOTU2 SAN22000478	1	GCA_985568205.1_idTanUsma1.microsporidian_1.1	Amblyosporidae sp. gmOTU2 SAN22000472		Amblyosporidae				Microsporidia		98.6206	0	5981/10000	True
GCA_985568025.1_idDelPlat5.microsporidian_1.1_alternate_haplotypes	Amblyosporidae sp. gmOTU2 SAN22000478	2	GCA_984766085.1_idDelPlat3.microsporidian_1.1_alternate_haplotypes	Amblyosporidae sp. gmOTU2 SAN22000470		Amblyosporidae				Microsporidia		98.6061	0	5952/10000	True
GCA_985568025.1_idDelPlat5.microsporidian_1.1_alternate_haplotypes	Amblyosporidae sp. gmOTU2 SAN22000478	3	GCA_985568115.1_idDelPlat4.microsporidian_1.1	Amblyosporidae sp. gmOTU2 SAN22000475		Amblyosporidae				Microsporidia		98.5900	0	5920/10000	True
GCA_985568025.1_idDelPlat5.microsporidian_1.1_alternate_haplotypes	Amblyosporidae sp. gmOTU2 SAN22000478	4	GCA_985809255.1_idLucSpea1.microsporidian_1.1	Amblyosporidae sp. gmOTU2 SAN22000477		Amblyosporidae				Microsporidia		98.5539	0	5849/10000	True
GCA_985568025.1_idDelPlat5.microsporidian_1.1_alternate_haplotypes	Amblyosporidae sp. gmOTU2 SAN22000478	5	GCA_985805875.1_idMegDoli1.microsporidian_1.1	Amblyosporidae sp. gmOTU1 NHMUK015059140		Amblyosporidae				Microsporidia		69.9006	2.60362e-22	9/10000	True
GCA_985568025.1_idDelPlat5.microsporidian_1.1_alternate_haplotypes	Amblyosporidae sp. gmOTU2 SAN22000478	6	GCA_027248525.1_ASM2724852v1	Neocallimastix californiae	Neocallimastix	Neocallimastigaceae	Neocallimastigales	Neocallimastigomycetes		Neocallimastigomycota		69.3402	1.62259e-19	8/10000	True
GCA_985568025.1_idDelPlat5.microsporidian_1.1_alternate_haplotypes	Amblyosporidae sp. gmOTU2 SAN22000478	7	GCA_027248625.1_ASM2724862v1	Neocallimastix californiae	Neocallimastix	Neocallimastigaceae	Neocallimastigales	Neocallimastigomycetes		Neocallimastigomycota		69.3402	1.99264e-19	8/10000	True
GCA_985568025.1_idDelPlat5.microsporidian_1.1_alternate_haplotypes	Amblyosporidae sp. gmOTU2 SAN22000478	8	GCA_027248765.1_ASM2724876v1	Neocallimastix californiae	Neocallimastix	Neocallimastigaceae	Neocallimastigales	Neocallimastigomycetes		Neocallimastigomycota		69.3402	1.67453e-19	8/10000	True
GCA_985568025.1_idDelPlat5.microsporidian_1.1_alternate_haplotypes	Amblyosporidae sp. gmOTU2 SAN22000478	9	GCA_027248345.1_ASM2724834v1	Neocallimastix californiae	Neocallimastix	Neocallimastigaceae	Neocallimastigales	Neocallimastigomycetes		Neocallimastigomycota		68.7048	9.46587e-17	7/10000	True
GCA_985568025.1_idDelPlat5.microsporidian_1.1_alternate_haplotypes	Amblyosporidae sp. gmOTU2 SAN22000478	10	GCA_027248385.1_ASM2724838v1	Neocallimastix californiae	Neocallimastix	Neocallimastigaceae	Neocallimastigales	Neocallimastigomycetes		Neocallimastigomycota		68.7048	9.63628e-17	7/10000	True
GCA_985568195.1_iiMysAzur1.microsporidian_1.1_alternate_haplotypes	Amblyosporidae sp. gmOTU8 NHMUK014451618	1	GCA_037055185.1_ASM3705518v1	Capillidium rhysosporum	Capillidium	Capillidiaceae	Entomophthorales	Entomophthoromycetes		Entomophthoromycota		73.6978	3.83018e-52	20/10000	True
GCA_985568195.1_iiMysAzur1.microsporidian_1.1_alternate_haplotypes	Amblyosporidae sp. gmOTU8 NHMUK014451618	2	GCA_027248545.1_ASM2724854v1	Piromyces sp.	Piromyces	Neocallimastigaceae	Neocallimastigales	Neocallimastigomycetes		Neocallimastigomycota		72.9253	4.59152e-43	17/10000	True
GCA_985568195.1_iiMysAzur1.microsporidian_1.1_alternate_haplotypes	Amblyosporidae sp. gmOTU8 NHMUK014451618	3	GCA_027248725.1_ASM2724872v1	Piromyces sp.	Piromyces	Neocallimastigaceae	Neocallimastigales	Neocallimastigomycetes		Neocallimastigomycota		72.9253	3.39616e-43	17/10000	True
GCA_985568195.1_iiMysAzur1.microsporidian_1.1_alternate_haplotypes	Amblyosporidae sp. gmOTU8 NHMUK014451618	4	GCA_027248865.1_ASM2724886v1	Piromyces sp.	Piromyces	Neocallimastigaceae	Neocallimastigales	Neocallimastigomycetes		Neocallimastigomycota		72.9253	9.96239e-43	17/10000	True
GCA_985568195.1_iiMysAzur1.microsporidian_1.1_alternate_haplotypes	Amblyosporidae sp. gmOTU8 NHMUK014451618	5	GCA_002104945.1_Piromyces_sp._finnis_v3.0	Piromyces finnis	Piromyces	Neocallimastigaceae	Neocallimastigales	Neocallimastigomycetes		Neocallimastigomycota		72.6371	4.65506e-40	16/10000	True
GCA_985568195.1_iiMysAzur1.microsporidian_1.1_alternate_haplotypes	Amblyosporidae sp. gmOTU8 NHMUK014451618	6	GCA_027248525.1_ASM2724852v1	Neocallimastix californiae	Neocallimastix	Neocallimastigaceae	Neocallimastigales	Neocallimastigomycetes		Neocallimastigomycota		72.6371	6.73423e-40	16/10000	True
GCA_985568195.1_iiMysAzur1.microsporidian_1.1_alternate_haplotypes	Amblyosporidae sp. gmOTU8 NHMUK014451618	7	GCA_027248605.1_ASM2724860v1	Neocallimastix californiae	Neocallimastix	Neocallimastigaceae	Neocallimastigales	Neocallimastigomycetes		Neocallimastigomycota		72.6371	1.99246e-40	16/10000	True
GCA_985568195.1_iiMysAzur1.microsporidian_1.1_alternate_haplotypes	Amblyosporidae sp. gmOTU8 NHMUK014451618	8	GCA_027248765.1_ASM2724876v1	Neocallimastix californiae	Neocallimastix	Neocallimastigaceae	Neocallimastigales	Neocallimastigomycetes		Neocallimastigomycota		72.6371	7.37329e-40	16/10000	True
GCA_985568195.1_iiMysAzur1.microsporidian_1.1_alternate_haplotypes	Amblyosporidae sp. gmOTU8 NHMUK014451618	9	GCA_027248825.1_ASM2724882v1	Neocallimastix californiae	Neocallimastix	Neocallimastigaceae	Neocallimastigales	Neocallimastigomycetes		Neocallimastigomycota		72.6371	1.1602e-39	16/10000	True
GCA_985568195.1_iiMysAzur1.microsporidian_1.1_alternate_haplotypes	Amblyosporidae sp. gmOTU8 NHMUK014451618	10	GCA_027248925.1_ASM2724892v1	Neocallimastix californiae	Neocallimastix	Neocallimastigaceae	Neocallimastigales	Neocallimastigomycetes		Neocallimastigomycota		72.6371	5.62739e-40	16/10000	True
GCA_985568005.1_idChiSpeb1.microsporidian_1.1	Amblyosporidae sp. gmOTU9 SAN22000474	1	GCA_027248705.1_ASM2724870v1	Neocallimastix californiae	Neocallimastix	Neocallimastigaceae	Neocallimastigales	Neocallimastigomycetes		Neocallimastigomycota		77.7536	2.9029e-127	47/10000	True
GCA_985568005.1_idChiSpeb1.microsporidian_1.1	Amblyosporidae sp. gmOTU9 SAN22000474	2	GCA_027248785.1_ASM2724878v1	Neocallimastix californiae	Neocallimastix	Neocallimastigaceae	Neocallimastigales	Neocallimastigomycetes		Neocallimastigomycota		77.7536	1.96918e-127	47/10000	True
GCA_985568005.1_idChiSpeb1.microsporidian_1.1	Amblyosporidae sp. gmOTU9 SAN22000474	3	GCA_050613775.1_Neocon1	Neocallimastix sp. constans	Neocallimastix	Neocallimastigaceae	Neocallimastigales	Neocallimastigomycetes		Neocallimastigomycota		77.7536	4.71033e-125	47/10000	True
GCA_985568005.1_idChiSpeb1.microsporidian_1.1	Amblyosporidae sp. gmOTU9 SAN22000474	4	GCA_002104975.1_Neocallimastix_sp._G1_v1.0	Neocallimastix californiae	Neocallimastix	Neocallimastigaceae	Neocallimastigales	Neocallimastigomycetes		Neocallimastigomycota		77.6517	6.12021e-122	46/10000	True
GCA_985568005.1_idChiSpeb1.microsporidian_1.1	Amblyosporidae sp. gmOTU9 SAN22000474	5	GCA_027248525.1_ASM2724852v1	Neocallimastix californiae	Neocallimastix	Neocallimastigaceae	Neocallimastigales	Neocallimastigomycetes		Neocallimastigomycota		77.6517	2.04005e-125	46/10000	True
GCA_985568005.1_idChiSpeb1.microsporidian_1.1	Amblyosporidae sp. gmOTU9 SAN22000474	6	GCA_027248625.1_ASM2724862v1	Neocallimastix californiae	Neocallimastix	Neocallimastigaceae	Neocallimastigales	Neocallimastigomycetes		Neocallimastigomycota		77.6517	2.47099e-124	46/10000	True
GCA_985568005.1_idChiSpeb1.microsporidian_1.1	Amblyosporidae sp. gmOTU9 SAN22000474	7	GCA_027248345.1_ASM2724834v1	Neocallimastix californiae	Neocallimastix	Neocallimastigaceae	Neocallimastigales	Neocallimastigomycetes		Neocallimastigomycota		77.5475	4.55538e-121	45/10000	True
GCA_985568005.1_idChiSpeb1.microsporidian_1.1	Amblyosporidae sp. gmOTU9 SAN22000474	8	GCA_027248385.1_ASM2724838v1	Neocallimastix californiae	Neocallimastix	Neocallimastigaceae	Neocallimastigales	Neocallimastigomycetes		Neocallimastigomycota		77.5475	5.83318e-121	45/10000	True
GCA_985568005.1_idChiSpeb1.microsporidian_1.1	Amblyosporidae sp. gmOTU9 SAN22000474	9	GCA_027248425.1_ASM2724842v1	Neocallimastix californiae	Neocallimastix	Neocallimastigaceae	Neocallimastigales	Neocallimastigomycetes		Neocallimastigomycota		77.5475	1.80452e-123	45/10000	True
GCA_985568005.1_idChiSpeb1.microsporidian_1.1	Amblyosporidae sp. gmOTU9 SAN22000474	10	GCA_016946835.1_ASM1694683v1	Neocallimastix lanati	Neocallimastix	Neocallimastigaceae	Neocallimastigales	Neocallimastigomycetes		Neocallimastigomycota		77.4410	8.62386e-116	44/10000	True
GCA_964257325.1_public_SRR14721982_metabat2_bin.3	Arthoniomycetes sp.	1	GCA_000222955.2_AciTa_1.0	Epichloe typhina	Epichloe	Clavicipitaceae	Hypocreales	Sordariomycetes		Ascomycota		68.7048	6.07838e-15	7/10000	True
GCA_964257325.1_public_SRR14721982_metabat2_bin.3	Arthoniomycetes sp.	2	GCA_023658565.1_ASM2365856v1	Epichloe typhina	Epichloe	Clavicipitaceae	Hypocreales	Sordariomycetes		Ascomycota		68.7048	6.41734e-15	7/10000	True
GCA_964257325.1_public_SRR14721982_metabat2_bin.3	Arthoniomycetes sp.	3	GCA_001008265.1_ASM100826v1	Epichloe sylvatica	Epichloe	Clavicipitaceae	Hypocreales	Sordariomycetes		Ascomycota		67.9713	5.18896e-13	6/10000	True
GCA_964257325.1_public_SRR14721982_metabat2_bin.3	Arthoniomycetes sp.	4	GCA_019096155.1_ASM1909615v1	Staphylotrichum longicolle	Staphylotrichum	Chaetomiaceae	Sordariales	Sordariomycetes		Ascomycota		67.9713	1.55694e-12	6/10000	True
GCA_964257325.1_public_SRR14721982_metabat2_bin.3	Arthoniomycetes sp.	5	GCA_023658615.1_ASM2365861v1	Epichloe typhina	Epichloe	Clavicipitaceae	Hypocreales	Sordariomycetes		Ascomycota		67.9713	1.95869e-12	6/10000	True
GCA_964257325.1_public_SRR14721982_metabat2_bin.3	Arthoniomycetes sp.	6	GCA_030389615.1_ASM3038961v1	Epichloe typhina	Epichloe	Clavicipitaceae	Hypocreales	Sordariomycetes		Ascomycota		67.9713	1.85017e-12	6/10000	True
GCA_964257325.1_public_SRR14721982_metabat2_bin.3	Arthoniomycetes sp.	7	GCA_040583525.1_KAS5486_v1	Alternaria sp. KAS5486	Alternaria	Pleosporaceae	Pleosporales	Dothideomycetes		Ascomycota		67.9713	1.36082e-12	6/10000	True
GCA_964257325.1_public_SRR14721982_metabat2_bin.3	Arthoniomycetes sp.	8	GCA_046866235.1_ASM4686623v1	Epichloe typhina	Epichloe	Clavicipitaceae	Hypocreales	Sordariomycetes		Ascomycota		67.9713	5.63625e-13	6/10000	True
GCA_964257325.1_public_SRR14721982_metabat2_bin.3	Arthoniomycetes sp.	9	GCA_052819355.1_ASM5281935v1	Epichloe sylvatica	Epichloe	Clavicipitaceae	Hypocreales	Sordariomycetes		Ascomycota		67.9713	5.62954e-13	6/10000	True
GCA_964257325.1_public_SRR14721982_metabat2_bin.3	Arthoniomycetes sp.	10	GCA_001043855.1_ASM104385v1	Epichloe uncinata	Epichloe	Clavicipitaceae	Hypocreales	Sordariomycetes		Ascomycota		67.1035	4.49554e-10	5/10000	True
GCA_049996255.1_ASM4999625v1	Arthoniomycetes sp. BF10	1	GCA_020631695.1_ASM2063169v1	Trichoderma cornu-damae	Trichoderma	Hypocreaceae	Hypocreales	Sordariomycetes		Ascomycota		69.3402	1.73265e-16	8/10000	True
GCA_049996255.1_ASM4999625v1	Arthoniomycetes sp. BF10	2	GCA_000604205.2_NAFR1	Neurospora africana	Neurospora	Sordariaceae	Sordariales	Sordariomycetes		Ascomycota		68.7048	2.49544e-14	7/10000	True
GCA_049996255.1_ASM4999625v1	Arthoniomycetes sp. BF10	3	GCA_001599055.1_JCM_6961_assembly_v001	Thielaviopsis ethacetica	Thielaviopsis	Ceratocystidaceae	Microascales	Sordariomycetes		Ascomycota		68.7048	1.34835e-14	7/10000	True
GCA_049996255.1_ASM4999625v1	Arthoniomycetes sp. BF10	4	GCA_002110485.1_ASM211048v1	Emergomyces orientalis	Emergomyces	Ajellomycetaceae	Onygenales	Eurotiomycetes		Ascomycota		68.7048	2.59983e-14	7/10000	True
GCA_049996255.1_ASM4999625v1	Arthoniomycetes sp. BF10	5	GCA_004761955.1_ASM476195v1	Elsinoe australis	Elsinoe	Elsinoaceae	Myriangiales	Dothideomycetes		Ascomycota		68.7048	8.59928e-15	7/10000	True
GCA_049996255.1_ASM4999625v1	Arthoniomycetes sp. BF10	6	GCA_004761985.1_ASM476198v1	Elsinoe australis	Elsinoe	Elsinoaceae	Myriangiales	Dothideomycetes		Ascomycota		68.7048	8.56188e-15	7/10000	True
GCA_049996255.1_ASM4999625v1	Arthoniomycetes sp. BF10	7	GCA_005382375.1_ASM538237v1	Elsinoe australis	Elsinoe	Elsinoaceae	Myriangiales	Dothideomycetes		Ascomycota		68.7048	9.01243e-15	7/10000	True
GCA_049996255.1_ASM4999625v1	Arthoniomycetes sp. BF10	8	GCA_005382395.1_ASM538239v1	Elsinoe australis	Elsinoe	Elsinoaceae	Myriangiales	Dothideomycetes		Ascomycota		68.7048	9.0159e-15	7/10000	True
GCA_049996255.1_ASM4999625v1	Arthoniomycetes sp. BF10	9	GCA_005382405.1_ASM538240v1	Elsinoe australis	Elsinoe	Elsinoaceae	Myriangiales	Dothideomycetes		Ascomycota		68.7048	9.04356e-15	7/10000	True
GCA_049996255.1_ASM4999625v1	Arthoniomycetes sp. BF10	10	GCA_005382415.1_ASM538241v1	Elsinoe australis	Elsinoe	Elsinoaceae	Myriangiales	Dothideomycetes		Ascomycota		68.7048	8.96258e-15	7/10000	True
GCA_029297955.1_ASM2929795v1	Ascomycota sp.	1	GCA_964257155.1_public_SRR11456918_metabat2_merged.0	Peltigera dolichorrhiza	Peltigera	Peltigeraceae	Peltigerales	Lecanoromycetes		Ascomycota		94.9255	0	2081/10000	True
GCA_029297955.1_ASM2929795v1	Ascomycota sp.	2	GCA_022814155.1_ASM2281415v1	Peltigera leucophlebia	Peltigera	Peltigeraceae	Peltigerales	Lecanoromycetes		Ascomycota		86.5837	0	308/10000	True
GCA_029297955.1_ASM2929795v1	Ascomycota sp.	3	GCA_964257115.1_public_SRR11456915_metabat2_merged.0	Peltigera aphthosa	Peltigera	Peltigeraceae	Peltigerales	Lecanoromycetes		Ascomycota		86.0593	0	275/10000	True
GCA_029297955.1_ASM2929795v1	Ascomycota sp.	4	GCA_964256585.1_public_SRR11456917_metabat2_merged.0	Peltigera phyllidiosa	Peltigera	Peltigeraceae	Peltigerales	Lecanoromycetes		Ascomycota		83.0069	0	143/10000	True
GCA_029297955.1_ASM2929795v1	Ascomycota sp.	5	GCA_964256605.1_public_SRR11456921_metabat2_merged.0	Peltigera evansiana	Peltigera	Peltigeraceae	Peltigerales	Lecanoromycetes		Ascomycota		82.7365	0	135/10000	True
GCA_029297955.1_ASM2929795v1	Ascomycota sp.	6	GCA_964255975.1_public_SRR11456914_concoct_merged.0	Peltigera extenuata	Peltigera	Peltigeraceae	Peltigerales	Lecanoromycetes		Ascomycota		82.5229	0	129/10000	True
GCA_029297955.1_ASM2929795v1	Ascomycota sp.	7	GCA_964256015.1_public_SRR11456923_metabat2_merged.0	Peltigera hydrothyria	Peltigera	Peltigeraceae	Peltigerales	Lecanoromycetes		Ascomycota		81.7301	1.92532e-319	109/10000	True
GCA_029297955.1_ASM2929795v1	Ascomycota sp.	8	GCA_027248425.1_ASM2724842v1	Neocallimastix californiae	Neocallimastix	Neocallimastigaceae	Neocallimastigales	Neocallimastigomycetes		Neocallimastigomycota		76.4892	6.33434e-93	36/10000	True
GCA_029297955.1_ASM2929795v1	Ascomycota sp.	9	GCA_037055185.1_ASM3705518v1	Capillidium rhysosporum	Capillidium	Capillidiaceae	Entomophthorales	Entomophthoromycetes		Entomophthoromycota		76.3555	5.38379e-91	35/10000	True
GCA_029297955.1_ASM2929795v1	Ascomycota sp.	10	GCA_027248605.1_ASM2724860v1	Neocallimastix californiae	Neocallimastix	Neocallimastigaceae	Neocallimastigales	Neocallimastigomycetes		Neocallimastigomycota		75.9302	6.0456e-82	32/10000	True
GCA_029295915.1_ASM2929591v1	Ascomycota sp.	1	GCA_022661205.1_E_lata_WV-1	Eutypa lata	Eutypa	Diatrypaceae	Xylariales	Sordariomycetes		Ascomycota		98.9177	0	6621/10000	True
GCA_029295915.1_ASM2929591v1	Ascomycota sp.	2	GCA_022661675.1_E_lata_L002	Eutypa lata	Eutypa	Diatrypaceae	Xylariales	Sordariomycetes		Ascomycota		98.9134	0	6611/10000	True
GCA_029295915.1_ASM2929591v1	Ascomycota sp.	3	GCA_022661665.1_E_lata_L003	Eutypa lata	Eutypa	Diatrypaceae	Xylariales	Sordariomycetes		Ascomycota		98.9112	0	6606/10000	True
GCA_029295915.1_ASM2929591v1	Ascomycota sp.	4	GCA_022661355.1_E_lata_WB066	Eutypa lata	Eutypa	Diatrypaceae	Xylariales	Sordariomycetes		Ascomycota		98.9091	0	6601/10000	True
GCA_029295915.1_ASM2929591v1	Ascomycota sp.	5	GCA_022661615.1_E_lata_M302	Eutypa lata	Eutypa	Diatrypaceae	Xylariales	Sordariomycetes		Ascomycota		98.9056	0	6593/10000	True
GCA_029295915.1_ASM2929591v1	Ascomycota sp.	6	GCA_022661345.1_E_lata_WB115	Eutypa lata	Eutypa	Diatrypaceae	Xylariales	Sordariomycetes		Ascomycota		98.9034	0	6588/10000	True
GCA_029295915.1_ASM2929591v1	Ascomycota sp.	7	GCA_022661475.1_E_lata_OR019	Eutypa lata	Eutypa	Diatrypaceae	Xylariales	Sordariomycetes		Ascomycota		98.9025	0	6586/10000	True
GCA_029295915.1_ASM2929591v1	Ascomycota sp.	8	GCA_022661605.1_E_lata_MA002	Eutypa lata	Eutypa	Diatrypaceae	Xylariales	Sordariomycetes		Ascomycota		98.9017	0	6584/10000	True
GCA_029295915.1_ASM2929591v1	Ascomycota sp.	9	GCA_022661835.1_E_lata_B001	Eutypa lata	Eutypa	Diatrypaceae	Xylariales	Sordariomycetes		Ascomycota		98.9012	0	6583/10000	True
GCA_029295915.1_ASM2929591v1	Ascomycota sp.	10	GCA_022661735.1_E_lata_C002	Eutypa lata	Eutypa	Diatrypaceae	Xylariales	Sordariomycetes		Ascomycota		98.8973	0	6574/10000	True
GCA_029294875.1_ASM2929487v1	Ascomycota sp.	1	GCA_001006365.1_UCDDA912v1.0	Diaporthe ampelina	Diaporthe	Diaporthaceae	Diaporthales	Sordariomycetes		Ascomycota		99.2422	0	7435/10000	True
GCA_029294875.1_ASM2929487v1	Ascomycota sp.	2	GCA_014872985.1_ASM1487298v1	Diaporthe citri	Diaporthe	Diaporthaceae	Diaporthales	Sordariomycetes		Ascomycota		86.6433	0	312/10000	True
GCA_029294875.1_ASM2929487v1	Ascomycota sp.	3	GCA_014873005.1_ASM1487300v1	Diaporthe citri	Diaporthe	Diaporthaceae	Diaporthales	Sordariomycetes		Ascomycota		86.5080	0	303/10000	True
GCA_029294875.1_ASM2929487v1	Ascomycota sp.	4	GCA_013842865.1_AHAU-kiwi-Diaporthe	Diaporthe sp. NJD1	Diaporthe	Diaporthaceae	Diaporthales	Sordariomycetes		Ascomycota		86.4774	0	301/10000	True
GCA_029294875.1_ASM2929487v1	Ascomycota sp.	5	GCA_014872965.1_ASM1487296v1	Diaporthe citri	Diaporthe	Diaporthaceae	Diaporthales	Sordariomycetes		Ascomycota		86.4156	0	297/10000	True
GCA_029294875.1_ASM2929487v1	Ascomycota sp.	6	GCA_022570775.2_ASM2257077v2	Diaporthe eres	Diaporthe	Diaporthaceae	Diaporthales	Sordariomycetes		Ascomycota		86.4156	0	297/10000	True
GCA_029294875.1_ASM2929487v1	Ascomycota sp.	7	GCF_014595645.1_ASM1459564v1	Diaporthe citri	Diaporthe	Diaporthaceae	Diaporthales	Sordariomycetes		Ascomycota		86.4000	0	296/10000	True
GCA_029294875.1_ASM2929487v1	Ascomycota sp.	8	GCA_022570805.2_ASM2257080v2	Diaporthe eres	Diaporthe	Diaporthaceae	Diaporthales	Sordariomycetes		Ascomycota		86.3843	0	295/10000	True
GCA_029294875.1_ASM2929487v1	Ascomycota sp.	9	GCA_040285485.1_ASM4028548v1	Diaporthe eres	Diaporthe	Diaporthaceae	Diaporthales	Sordariomycetes		Ascomycota		86.3686	0	294/10000	True
GCA_029294875.1_ASM2929487v1	Ascomycota sp.	10	GCA_024867555.1_ASM2486755v1	Diaporthe eres	Diaporthe	Diaporthaceae	Diaporthales	Sordariomycetes		Ascomycota		86.3529	0	293/10000	True
GCA_029293645.1_ASM2929364v1	Ascomycota sp.	1	GCA_029293605.1_ASM2929360v1	Herpotrichiellaceae sp.		Herpotrichiellaceae	Chaetothyriales	Eurotiomycetes		Ascomycota		89.7732	0	620/10000	True
GCA_029293645.1_ASM2929364v1	Ascomycota sp.	2	GCA_029293655.1_ASM2929365v1	Herpotrichiellaceae sp.		Herpotrichiellaceae	Chaetothyriales	Eurotiomycetes		Ascomycota		88.9281	0	514/10000	True
GCA_029293645.1_ASM2929364v1	Ascomycota sp.	3	GCA_059750515.1_gfCorCape2_p1.1	Cortinarius caperatus	Cortinarius	Cortinariaceae	Agaricales	Agaricomycetes		Basidiomycota		69.3402	8.56108e-23	8/10000	True
GCA_029293645.1_ASM2929364v1	Ascomycota sp.	4	GCA_027579115.1_UCR_CojaNBRC105414_1.0	Coemansia javaensis	Coemansia	Kickxellaceae	Kickxellales	Kickxellomycetes		Kickxellomycota		66.0414	3.79167e-11	4/10000	True
GCA_029293645.1_ASM2929364v1	Ascomycota sp.	5	GCA_000167015.1_ASM16701v1	Naumovozyma castellii	Naumovozyma	Saccharomycetaceae	Saccharomycetales	Saccharomycetes		Ascomycota		64.6720	2.46084e-08	3/10000	True
GCA_029293645.1_ASM2929364v1	Ascomycota sp.	6	GCA_000223625.2_ASM22362v2	Zymoseptoria tritici	Zymoseptoria	Mycosphaerellaceae	Mycosphaerellales	Dothideomycetes		Ascomycota		64.6720	3.83797e-08	3/10000	True
GCA_029293645.1_ASM2929364v1	Ascomycota sp.	7	GCA_002236545.2_COLS.long	Dothistroma septosporum	Dothistroma	Mycosphaerellaceae	Mycosphaerellales	Dothideomycetes		Ascomycota		64.6720	3.85658e-08	3/10000	True
GCA_029293645.1_ASM2929364v1	Ascomycota sp.	8	GCA_002236645.2_COLN.long	Dothistroma septosporum	Dothistroma	Mycosphaerellaceae	Mycosphaerellales	Dothideomycetes		Ascomycota		64.6720	3.85161e-08	3/10000	True
GCA_029293645.1_ASM2929364v1	Ascomycota sp.	9	GCA_002236745.2_GRE1.long	Dothistroma septosporum	Dothistroma	Mycosphaerellaceae	Mycosphaerellales	Dothideomycetes		Ascomycota		64.6720	3.95348e-08	3/10000	True
GCA_029293645.1_ASM2929364v1	Ascomycota sp.	10	GCA_002236925.2_GUA2.long	Dothistroma septosporum	Dothistroma	Mycosphaerellaceae	Mycosphaerellales	Dothideomycetes		Ascomycota		64.6720	3.96312e-08	3/10000	True
GCA_029302335.1_ASM2930233v1	Ascomycota sp.	1	GCA_029302105.1_ASM2930210v1	Ascomycota sp.						Ascomycota		82.9074	0	140/10000	True
GCA_029302335.1_ASM2930233v1	Ascomycota sp.	2	GCA_002844615.3_ASM284461v3	Cercospora zeina	Cercospora	Mycosphaerellaceae	Mycosphaerellales	Dothideomycetes		Ascomycota		67.1035	8.78246e-13	5/10000	True
GCA_029302335.1_ASM2930233v1	Ascomycota sp.	3	GCA_022559915.2_ASM2255991v2	Septoria petroselini	Septoria	Mycosphaerellaceae	Mycosphaerellales	Dothideomycetes		Ascomycota		67.1035	6.91977e-13	5/10000	True
GCA_029302335.1_ASM2930233v1	Ascomycota sp.	4	GCA_022702355.1_ASM2270235v1	Cercospora zeina	Cercospora	Mycosphaerellaceae	Mycosphaerellales	Dothideomycetes		Ascomycota		67.1035	8.82346e-13	5/10000	True
GCA_029302335.1_ASM2930233v1	Ascomycota sp.	5	GCA_029490675.1_ASM2949067v1	Cercospora nicotianae	Cercospora	Mycosphaerellaceae	Mycosphaerellales	Dothideomycetes		Ascomycota		67.1035	8.2524e-13	5/10000	True
GCA_029302335.1_ASM2930233v1	Ascomycota sp.	6	GCA_036320695.1_ASM3632069v1	Elasticomyces elasticus	Elasticomyces	Teratosphaeriaceae	Mycosphaerellales	Dothideomycetes		Ascomycota		67.1035	7.14389e-13	5/10000	True
GCA_029302335.1_ASM2930233v1	Ascomycota sp.	7	GCA_051311975.2_ASM5131197v2	Dothideomycetes sp. EMM_F3				Dothideomycetes		Ascomycota		67.1035	6.03087e-13	5/10000	True
GCA_029302335.1_ASM2930233v1	Ascomycota sp.	8	GCA_000710705.2_ASM71070v2	Sporothrix pallida	Sporothrix	Ophiostomataceae	Ophiostomatales	Sordariomycetes		Ascomycota		66.0414	4.14658e-10	4/10000	True
GCA_029302335.1_ASM2930233v1	Ascomycota sp.	9	GCA_002994015.1_CNIC01	Cercospora nicotianae	Cercospora	Mycosphaerellaceae	Mycosphaerellales	Dothideomycetes		Ascomycota		66.0414	3.877e-10	4/10000	True
GCA_029302335.1_ASM2930233v1	Ascomycota sp.	10	GCA_003698115.1_ASM369811v1	Aspergillus sp. HF37	Aspergillus	Aspergillaceae	Eurotiales	Eurotiomycetes		Ascomycota		66.0414	2.82171e-10	4/10000	True
GCA_029302195.1_ASM2930219v1	Ascomycota sp.	1	GCA_030789025.1_ASM3078902v1	Arthroderma sp. MBC 961	Arthroderma	Arthrodermataceae	Onygenales	Eurotiomycetes		Ascomycota		66.0414	4.79068e-11	4/10000	True
GCA_029302195.1_ASM2930219v1	Ascomycota sp.	2	GCA_032351835.1_ASM3235183v1	Arthroderma sp. MBC 293	Arthroderma	Arthrodermataceae	Onygenales	Eurotiomycetes		Ascomycota		66.0414	4.79674e-11	4/10000	True
GCA_029302195.1_ASM2930219v1	Ascomycota sp.	3	GCA_001414345.1_H_infarciens_v1	Hymenoscyphus infarciens	Hymenoscyphus	Helotiaceae	Helotiales	Leotiomycetes		Ascomycota		64.6720	4.0894e-08	3/10000	True
GCA_029302195.1_ASM2930219v1	Ascomycota sp.	4	GCA_002909645.1_ASM290964v1	Monilinia polystroma	Monilinia	Sclerotiniaceae	Helotiales	Leotiomycetes		Ascomycota		64.6720	3.84003e-08	3/10000	True
GCA_029302195.1_ASM2930219v1	Ascomycota sp.	5	GCA_003693665.1_ASM369366v1	Chaetothyriales sp. CBS 134920			Chaetothyriales	Eurotiomycetes		Ascomycota		64.6720	3.13605e-08	3/10000	True
GCA_029302195.1_ASM2930219v1	Ascomycota sp.	6	GCA_003705735.3_ASM370573v3	Blastobotrys peoriensis	Blastobotrys	Trichomonascaceae	Dipodascales	Dipodascomycetes		Ascomycota		64.6720	2.64913e-08	3/10000	True
GCA_029302195.1_ASM2930219v1	Ascomycota sp.	7	GCA_003709845.1_ASM370984v1	Chaetothyriales sp. CBS 134916			Chaetothyriales	Eurotiomycetes		Ascomycota		64.6720	3.3892e-08	3/10000	True
GCA_029302195.1_ASM2930219v1	Ascomycota sp.	8	GCA_007735645.1_ASM773564v1	Venturia effusa	Venturia	Venturiaceae	Venturiales	Dothideomycetes		Ascomycota		64.6720	3.8555e-08	3/10000	True
GCA_029302195.1_ASM2930219v1	Ascomycota sp.	9	GCA_011750745.1_ASM1175074v1	Drepanopeziza brunnea	Drepanopeziza	Drepanopezizaceae	Helotiales	Leotiomycetes		Ascomycota		64.6720	3.94064e-08	3/10000	True
GCA_029302195.1_ASM2930219v1	Ascomycota sp.	10	GCA_015148035.1_ASM1514803v1	Botrytis cinerea	Botrytis	Sclerotiniaceae	Helotiales	Leotiomycetes		Ascomycota		64.6720	3.77796e-08	3/10000	True
GCA_029302095.1_ASM2930209v1	Ascomycota sp.	1	GCA_043230705.1_ASM4323070v1	Aureobasidium pullulans	Aureobasidium	Saccotheciaceae	Dothideales	Dothideomycetes		Ascomycota		67.9713	3.25933e-14	6/10000	True
GCA_029302095.1_ASM2930209v1	Ascomycota sp.	2	GCA_053477205.1_ASM5347720v1	Trichoderma deliquescens	Trichoderma	Hypocreaceae	Hypocreales	Sordariomycetes		Ascomycota		67.9713	4.06391e-14	6/10000	True
GCA_029302095.1_ASM2930209v1	Ascomycota sp.	3	GCA_059628705.1_ASM5962870v1	Trichoderma sp. MP4_LABAP	Trichoderma	Hypocreaceae	Hypocreales	Sordariomycetes		Ascomycota		67.9713	4.52986e-14	6/10000	True
GCA_029302095.1_ASM2930209v1	Ascomycota sp.	4	GCA_000294735.1_ASM29473v1	Aureobasidium pullulans	Aureobasidium	Saccotheciaceae	Dothideales	Dothideomycetes		Ascomycota		67.1035	9.60414e-12	5/10000	True
GCA_029302095.1_ASM2930209v1	Ascomycota sp.	5	GCA_000421905.1_TinflatumV1	Tolypocladium inflatum	Tolypocladium	Ophiocordycipitaceae	Hypocreales	Sordariomycetes		Ascomycota		67.1035	1.1351e-11	5/10000	True
GCA_029302095.1_ASM2930209v1	Ascomycota sp.	6	GCA_000750145.2_ASM75014v2	Tolypocladium sp. Salcha MEA-2	Tolypocladium	Ophiocordycipitaceae	Hypocreales	Sordariomycetes		Ascomycota		67.1035	1.16353e-11	5/10000	True
GCA_029302095.1_ASM2930209v1	Ascomycota sp.	7	GCA_003945565.1_ASM394556v1	Tolypocladium inflatum	Tolypocladium	Ophiocordycipitaceae	Hypocreales	Sordariomycetes		Ascomycota		67.1035	1.20357e-11	5/10000	True
GCA_029302095.1_ASM2930209v1	Ascomycota sp.	8	GCA_003945665.1_ASM394566v1	Tolypocladium inflatum	Tolypocladium	Ophiocordycipitaceae	Hypocreales	Sordariomycetes		Ascomycota		67.1035	1.1788e-11	5/10000	True
GCA_029302095.1_ASM2930209v1	Ascomycota sp.	9	GCA_003945705.1_ASM394570v1	Tolypocladium inflatum	Tolypocladium	Ophiocordycipitaceae	Hypocreales	Sordariomycetes		Ascomycota		67.1035	1.19401e-11	5/10000	True
GCA_029302095.1_ASM2930209v1	Ascomycota sp.	10	GCA_004195255.1_ASM419525v1	Tolypocladium inflatum	Tolypocladium	Ophiocordycipitaceae	Hypocreales	Sordariomycetes		Ascomycota		67.1035	1.18807e-11	5/10000	True
GCA_029302105.1_ASM2930210v1	Ascomycota sp.	1	GCA_029302335.1_ASM2930233v1	Ascomycota sp.						Ascomycota		82.9074	0	140/10000	True
GCA_029302105.1_ASM2930210v1	Ascomycota sp.	2	GCA_010093825.1_Ternu1	Teratosphaeria nubilosa	Teratosphaeria	Teratosphaeriaceae	Mycosphaerellales	Dothideomycetes		Ascomycota		67.9713	4.25203e-14	6/10000	True
GCA_029302105.1_ASM2930210v1	Ascomycota sp.	3	GCA_033675295.1_ASM3367529v1	Vermiconidia calcicola	Vermiconidia	Extremaceae	Mycosphaerellales	Dothideomycetes		Ascomycota		67.9713	1.05111e-13	6/10000	True
GCA_029302105.1_ASM2930210v1	Ascomycota sp.	4	GCA_049996275.1_ASM4999627v1	Teratosphaeriaceae sp. BF9		Teratosphaeriaceae	Mycosphaerellales	Dothideomycetes		Ascomycota		67.1035	2.20157e-11	5/10000	True
GCA_029302105.1_ASM2930210v1	Ascomycota sp.	5	GCA_001553865.1_ASM155386v1	Cladosporium sp. BSL10	Cladosporium	Cladosporiaceae	Cladosporiales	Dothideomycetes		Ascomycota		66.0414	4.52845e-09	4/10000	True
GCA_029302105.1_ASM2930210v1	Ascomycota sp.	6	GCA_002116395.1_ASM211639v1	Ramularia endophylla	Ramularia	Mycosphaerellaceae	Mycosphaerellales	Dothideomycetes		Ascomycota		66.0414	5.59415e-09	4/10000	True
GCA_029302105.1_ASM2930210v1	Ascomycota sp.	7	GCA_002249775.1_ASM224977v1	Colletotrichum coccodes	Colletotrichum	Glomerellaceae	Glomerellales	Sordariomycetes		Ascomycota		66.0414	6.70291e-09	4/10000	True
GCA_029302105.1_ASM2930210v1	Ascomycota sp.	8	GCA_013365195.1_ASM1336519v1	Cercospora citrullina	Cercospora	Mycosphaerellaceae	Mycosphaerellales	Dothideomycetes		Ascomycota		66.0414	4.63856e-09	4/10000	True
GCA_029302105.1_ASM2930210v1	Ascomycota sp.	9	GCA_019923975.1_ASM1992397v1	Aureobasidium melanogenum	Aureobasidium	Saccotheciaceae	Dothideales	Dothideomycetes		Ascomycota		66.0414	3.81234e-09	4/10000	True
GCA_029302105.1_ASM2930210v1	Ascomycota sp.	10	GCA_022419385.1_ASM2241938v1	Paraconiothyrium sp. Pb-2020	Paraconiothyrium	Didymosphaeriaceae	Pleosporales	Dothideomycetes		Ascomycota		66.0414	5.60281e-09	4/10000	True
GCA_029300655.1_ASM2930065v1	Ascomycota sp.	1	GCA_964254685.1_public_SRR1531517_concoct_bin.16	Dibaeis baeomyces	Dibaeis	Icmadophilaceae	Pertusariales	Lecanoromycetes		Ascomycota		99.9383	0	9746/10000	True
GCA_029300655.1_ASM2930065v1	Ascomycota sp.	2	GCA_964255195.1_public_SRR14722288_metabat2_bin.3	Dibaeis sorediata	Dibaeis	Icmadophilaceae	Pertusariales	Lecanoromycetes		Ascomycota		90.0665	0	662/10000	True
GCA_029300655.1_ASM2930065v1	Ascomycota sp.	3	GCA_022814295.1_ASM2281429v1	Icmadophila ericetorum	Icmadophila	Icmadophilaceae	Pertusariales	Lecanoromycetes		Ascomycota		76.9890	1.3911e-104	40/10000	True
GCA_029300655.1_ASM2930065v1	Ascomycota sp.	4	GCA_937857975.1_SRR13685159_bin.72_CONCOCT_v1.1_MAG	Icmadophila ericetorum	Icmadophila	Icmadophilaceae	Pertusariales	Lecanoromycetes		Ascomycota		75.6239	7.26849e-81	30/10000	True
GCA_029300655.1_ASM2930065v1	Ascomycota sp.	5	GCA_027248425.1_ASM2724842v1	Neocallimastix californiae	Neocallimastix	Neocallimastigaceae	Neocallimastigales	Neocallimastigomycetes		Neocallimastigomycota		69.3402	5.18023e-16	8/10000	True
GCA_029300655.1_ASM2930065v1	Ascomycota sp.	6	GCA_027248705.1_ASM2724870v1	Neocallimastix californiae	Neocallimastix	Neocallimastigaceae	Neocallimastigales	Neocallimastigomycetes		Neocallimastigomycota		69.3402	2.12078e-15	8/10000	True
GCA_029300655.1_ASM2930065v1	Ascomycota sp.	7	GCA_027248345.1_ASM2724834v1	Neocallimastix californiae	Neocallimastix	Neocallimastigaceae	Neocallimastigales	Neocallimastigomycetes		Neocallimastigomycota		68.7048	3.06636e-13	7/10000	True
GCA_029300655.1_ASM2930065v1	Ascomycota sp.	8	GCA_027248545.1_ASM2724854v1	Piromyces sp.	Piromyces	Neocallimastigaceae	Neocallimastigales	Neocallimastigomycetes		Neocallimastigomycota		68.7048	8.72867e-14	7/10000	True
GCA_029300655.1_ASM2930065v1	Ascomycota sp.	9	GCA_027248605.1_ASM2724860v1	Neocallimastix californiae	Neocallimastix	Neocallimastigaceae	Neocallimastigales	Neocallimastigomycetes		Neocallimastigomycota		68.7048	5.57977e-14	7/10000	True
GCA_029300655.1_ASM2930065v1	Ascomycota sp.	10	GCA_027248625.1_ASM2724862v1	Neocallimastix californiae	Neocallimastix	Neocallimastigaceae	Neocallimastigales	Neocallimastigomycetes		Neocallimastigomycota		68.7048	2.80309e-13	7/10000	True
GCA_029300615.1_ASM2930061v1	Ascomycota sp.	1	GCA_964255575.1_public_SRR1531545_concoct_bin.10	Leptogium austroamericanum	Leptogium	Collemataceae	Peltigerales	Lecanoromycetes		Ascomycota		99.4461	0	8021/10000	True
GCA_029300615.1_ASM2930061v1	Ascomycota sp.	2	GCA_964256315.1_public_SRR14722197_metabat2_bin.3	Leptogium corticola	Leptogium	Collemataceae	Peltigerales	Lecanoromycetes		Ascomycota		82.5229	0	129/10000	True
GCA_029300615.1_ASM2930061v1	Ascomycota sp.	3	GCA_964254935.1_public_SRR14722145_metabat2_bin.10	Leptogium chloromelum	Leptogium	Collemataceae	Peltigerales	Lecanoromycetes		Ascomycota		80.6669	7.46425e-270	87/10000	True
GCA_029300615.1_ASM2930061v1	Ascomycota sp.	4	GCA_023623355.1_ASM2362335v1	Lodderomyces elongisporus	Lodderomyces	Debaryomycetaceae	Serinales	Pichiomycetes		Ascomycota		72.3303	2.55895e-37	15/10000	True
GCA_029300615.1_ASM2930061v1	Ascomycota sp.	5	GCA_054643025.1_ASM5464302v1	Lodderomyces elongisporus	Lodderomyces	Debaryomycetaceae	Serinales	Pichiomycetes		Ascomycota		72.0022	8.3218e-35	14/10000	True
GCA_029300615.1_ASM2930061v1	Ascomycota sp.	6	GCA_027248625.1_ASM2724862v1	Neocallimastix californiae	Neocallimastix	Neocallimastigaceae	Neocallimastigales	Neocallimastigomycetes		Neocallimastigomycota		71.6498	3.21124e-28	13/10000	True
GCA_029300615.1_ASM2930061v1	Ascomycota sp.	7	GCA_030582535.1_ASM3058253v1	Insectozyma bohioensis	Insectozyma	Debaryomycetaceae	Serinales	Pichiomycetes		Ascomycota		71.2691	2.76737e-29	12/10000	True
GCA_029300615.1_ASM2930061v1	Ascomycota sp.	8	GCA_037041595.1_ASM3704159v1	Lodderomyces elongisporus	Lodderomyces	Debaryomycetaceae	Serinales	Pichiomycetes		Ascomycota		71.2691	4.78329e-30	12/10000	True
GCA_029300615.1_ASM2930061v1	Ascomycota sp.	9	GCA_037042335.1_ASM3704233v1	Lodderomyces elongisporus	Lodderomyces	Debaryomycetaceae	Serinales	Pichiomycetes		Ascomycota		71.2691	1.02707e-29	12/10000	True
GCA_029300615.1_ASM2930061v1	Ascomycota sp.	10	GCF_030384665.1_ASM3038466v1	Lodderomyces elongisporus	Lodderomyces	Debaryomycetaceae	Serinales	Pichiomycetes		Ascomycota		71.2691	3.01315e-29	12/10000	True
GCA_029300415.1_ASM2930041v1	Ascomycota sp.	1	GCA_964256975.1_public_SRR1531569_concoct_bin.26	Peltula cylindrica	Peltula	Phylliscaceae	Lichinales	Lichinomycetes		Ascomycota		99.7898	0	9172/10000	True
GCA_029300415.1_ASM2930041v1	Ascomycota sp.	2	GCA_026054615.1_ASM2605461v1	Peltula sp. TS41687	Peltula	Phylliscaceae	Lichinales	Lichinomycetes		Ascomycota		79.7067	1.33808e-213	71/10000	True
GCA_029300415.1_ASM2930041v1	Ascomycota sp.	3	GCA_058225185.1_ASM5822518v1	Sphaerulina musiva	Sphaerulina	Mycosphaerellaceae	Mycosphaerellales	Dothideomycetes		Ascomycota		70.8553	2.58756e-25	11/10000	True
GCA_029300415.1_ASM2930041v1	Ascomycota sp.	4	GCA_058225095.1_ASM5822509v1	Sphaerulina musiva	Sphaerulina	Mycosphaerellaceae	Mycosphaerellales	Dothideomycetes		Ascomycota		69.9006	3.81029e-20	9/10000	True
GCA_029300415.1_ASM2930041v1	Ascomycota sp.	5	GCA_001990665.1_ASM199066v1	Trichoderma harzianum	Trichoderma	Hypocreaceae	Hypocreales	Sordariomycetes		Ascomycota		69.3402	3.13889e-17	8/10000	True
GCA_029300415.1_ASM2930041v1	Ascomycota sp.	6	GCA_002838845.1_ASM283884v1	Trichoderma harzianum	Trichoderma	Hypocreaceae	Hypocreales	Sordariomycetes		Ascomycota		69.3402	3.13477e-17	8/10000	True
GCA_029300415.1_ASM2930041v1	Ascomycota sp.	7	GCA_014468695.1_ASM1446869v1	Trichoderma lixii	Trichoderma	Hypocreaceae	Hypocreales	Sordariomycetes		Ascomycota		69.3402	3.11239e-17	8/10000	True
GCA_029300415.1_ASM2930041v1	Ascomycota sp.	8	GCA_019393575.1_T_har_P49P11.v1	Trichoderma harzianum	Trichoderma	Hypocreaceae	Hypocreales	Sordariomycetes		Ascomycota		69.3402	3.39955e-17	8/10000	True
GCA_029300415.1_ASM2930041v1	Ascomycota sp.	9	GCA_022788495.1_ASM2278849v1	Trichoderma harzianum	Trichoderma	Hypocreaceae	Hypocreales	Sordariomycetes		Ascomycota		69.3402	2.76747e-17	8/10000	True
GCA_029300415.1_ASM2930041v1	Ascomycota sp.	10	GCA_025502635.1_ASM2550263v1	Trichoderma harzianum	Trichoderma	Hypocreaceae	Hypocreales	Sordariomycetes		Ascomycota		69.3402	3.19775e-17	8/10000	True
GCA_029300195.1_ASM2930019v1	Ascomycota sp.	1	GCA_964256995.1_public_SRR1532736_concoct_bin.13	Physcia stellaris	Physcia	Physciaceae	Caliciales	Lecanoromycetes		Ascomycota		98.6543	0	6049/10000	True
GCA_029300195.1_ASM2930019v1	Ascomycota sp.	2	GCA_018902385.1_ASM1890238v1	Physcia stellaris	Physcia	Physciaceae	Caliciales	Lecanoromycetes		Ascomycota		95.0610	0	2154/10000	True
GCA_029300195.1_ASM2930019v1	Ascomycota sp.	3	GCA_964257135.1_public_SRR12240183_metabat2_bin.10	Physcia biziana	Physcia	Physciaceae	Caliciales	Lecanoromycetes		Ascomycota		91.6043	0	938/10000	True
GCA_029300195.1_ASM2930019v1	Ascomycota sp.	4	GCA_937840595.1_SRR12240183_bin.19_CONCOCT_v1.1_MAG	Physcia sp.	Physcia	Physciaceae	Caliciales	Lecanoromycetes		Ascomycota		91.5576	0	928/10000	True
GCA_029300195.1_ASM2930019v1	Ascomycota sp.	5	GCA_964254765.1_public_SRR14722133_metabat2_bin.2	Polyblastidium hypoleucum	Polyblastidium	Physciaceae	Caliciales	Lecanoromycetes		Ascomycota		72.6371	9.76958e-39	16/10000	True
GCA_029300195.1_ASM2930019v1	Ascomycota sp.	6	GCA_937857265.1_SRR13685176_bin.20_CONCOCT_v1.1_MAG	Heterodermia sp.	Heterodermia	Physciaceae	Caliciales	Lecanoromycetes		Ascomycota		72.0022	3.11104e-33	14/10000	True
GCA_029300195.1_ASM2930019v1	Ascomycota sp.	7	GCA_964255435.1_public_SRR14722316_metabat2_bin.4	Heterodermia echinata	Heterodermia	Physciaceae	Caliciales	Lecanoromycetes		Ascomycota		72.0022	3.20542e-33	14/10000	True
GCA_029300195.1_ASM2930019v1	Ascomycota sp.	8	GCA_964256615.1_public_SRR12240181_metabat2_bin.5	Rinodina sp.	Rinodina	Physciaceae	Caliciales	Lecanoromycetes		Ascomycota		71.6498	2.83983e-30	13/10000	True
GCA_029300195.1_ASM2930019v1	Ascomycota sp.	9	GCA_964257475.1_public_SRR14722005_metabat2_bin.1	Heterodermia neglecta	Heterodermia	Physciaceae	Caliciales	Lecanoromycetes		Ascomycota		71.2691	6.26202e-28	12/10000	True
GCA_029300195.1_ASM2930019v1	Ascomycota sp.	10	GCA_964257495.1_public_SRR14722017_metabat2_bin.2	Polyblastidium squamulosum	Polyblastidium	Physciaceae	Caliciales	Lecanoromycetes		Ascomycota		71.2691	8.29394e-28	12/10000	True
GCA_029303315.1_ASM2930331v1	Ascomycota sp.	1	GCA_023627875.1_ASM2362787v1	Geotrichum candidum	Geotrichum	Dipodascaceae	Dipodascales	Dipodascomycetes		Ascomycota		99.5304	0	8283/10000	True
GCA_029303315.1_ASM2930331v1	Ascomycota sp.	2	GCA_019450175.1_ASM1945017v1	Geotrichum candidum	Geotrichum	Dipodascaceae	Dipodascales	Dipodascomycetes		Ascomycota		99.4158	0	7930/10000	True
GCA_029303315.1_ASM2930331v1	Ascomycota sp.	3	GCA_013305595.1_LMA-317_V2	Geotrichum candidum	Geotrichum	Dipodascaceae	Dipodascales	Dipodascomycetes		Ascomycota		99.3943	0	7866/10000	True
GCA_029303315.1_ASM2930331v1	Ascomycota sp.	4	GCA_054124675.1_ASM5412467v1	Geotrichum candidum	Geotrichum	Dipodascaceae	Dipodascales	Dipodascomycetes		Ascomycota		99.3473	0	7729/10000	True
GCA_029303315.1_ASM2930331v1	Ascomycota sp.	5	GCA_013365065.1_LMA-1028_V2	Geotrichum candidum	Geotrichum	Dipodascaceae	Dipodascales	Dipodascomycetes		Ascomycota		99.1354	0	7152/10000	True
GCA_029303315.1_ASM2930331v1	Ascomycota sp.	6	GCA_054125655.1_ASM5412565v1	Geotrichum candidum	Geotrichum	Dipodascaceae	Dipodascales	Dipodascomycetes		Ascomycota		99.1029	0	7069/10000	True
GCA_029303315.1_ASM2930331v1	Ascomycota sp.	7	GCA_023629735.1_ASM2362973v1	Geotrichum candidum	Geotrichum	Dipodascaceae	Dipodascales	Dipodascomycetes		Ascomycota		99.0610	0	6964/10000	True
GCA_029303315.1_ASM2930331v1	Ascomycota sp.	8	GCA_054122455.1_ASM5412245v1	Geotrichum candidum	Geotrichum	Dipodascaceae	Dipodascales	Dipodascomycetes		Ascomycota		99.0460	0	6927/10000	True
GCA_029303315.1_ASM2930331v1	Ascomycota sp.	9	GCA_023629795.1_ASM2362979v1	Geotrichum candidum	Geotrichum	Dipodascaceae	Dipodascales	Dipodascomycetes		Ascomycota		99.0432	0	6920/10000	True
GCA_029303315.1_ASM2930331v1	Ascomycota sp.	10	GCA_025234805.1_LMA-563_1	Geotrichum candidum	Geotrichum	Dipodascaceae	Dipodascales	Dipodascomycetes		Ascomycota		99.0399	0	6912/10000	True
GCA_029300035.1_ASM2930003v1	Ascomycota sp.	1	GCA_937873075.1_SRR1562005_bin.67_CONCOCT_v1.1_MAG	uncultured Hypocreales			Hypocreales	Sordariomycetes		Ascomycota		97.9766	0	4857/10000	True
GCA_029300035.1_ASM2930003v1	Ascomycota sp.	2	GCA_003012175.1_Trichothecium_roseum_DAOM197141_TROSE1_contigs	Trichothecium roseum	Trichothecium		Hypocreales	Sordariomycetes		Ascomycota		97.5615	0	4278/10000	True
GCA_029300035.1_ASM2930003v1	Ascomycota sp.	3	GCA_022701375.1_ASM2270137v1	Trichothecium roseum	Trichothecium		Hypocreales	Sordariomycetes		Ascomycota		97.3343	0	3999/10000	True
GCA_029300035.1_ASM2930003v1	Ascomycota sp.	4	GCA_003012185.1_Trichothecium_roseum_DAOM195227_TROSE_contigs	Trichothecium roseum	Trichothecium		Hypocreales	Sordariomycetes		Ascomycota		97.3258	0	3989/10000	True
GCA_029300035.1_ASM2930003v1	Ascomycota sp.	5	GCA_003012095.1_Trichothecium_roseum_K7_1_TROSE2_contigs	Trichothecium roseum	Trichothecium		Hypocreales	Sordariomycetes		Ascomycota		96.8021	0	3431/10000	True
GCA_029300035.1_ASM2930003v1	Ascomycota sp.	6	GCA_026184415.1_ASM2618441v1	Trichothecium roseum	Trichothecium		Hypocreales	Sordariomycetes		Ascomycota		92.9082	0	1271/10000	True
GCA_029300035.1_ASM2930003v1	Ascomycota sp.	7	GCA_003012195.1_Spicellum_ovalisporum_DAOM186447_SOVAL_contigs	Trichothecium ovalisporum	Trichothecium		Hypocreales	Sordariomycetes		Ascomycota		76.7457	1.34991e-107	38/10000	True
GCA_029300035.1_ASM2930003v1	Ascomycota sp.	8	GCA_003012115.1_Spicellum_roseum_DAOM209012_SROSE_contigs	Trichothecium sympodiale	Trichothecium		Hypocreales	Sordariomycetes		Ascomycota		76.4892	5.467e-101	36/10000	True
GCA_029300035.1_ASM2930003v1	Ascomycota sp.	9	GCA_003055955.1_ASM305595v1	Escovopsis sp. AC	Escovopsis	Hypocreaceae	Hypocreales	Sordariomycetes		Ascomycota		71.6498	4.53196e-32	13/10000	True
GCA_029300035.1_ASM2930003v1	Ascomycota sp.	10	GCA_000750105.3_ASM75010v3	Tolypocladium sp. Sup5 PDA-1	Tolypocladium	Ophiocordycipitaceae	Hypocreales	Sordariomycetes		Ascomycota		71.2691	9.44092e-29	12/10000	True
GCA_029300015.1_ASM2930001v1	Ascomycota sp.	1	GCA_022701375.1_ASM2270137v1	Trichothecium roseum	Trichothecium		Hypocreales	Sordariomycetes		Ascomycota		94.0255	0	1663/10000	True
GCA_029300015.1_ASM2930001v1	Ascomycota sp.	2	GCA_003012175.1_Trichothecium_roseum_DAOM197141_TROSE1_contigs	Trichothecium roseum	Trichothecium		Hypocreales	Sordariomycetes		Ascomycota		94.0181	0	1660/10000	True
GCA_029300015.1_ASM2930001v1	Ascomycota sp.	3	GCA_937873075.1_SRR1562005_bin.67_CONCOCT_v1.1_MAG	uncultured Hypocreales			Hypocreales	Sordariomycetes		Ascomycota		94.0181	0	1660/10000	True
GCA_029300015.1_ASM2930001v1	Ascomycota sp.	4	GCA_003012185.1_Trichothecium_roseum_DAOM195227_TROSE_contigs	Trichothecium roseum	Trichothecium		Hypocreales	Sordariomycetes		Ascomycota		94.0156	0	1659/10000	True
GCA_029300015.1_ASM2930001v1	Ascomycota sp.	5	GCA_003012095.1_Trichothecium_roseum_K7_1_TROSE2_contigs	Trichothecium roseum	Trichothecium		Hypocreales	Sordariomycetes		Ascomycota		93.2206	0	1369/10000	True
GCA_029300015.1_ASM2930001v1	Ascomycota sp.	6	GCA_026184415.1_ASM2618441v1	Trichothecium roseum	Trichothecium		Hypocreales	Sordariomycetes		Ascomycota		89.3635	0	566/10000	True
GCA_029300015.1_ASM2930001v1	Ascomycota sp.	7	GCA_003012195.1_Spicellum_ovalisporum_DAOM186447_SOVAL_contigs	Trichothecium ovalisporum	Trichothecium		Hypocreales	Sordariomycetes		Ascomycota		72.6371	4.93477e-45	16/10000	True
GCA_029300015.1_ASM2930001v1	Ascomycota sp.	8	GCA_003012115.1_Spicellum_roseum_DAOM209012_SROSE_contigs	Trichothecium sympodiale	Trichothecium		Hypocreales	Sordariomycetes		Ascomycota		72.3303	7.46311e-42	15/10000	True
GCA_029300015.1_ASM2930001v1	Ascomycota sp.	9	GCA_051527935.1_YNP10	Amphichorda felina	Amphichorda	Bionectriaceae	Hypocreales	Sordariomycetes		Ascomycota		70.4019	9.07584e-27	10/10000	True
GCA_029300015.1_ASM2930001v1	Ascomycota sp.	10	GCA_003055165.1_ASM305516v1	Escovopsis sp. Ae724	Escovopsis	Hypocreaceae	Hypocreales	Sordariomycetes		Ascomycota		69.9006	9.46261e-24	9/10000	True
GCA_057558295.1_FM_MARS-14.71_MAG_AntObs_1.0	Ascomycota sp. Antarctolithica obscura	1	GCA_057558075.1_FM_MARS-17.30_MAG_AntObs_1.0	Ascomycota sp. Antarctolithica obscura						Ascomycota		99.2923	0	7573/10000	True
GCA_057558295.1_FM_MARS-14.71_MAG_AntObs_1.0	Ascomycota sp. Antarctolithica obscura	2	GCA_057558155.1_FM_MARS-55.28_MAG_AntObs_1.0	Ascomycota sp. Antarctolithica obscura						Ascomycota		99.1287	0	7135/10000	True
GCA_057558295.1_FM_MARS-14.71_MAG_AntObs_1.0	Ascomycota sp. Antarctolithica obscura	3	GCA_057558045.1_FM_MARS-82.9_MAG_AntObs_1.0	Ascomycota sp. Antarctolithica obscura						Ascomycota		99.1013	0	7065/10000	True
GCA_057558295.1_FM_MARS-14.71_MAG_AntObs_1.0	Ascomycota sp. Antarctolithica obscura	4	GCA_057558195.1_FM_MARS-52.25_MAG_AntObs_1.0	Ascomycota sp. Antarctolithica obscura						Ascomycota		99.0622	0	6967/10000	True
GCA_057558295.1_FM_MARS-14.71_MAG_AntObs_1.0	Ascomycota sp. Antarctolithica obscura	5	GCA_057558165.1_FM_MARS-9.1_MAG_AntObs_1.0	Ascomycota sp. Antarctolithica obscura						Ascomycota		98.8366	0	6437/10000	True
GCA_057558295.1_FM_MARS-14.71_MAG_AntObs_1.0	Ascomycota sp. Antarctolithica obscura	6	GCA_057558275.1_FM_MARS-19.38_MAG_AntObs_1.0	Ascomycota sp. Antarctolithica obscura						Ascomycota		98.7851	0	6324/10000	True
GCA_057558295.1_FM_MARS-14.71_MAG_AntObs_1.0	Ascomycota sp. Antarctolithica obscura	7	GCA_057558035.1_FM_MARS-62.17_MAG_AntObs_1.0	Ascomycota sp. Antarctolithica obscura						Ascomycota		98.4977	0	5741/10000	True
GCA_057558295.1_FM_MARS-14.71_MAG_AntObs_1.0	Ascomycota sp. Antarctolithica obscura	8	GCA_003012115.1_Spicellum_roseum_DAOM209012_SROSE_contigs	Trichothecium sympodiale	Trichothecium		Hypocreales	Sordariomycetes		Ascomycota		66.0414	1.74408e-09	4/10000	True
GCA_057558295.1_FM_MARS-14.71_MAG_AntObs_1.0	Ascomycota sp. Antarctolithica obscura	9	GCA_003012195.1_Spicellum_ovalisporum_DAOM186447_SOVAL_contigs	Trichothecium ovalisporum	Trichothecium		Hypocreales	Sordariomycetes		Ascomycota		66.0414	1.69376e-09	4/10000	True
GCA_057558295.1_FM_MARS-14.71_MAG_AntObs_1.0	Ascomycota sp. Antarctolithica obscura	10	GCA_028828245.1_ASM2882824v1	Penicillium lividum	Penicillium	Aspergillaceae	Eurotiales	Eurotiomycetes		Ascomycota		66.0414	1.81542e-09	4/10000	True
GCA_057558075.1_FM_MARS-17.30_MAG_AntObs_1.0	Ascomycota sp. Antarctolithica obscura	1	GCA_057558195.1_FM_MARS-52.25_MAG_AntObs_1.0	Ascomycota sp. Antarctolithica obscura						Ascomycota		99.4967	0	8177/10000	True
GCA_057558075.1_FM_MARS-17.30_MAG_AntObs_1.0	Ascomycota sp. Antarctolithica obscura	2	GCA_057558045.1_FM_MARS-82.9_MAG_AntObs_1.0	Ascomycota sp. Antarctolithica obscura						Ascomycota		99.4758	0	8112/10000	True
GCA_057558075.1_FM_MARS-17.30_MAG_AntObs_1.0	Ascomycota sp. Antarctolithica obscura	3	GCA_057558155.1_FM_MARS-55.28_MAG_AntObs_1.0	Ascomycota sp. Antarctolithica obscura						Ascomycota		99.3361	0	7697/10000	True
GCA_057558075.1_FM_MARS-17.30_MAG_AntObs_1.0	Ascomycota sp. Antarctolithica obscura	4	GCA_057558295.1_FM_MARS-14.71_MAG_AntObs_1.0	Ascomycota sp. Antarctolithica obscura						Ascomycota		99.2923	0	7573/10000	True
GCA_057558075.1_FM_MARS-17.30_MAG_AntObs_1.0	Ascomycota sp. Antarctolithica obscura	5	GCA_057558165.1_FM_MARS-9.1_MAG_AntObs_1.0	Ascomycota sp. Antarctolithica obscura						Ascomycota		99.1871	0	7287/10000	True
GCA_057558075.1_FM_MARS-17.30_MAG_AntObs_1.0	Ascomycota sp. Antarctolithica obscura	6	GCA_057558275.1_FM_MARS-19.38_MAG_AntObs_1.0	Ascomycota sp. Antarctolithica obscura						Ascomycota		99.0918	0	7041/10000	True
GCA_057558075.1_FM_MARS-17.30_MAG_AntObs_1.0	Ascomycota sp. Antarctolithica obscura	7	GCA_057558035.1_FM_MARS-62.17_MAG_AntObs_1.0	Ascomycota sp. Antarctolithica obscura						Ascomycota		98.9290	0	6647/10000	True
GCA_057558075.1_FM_MARS-17.30_MAG_AntObs_1.0	Ascomycota sp. Antarctolithica obscura	8	GCA_003012115.1_Spicellum_roseum_DAOM209012_SROSE_contigs	Trichothecium sympodiale	Trichothecium		Hypocreales	Sordariomycetes		Ascomycota		66.0414	3.33205e-09	4/10000	True
GCA_057558075.1_FM_MARS-17.30_MAG_AntObs_1.0	Ascomycota sp. Antarctolithica obscura	9	GCA_003012195.1_Spicellum_ovalisporum_DAOM186447_SOVAL_contigs	Trichothecium ovalisporum	Trichothecium		Hypocreales	Sordariomycetes		Ascomycota		66.0414	3.21938e-09	4/10000	True
GCA_057558075.1_FM_MARS-17.30_MAG_AntObs_1.0	Ascomycota sp. Antarctolithica obscura	10	GCA_059058445.1_ASM5905844v1	Ophiostoma araucariae	Ophiostoma	Ophiostomataceae	Ophiostomatales	Sordariomycetes		Ascomycota		66.0414	2.55245e-09	4/10000	True
GCA_057558275.1_FM_MARS-19.38_MAG_AntObs_1.0	Ascomycota sp. Antarctolithica obscura	1	GCA_057558075.1_FM_MARS-17.30_MAG_AntObs_1.0	Ascomycota sp. Antarctolithica obscura						Ascomycota		99.0918	0	7041/10000	True
GCA_057558275.1_FM_MARS-19.38_MAG_AntObs_1.0	Ascomycota sp. Antarctolithica obscura	2	GCA_057558165.1_FM_MARS-9.1_MAG_AntObs_1.0	Ascomycota sp. Antarctolithica obscura						Ascomycota		98.9559	0	6710/10000	True
GCA_057558275.1_FM_MARS-19.38_MAG_AntObs_1.0	Ascomycota sp. Antarctolithica obscura	3	GCA_057558295.1_FM_MARS-14.71_MAG_AntObs_1.0	Ascomycota sp. Antarctolithica obscura						Ascomycota		98.7851	0	6324/10000	True
GCA_057558275.1_FM_MARS-19.38_MAG_AntObs_1.0	Ascomycota sp. Antarctolithica obscura	4	GCA_057558195.1_FM_MARS-52.25_MAG_AntObs_1.0	Ascomycota sp. Antarctolithica obscura						Ascomycota		98.7128	0	6170/10000	True
GCA_057558275.1_FM_MARS-19.38_MAG_AntObs_1.0	Ascomycota sp. Antarctolithica obscura	5	GCA_057558045.1_FM_MARS-82.9_MAG_AntObs_1.0	Ascomycota sp. Antarctolithica obscura						Ascomycota		98.6801	0	6102/10000	True
GCA_057558275.1_FM_MARS-19.38_MAG_AntObs_1.0	Ascomycota sp. Antarctolithica obscura	6	GCA_057558155.1_FM_MARS-55.28_MAG_AntObs_1.0	Ascomycota sp. Antarctolithica obscura						Ascomycota		98.5905	0	5921/10000	True
GCA_057558275.1_FM_MARS-19.38_MAG_AntObs_1.0	Ascomycota sp. Antarctolithica obscura	7	GCA_057558035.1_FM_MARS-62.17_MAG_AntObs_1.0	Ascomycota sp. Antarctolithica obscura						Ascomycota		98.1070	0	5060/10000	True
GCA_057558275.1_FM_MARS-19.38_MAG_AntObs_1.0	Ascomycota sp. Antarctolithica obscura	8	GCA_028828245.1_ASM2882824v1	Penicillium lividum	Penicillium	Aspergillaceae	Eurotiales	Eurotiomycetes		Ascomycota		66.0414	1.41982e-09	4/10000	True
GCA_057558275.1_FM_MARS-19.38_MAG_AntObs_1.0	Ascomycota sp. Antarctolithica obscura	9	GCA_000829775.1_TcelY94_1.0	Talaromyces pinophilus	Talaromyces	Trichocomaceae	Eurotiales	Eurotiomycetes		Ascomycota		64.6720	4.28492e-07	3/10000	True
GCA_057558275.1_FM_MARS-19.38_MAG_AntObs_1.0	Ascomycota sp. Antarctolithica obscura	10	GCA_001599015.1_JCM_9580_assembly_v001	Apiotrichum domesticum	Apiotrichum	Trichosporonaceae	Trichosporonales	Tremellomycetes		Basidiomycota		64.6720	3.39876e-07	3/10000	True
GCA_057558195.1_FM_MARS-52.25_MAG_AntObs_1.0	Ascomycota sp. Antarctolithica obscura	1	GCA_057558075.1_FM_MARS-17.30_MAG_AntObs_1.0	Ascomycota sp. Antarctolithica obscura						Ascomycota		99.4967	0	8177/10000	True
GCA_057558195.1_FM_MARS-52.25_MAG_AntObs_1.0	Ascomycota sp. Antarctolithica obscura	2	GCA_057558045.1_FM_MARS-82.9_MAG_AntObs_1.0	Ascomycota sp. Antarctolithica obscura						Ascomycota		99.4726	0	8102/10000	True
GCA_057558195.1_FM_MARS-52.25_MAG_AntObs_1.0	Ascomycota sp. Antarctolithica obscura	3	GCA_057558155.1_FM_MARS-55.28_MAG_AntObs_1.0	Ascomycota sp. Antarctolithica obscura						Ascomycota		99.3504	0	7738/10000	True
GCA_057558195.1_FM_MARS-52.25_MAG_AntObs_1.0	Ascomycota sp. Antarctolithica obscura	4	GCA_057558295.1_FM_MARS-14.71_MAG_AntObs_1.0	Ascomycota sp. Antarctolithica obscura						Ascomycota		99.0622	0	6967/10000	True
GCA_057558195.1_FM_MARS-52.25_MAG_AntObs_1.0	Ascomycota sp. Antarctolithica obscura	5	GCA_057558035.1_FM_MARS-62.17_MAG_AntObs_1.0	Ascomycota sp. Antarctolithica obscura						Ascomycota		98.8947	0	6568/10000	True
GCA_057558195.1_FM_MARS-52.25_MAG_AntObs_1.0	Ascomycota sp. Antarctolithica obscura	6	GCA_057558165.1_FM_MARS-9.1_MAG_AntObs_1.0	Ascomycota sp. Antarctolithica obscura						Ascomycota		98.8062	0	6370/10000	True
GCA_057558195.1_FM_MARS-52.25_MAG_AntObs_1.0	Ascomycota sp. Antarctolithica obscura	7	GCA_057558275.1_FM_MARS-19.38_MAG_AntObs_1.0	Ascomycota sp. Antarctolithica obscura						Ascomycota		98.7128	0	6170/10000	True
GCA_057558195.1_FM_MARS-52.25_MAG_AntObs_1.0	Ascomycota sp. Antarctolithica obscura	8	GCA_003012115.1_Spicellum_roseum_DAOM209012_SROSE_contigs	Trichothecium sympodiale	Trichothecium		Hypocreales	Sordariomycetes		Ascomycota		66.0414	3.23515e-09	4/10000	True
GCA_057558195.1_FM_MARS-52.25_MAG_AntObs_1.0	Ascomycota sp. Antarctolithica obscura	9	GCA_003012195.1_Spicellum_ovalisporum_DAOM186447_SOVAL_contigs	Trichothecium ovalisporum	Trichothecium		Hypocreales	Sordariomycetes		Ascomycota		66.0414	3.12654e-09	4/10000	True
GCA_057558195.1_FM_MARS-52.25_MAG_AntObs_1.0	Ascomycota sp. Antarctolithica obscura	10	GCA_020891255.1_Epvsp_1.0	Entomortierella parvispora	Entomortierella	Mortierellaceae	Mortierellales	Mortierellomycetes		Mortierellomycota		66.0414	3.73746e-09	4/10000	True
GCA_057558155.1_FM_MARS-55.28_MAG_AntObs_1.0	Ascomycota sp. Antarctolithica obscura	1	GCA_057558045.1_FM_MARS-82.9_MAG_AntObs_1.0	Ascomycota sp. Antarctolithica obscura						Ascomycota		99.4628	0	8072/10000	True
GCA_057558155.1_FM_MARS-55.28_MAG_AntObs_1.0	Ascomycota sp. Antarctolithica obscura	2	GCA_057558195.1_FM_MARS-52.25_MAG_AntObs_1.0	Ascomycota sp. Antarctolithica obscura						Ascomycota		99.3504	0	7738/10000	True
GCA_057558155.1_FM_MARS-55.28_MAG_AntObs_1.0	Ascomycota sp. Antarctolithica obscura	3	GCA_057558075.1_FM_MARS-17.30_MAG_AntObs_1.0	Ascomycota sp. Antarctolithica obscura						Ascomycota		99.3361	0	7697/10000	True
GCA_057558155.1_FM_MARS-55.28_MAG_AntObs_1.0	Ascomycota sp. Antarctolithica obscura	4	GCA_057558295.1_FM_MARS-14.71_MAG_AntObs_1.0	Ascomycota sp. Antarctolithica obscura						Ascomycota		99.1287	0	7135/10000	True
GCA_057558155.1_FM_MARS-55.28_MAG_AntObs_1.0	Ascomycota sp. Antarctolithica obscura	5	GCA_057558035.1_FM_MARS-62.17_MAG_AntObs_1.0	Ascomycota sp. Antarctolithica obscura						Ascomycota		98.8117	0	6382/10000	True
GCA_057558155.1_FM_MARS-55.28_MAG_AntObs_1.0	Ascomycota sp. Antarctolithica obscura	6	GCA_057558165.1_FM_MARS-9.1_MAG_AntObs_1.0	Ascomycota sp. Antarctolithica obscura						Ascomycota		98.6479	0	6036/10000	True
GCA_057558155.1_FM_MARS-55.28_MAG_AntObs_1.0	Ascomycota sp. Antarctolithica obscura	7	GCA_057558275.1_FM_MARS-19.38_MAG_AntObs_1.0	Ascomycota sp. Antarctolithica obscura						Ascomycota		98.5905	0	5921/10000	True
GCA_057558155.1_FM_MARS-55.28_MAG_AntObs_1.0	Ascomycota sp. Antarctolithica obscura	8	GCA_001599015.1_JCM_9580_assembly_v001	Apiotrichum domesticum	Apiotrichum	Trichosporonaceae	Trichosporonales	Tremellomycetes		Basidiomycota		66.0414	2.23495e-09	4/10000	True
GCA_057558155.1_FM_MARS-55.28_MAG_AntObs_1.0	Ascomycota sp. Antarctolithica obscura	9	GCA_027595825.1_UCR_CbifNCRC34381_1.0	Coemansia biformis	Coemansia	Kickxellaceae	Kickxellales	Kickxellomycetes		Kickxellomycota		66.0414	1.24997e-09	4/10000	True
GCA_057558155.1_FM_MARS-55.28_MAG_AntObs_1.0	Ascomycota sp. Antarctolithica obscura	10	GCF_003184865.1_Asphom1	Aspergillus homomorphus	Aspergillus	Aspergillaceae	Eurotiales	Eurotiomycetes		Ascomycota		66.0414	3.0722e-09	4/10000	True
GCA_057558035.1_FM_MARS-62.17_MAG_AntObs_1.0	Ascomycota sp. Antarctolithica obscura	1	GCA_057558045.1_FM_MARS-82.9_MAG_AntObs_1.0	Ascomycota sp. Antarctolithica obscura						Ascomycota		98.9324	0	6655/10000	True
GCA_057558035.1_FM_MARS-62.17_MAG_AntObs_1.0	Ascomycota sp. Antarctolithica obscura	2	GCA_057558075.1_FM_MARS-17.30_MAG_AntObs_1.0	Ascomycota sp. Antarctolithica obscura						Ascomycota		98.9290	0	6647/10000	True
GCA_057558035.1_FM_MARS-62.17_MAG_AntObs_1.0	Ascomycota sp. Antarctolithica obscura	3	GCA_057558195.1_FM_MARS-52.25_MAG_AntObs_1.0	Ascomycota sp. Antarctolithica obscura						Ascomycota		98.8947	0	6568/10000	True
GCA_057558035.1_FM_MARS-62.17_MAG_AntObs_1.0	Ascomycota sp. Antarctolithica obscura	4	GCA_057558155.1_FM_MARS-55.28_MAG_AntObs_1.0	Ascomycota sp. Antarctolithica obscura						Ascomycota		98.8117	0	6382/10000	True
GCA_057558035.1_FM_MARS-62.17_MAG_AntObs_1.0	Ascomycota sp. Antarctolithica obscura	5	GCA_057558295.1_FM_MARS-14.71_MAG_AntObs_1.0	Ascomycota sp. Antarctolithica obscura						Ascomycota		98.4977	0	5741/10000	True
GCA_057558035.1_FM_MARS-62.17_MAG_AntObs_1.0	Ascomycota sp. Antarctolithica obscura	6	GCA_057558165.1_FM_MARS-9.1_MAG_AntObs_1.0	Ascomycota sp. Antarctolithica obscura						Ascomycota		98.1911	0	5197/10000	True
GCA_057558035.1_FM_MARS-62.17_MAG_AntObs_1.0	Ascomycota sp. Antarctolithica obscura	7	GCA_057558275.1_FM_MARS-19.38_MAG_AntObs_1.0	Ascomycota sp. Antarctolithica obscura						Ascomycota		98.1070	0	5060/10000	True
GCA_057558035.1_FM_MARS-62.17_MAG_AntObs_1.0	Ascomycota sp. Antarctolithica obscura	8	GCA_001599015.1_JCM_9580_assembly_v001	Apiotrichum domesticum	Apiotrichum	Trichosporonaceae	Trichosporonales	Tremellomycetes		Basidiomycota		67.1035	1.06031e-11	5/10000	True
GCA_057558035.1_FM_MARS-62.17_MAG_AntObs_1.0	Ascomycota sp. Antarctolithica obscura	9	GCA_027577255.1_UCR_CoemS100_1.0	Coemansia sp. S100	Coemansia	Kickxellaceae	Kickxellales	Kickxellomycetes		Kickxellomycota		66.0414	2.79306e-09	4/10000	True
GCA_057558035.1_FM_MARS-62.17_MAG_AntObs_1.0	Ascomycota sp. Antarctolithica obscura	10	GCA_059058445.1_ASM5905844v1	Ophiostoma araucariae	Ophiostoma	Ophiostomataceae	Ophiostomatales	Sordariomycetes		Ascomycota		66.0414	3.27059e-09	4/10000	True
GCA_057558045.1_FM_MARS-82.9_MAG_AntObs_1.0	Ascomycota sp. Antarctolithica obscura	1	GCA_057558075.1_FM_MARS-17.30_MAG_AntObs_1.0	Ascomycota sp. Antarctolithica obscura						Ascomycota		99.4758	0	8112/10000	True
GCA_057558045.1_FM_MARS-82.9_MAG_AntObs_1.0	Ascomycota sp. Antarctolithica obscura	2	GCA_057558195.1_FM_MARS-52.25_MAG_AntObs_1.0	Ascomycota sp. Antarctolithica obscura						Ascomycota		99.4726	0	8102/10000	True
GCA_057558045.1_FM_MARS-82.9_MAG_AntObs_1.0	Ascomycota sp. Antarctolithica obscura	3	GCA_057558155.1_FM_MARS-55.28_MAG_AntObs_1.0	Ascomycota sp. Antarctolithica obscura						Ascomycota		99.4628	0	8072/10000	True
GCA_057558045.1_FM_MARS-82.9_MAG_AntObs_1.0	Ascomycota sp. Antarctolithica obscura	4	GCA_057558295.1_FM_MARS-14.71_MAG_AntObs_1.0	Ascomycota sp. Antarctolithica obscura						Ascomycota		99.1013	0	7065/10000	True
GCA_057558045.1_FM_MARS-82.9_MAG_AntObs_1.0	Ascomycota sp. Antarctolithica obscura	5	GCA_057558035.1_FM_MARS-62.17_MAG_AntObs_1.0	Ascomycota sp. Antarctolithica obscura						Ascomycota		98.9324	0	6655/10000	True
GCA_057558045.1_FM_MARS-82.9_MAG_AntObs_1.0	Ascomycota sp. Antarctolithica obscura	6	GCA_057558165.1_FM_MARS-9.1_MAG_AntObs_1.0	Ascomycota sp. Antarctolithica obscura						Ascomycota		98.7605	0	6271/10000	True
GCA_057558045.1_FM_MARS-82.9_MAG_AntObs_1.0	Ascomycota sp. Antarctolithica obscura	7	GCA_057558275.1_FM_MARS-19.38_MAG_AntObs_1.0	Ascomycota sp. Antarctolithica obscura						Ascomycota		98.6801	0	6102/10000	True
GCA_057558045.1_FM_MARS-82.9_MAG_AntObs_1.0	Ascomycota sp. Antarctolithica obscura	8	GCA_001599015.1_JCM_9580_assembly_v001	Apiotrichum domesticum	Apiotrichum	Trichosporonaceae	Trichosporonales	Tremellomycetes		Basidiomycota		66.0414	2.60819e-09	4/10000	True
GCA_057558045.1_FM_MARS-82.9_MAG_AntObs_1.0	Ascomycota sp. Antarctolithica obscura	9	GCA_003012115.1_Spicellum_roseum_DAOM209012_SROSE_contigs	Trichothecium sympodiale	Trichothecium		Hypocreales	Sordariomycetes		Ascomycota		66.0414	3.50733e-09	4/10000	True
GCA_057558045.1_FM_MARS-82.9_MAG_AntObs_1.0	Ascomycota sp. Antarctolithica obscura	10	GCA_003012195.1_Spicellum_ovalisporum_DAOM186447_SOVAL_contigs	Trichothecium ovalisporum	Trichothecium		Hypocreales	Sordariomycetes		Ascomycota		66.0414	3.38723e-09	4/10000	True
GCA_057558165.1_FM_MARS-9.1_MAG_AntObs_1.0	Ascomycota sp. Antarctolithica obscura	1	GCA_057558075.1_FM_MARS-17.30_MAG_AntObs_1.0	Ascomycota sp. Antarctolithica obscura						Ascomycota		99.1871	0	7287/10000	True
GCA_057558165.1_FM_MARS-9.1_MAG_AntObs_1.0	Ascomycota sp. Antarctolithica obscura	2	GCA_057558275.1_FM_MARS-19.38_MAG_AntObs_1.0	Ascomycota sp. Antarctolithica obscura						Ascomycota		98.9559	0	6710/10000	True
GCA_057558165.1_FM_MARS-9.1_MAG_AntObs_1.0	Ascomycota sp. Antarctolithica obscura	3	GCA_057558295.1_FM_MARS-14.71_MAG_AntObs_1.0	Ascomycota sp. Antarctolithica obscura						Ascomycota		98.8366	0	6437/10000	True
GCA_057558165.1_FM_MARS-9.1_MAG_AntObs_1.0	Ascomycota sp. Antarctolithica obscura	4	GCA_057558195.1_FM_MARS-52.25_MAG_AntObs_1.0	Ascomycota sp. Antarctolithica obscura						Ascomycota		98.8062	0	6370/10000	True
GCA_057558165.1_FM_MARS-9.1_MAG_AntObs_1.0	Ascomycota sp. Antarctolithica obscura	5	GCA_057558045.1_FM_MARS-82.9_MAG_AntObs_1.0	Ascomycota sp. Antarctolithica obscura						Ascomycota		98.7605	0	6271/10000	True
GCA_057558165.1_FM_MARS-9.1_MAG_AntObs_1.0	Ascomycota sp. Antarctolithica obscura	6	GCA_057558155.1_FM_MARS-55.28_MAG_AntObs_1.0	Ascomycota sp. Antarctolithica obscura						Ascomycota		98.6479	0	6036/10000	True
GCA_057558165.1_FM_MARS-9.1_MAG_AntObs_1.0	Ascomycota sp. Antarctolithica obscura	7	GCA_057558035.1_FM_MARS-62.17_MAG_AntObs_1.0	Ascomycota sp. Antarctolithica obscura						Ascomycota		98.1911	0	5197/10000	True
GCA_057558165.1_FM_MARS-9.1_MAG_AntObs_1.0	Ascomycota sp. Antarctolithica obscura	8	GCA_020891255.1_Epvsp_1.0	Entomortierella parvispora	Entomortierella	Mortierellaceae	Mortierellales	Mortierellomycetes		Mortierellomycota		64.6720	4.7439e-07	3/10000	True
GCA_057558165.1_FM_MARS-9.1_MAG_AntObs_1.0	Ascomycota sp. Antarctolithica obscura	9	GCA_024195555.1_ASM2419555v1	Aureobasidium sp. EXF-12298	Aureobasidium	Saccotheciaceae	Dothideales	Dothideomycetes		Ascomycota		64.6720	5.39993e-07	3/10000	True
GCA_057558165.1_FM_MARS-9.1_MAG_AntObs_1.0	Ascomycota sp. Antarctolithica obscura	10	GCA_027575625.1_UCR_CoemS17_1.0	Coemansia sp. S17	Coemansia	Kickxellaceae	Kickxellales	Kickxellomycetes		Kickxellomycota		64.6720	3.52549e-07	3/10000	True
GCA_029299965.1_ASM2929996v1	Aspergillaceae sp.	1	GCF_028827035.1_ASM2882703v1	Penicillium chrysogenum	Penicillium	Aspergillaceae	Eurotiales	Eurotiomycetes		Ascomycota		96.9763	0	3605/10000	True
GCA_029299965.1_ASM2929996v1	Aspergillaceae sp.	2	GCA_056247635.1_ASM5624763v1	Penicillium chrysogenum	Penicillium	Aspergillaceae	Eurotiales	Eurotiomycetes		Ascomycota		96.9372	0	3565/10000	True
GCA_029299965.1_ASM2929996v1	Aspergillaceae sp.	3	GCA_015586035.1_ASM1558603v1	Penicillium griseoroseum	Penicillium	Aspergillaceae	Eurotiales	Eurotiomycetes		Ascomycota		96.9254	0	3553/10000	True
GCA_029299965.1_ASM2929996v1	Aspergillaceae sp.	4	GCA_015585765.1_ASM1558576v1	Penicillium dipodomyicola	Penicillium	Aspergillaceae	Eurotiales	Eurotiomycetes		Ascomycota		96.9214	0	3549/10000	True
GCA_029299965.1_ASM2929996v1	Aspergillaceae sp.	5	GCA_015585785.1_ASM1558578v1	Penicillium dipodomyicola	Penicillium	Aspergillaceae	Eurotiales	Eurotiomycetes		Ascomycota		96.9204	0	3548/10000	True
GCA_029299965.1_ASM2929996v1	Aspergillaceae sp.	6	GCA_015586365.1_ASM1558636v1	Penicillium chrysogenum	Penicillium	Aspergillaceae	Eurotiales	Eurotiomycetes		Ascomycota		96.9204	0	3548/10000	True
GCA_029299965.1_ASM2929996v1	Aspergillaceae sp.	7	GCA_028828955.1_ASM2882895v1	Penicillium chrysogenum	Penicillium	Aspergillaceae	Eurotiales	Eurotiomycetes		Ascomycota		96.8411	0	3469/10000	True
GCA_029299965.1_ASM2929996v1	Aspergillaceae sp.	8	GCA_056320565.1_ASM5632056v1	Penicillium chrysogenum	Penicillium	Aspergillaceae	Eurotiales	Eurotiomycetes		Ascomycota		96.7959	0	3425/10000	True
GCA_029299965.1_ASM2929996v1	Aspergillaceae sp.	9	GCA_047663515.1_ASM4766351v1	Penicillium sp. INA 01369	Penicillium	Aspergillaceae	Eurotiales	Eurotiomycetes		Ascomycota		96.7625	0	3393/10000	True
GCA_029299965.1_ASM2929996v1	Aspergillaceae sp.	10	GCA_028827015.1_ASM2882701v1	Penicillium chrysogenum	Penicillium	Aspergillaceae	Eurotiales	Eurotiomycetes		Ascomycota		96.7320	0	3364/10000	True
GCA_003004485.1_ASM300448v1	Aspergillaceae sp. MA 6039	1	GCA_003004525.2_ASM300452v2	Aspergillus sp. MA 6038	Aspergillus	Aspergillaceae	Eurotiales	Eurotiomycetes		Ascomycota		97.0454	0	3677/10000	True
GCA_003004485.1_ASM300448v1	Aspergillaceae sp. MA 6039	2	GCA_963379335.1_SRR14198834_bin.1_MetaWRAP_v1.2.1_MAG	Aspergillus sp.	Aspergillus	Aspergillaceae	Eurotiales	Eurotiomycetes		Ascomycota		94.8528	0	2043/10000	True
GCA_003004485.1_ASM300448v1	Aspergillaceae sp. MA 6039	3	GCA_056320585.1_ASM5632058v1	Aspergillus vitricola	Aspergillus	Aspergillaceae	Eurotiales	Eurotiomycetes		Ascomycota		86.7312	0	318/10000	True
GCA_003004485.1_ASM300448v1	Aspergillaceae sp. MA 6039	4	GCA_056321165.1_ASM5632116v1	Aspergillus vitricola	Aspergillus	Aspergillaceae	Eurotiales	Eurotiomycetes		Ascomycota		86.4928	0	302/10000	True
GCA_003004485.1_ASM300448v1	Aspergillaceae sp. MA 6039	5	GCA_003138005.1_ASM313800v1	Aspergillus sp. MA 6041	Aspergillus	Aspergillaceae	Eurotiales	Eurotiomycetes		Ascomycota		83.9802	0	176/10000	True
GCA_003004485.1_ASM300448v1	Aspergillaceae sp. MA 6039	6	GCA_056320525.1_ASM5632052v1	Aspergillus destruens	Aspergillus	Aspergillaceae	Eurotiales	Eurotiomycetes		Ascomycota		78.9886	4.57837e-181	61/10000	True
GCA_003004485.1_ASM300448v1	Aspergillaceae sp. MA 6039	7	GCA_056320545.1_ASM5632054v1	Aspergillus magnivesiculatus	Aspergillus	Aspergillaceae	Eurotiales	Eurotiomycetes		Ascomycota		77.9511	2.23755e-139	49/10000	True
GCA_003004485.1_ASM300448v1	Aspergillaceae sp. MA 6039	8	GCA_056321185.1_ASM5632118v1	Aspergillus destruens	Aspergillus	Aspergillaceae	Eurotiales	Eurotiomycetes		Ascomycota		77.8534	9.63935e-131	48/10000	True
GCA_003004485.1_ASM300448v1	Aspergillaceae sp. MA 6039	9	GCA_059737185.1_Amag_NBRC_116037_1.0	Aspergillus magnivesiculatus	Aspergillus	Aspergillaceae	Eurotiales	Eurotiomycetes		Ascomycota		77.7536	9.41837e-133	47/10000	True
GCA_003004485.1_ASM300448v1	Aspergillaceae sp. MA 6039	10	GCA_059737245.1_Acla_NBRC116038_1.0	Aspergillus clavatophorus	Aspergillus	Aspergillaceae	Eurotiales	Eurotiomycetes		Ascomycota		77.1061	1.95903e-113	41/10000	True
GCA_020744175.1_Olipa1	Auriculariales sp. MPI-PUGE-AT-0066	1	GCA_019190125.1_ASM1919012v1	Rhodotorula mucilaginosa	Rhodotorula	Sporidiobolaceae	Sporidiobolales	Microbotryomycetes		Basidiomycota		68.7048	6.71561e-15	7/10000	True
GCA_020744175.1_Olipa1	Auriculariales sp. MPI-PUGE-AT-0066	2	GCA_019190145.1_ASM1919014v1	Rhodotorula mucilaginosa	Rhodotorula	Sporidiobolaceae	Sporidiobolales	Microbotryomycetes		Basidiomycota		68.7048	6.71259e-15	7/10000	True
GCA_020744175.1_Olipa1	Auriculariales sp. MPI-PUGE-AT-0066	3	GCA_019805405.1_ASM1980540v1	Rhodotorula mucilaginosa	Rhodotorula	Sporidiobolaceae	Sporidiobolales	Microbotryomycetes		Basidiomycota		68.7048	6.44854e-15	7/10000	True
GCA_020744175.1_Olipa1	Auriculariales sp. MPI-PUGE-AT-0066	4	GCA_021654155.1_ASM2165415v1	Rhodotorula sp. CC01	Rhodotorula	Sporidiobolaceae	Sporidiobolales	Microbotryomycetes		Basidiomycota		68.7048	6.55372e-15	7/10000	True
GCA_020744175.1_Olipa1	Auriculariales sp. MPI-PUGE-AT-0066	5	GCA_024748845.1_ASM2474884v1	Rhodotorula mucilaginosa	Rhodotorula	Sporidiobolaceae	Sporidiobolales	Microbotryomycetes		Basidiomycota		68.7048	7.28085e-15	7/10000	True
GCA_020744175.1_Olipa1	Auriculariales sp. MPI-PUGE-AT-0066	6	GCA_025502745.1_ASM2550274v1	Rhodotorula mucilaginosa	Rhodotorula	Sporidiobolaceae	Sporidiobolales	Microbotryomycetes		Basidiomycota		68.7048	6.39523e-15	7/10000	True
GCA_020744175.1_Olipa1	Auriculariales sp. MPI-PUGE-AT-0066	7	GCA_036320835.1_ASM3632083v1	Rhodotorula mucilaginosa	Rhodotorula	Sporidiobolaceae	Sporidiobolales	Microbotryomycetes		Basidiomycota		68.7048	4.87924e-15	7/10000	True
GCA_020744175.1_Olipa1	Auriculariales sp. MPI-PUGE-AT-0066	8	GCA_037040695.1_ASM3704069v1	Rhodotorula mucilaginosa	Rhodotorula	Sporidiobolaceae	Sporidiobolales	Microbotryomycetes		Basidiomycota		68.7048	6.08364e-15	7/10000	True
GCA_020744175.1_Olipa1	Auriculariales sp. MPI-PUGE-AT-0066	9	GCA_045933405.1_ASM4593340v1	Tilletia fusca	Tilletia	Tilletiaceae	Tilletiales	Exobasidiomycetes		Basidiomycota		68.7048	3.62225e-14	7/10000	True
GCA_020744175.1_Olipa1	Auriculariales sp. MPI-PUGE-AT-0066	10	GCA_050916435.1_ASM5091643v1	Rhodotorula mucilaginosa	Rhodotorula	Sporidiobolaceae	Sporidiobolales	Microbotryomycetes		Basidiomycota		68.7048	6.63597e-15	7/10000	True
GCA_964254815.1_public_SRR14722098_metabat2_bin.9	Baeomycetales sp.	1	GCA_964257415.1_public_SRR14721959_metabat2_bin.2	Ionaspis lacustris	Ionaspis	Hymeneliaceae	Hymeneliales	Lecanoromycetes		Ascomycota		86.6433	0	312/10000	True
GCA_964254815.1_public_SRR14722098_metabat2_bin.9	Baeomycetales sp.	2	GCA_964255285.1_public_SRR14722125_metabat2_bin.9	Ionaspis alba	Ionaspis	Hymeneliaceae	Hymeneliales	Lecanoromycetes		Ascomycota		69.3402	8.61284e-19	8/10000	True
GCA_964254815.1_public_SRR14722098_metabat2_bin.9	Baeomycetales sp.	3	GCA_004761995.1_ASM476199v1	Elsinoe australis	Elsinoe	Elsinoaceae	Myriangiales	Dothideomycetes		Ascomycota		67.9713	3.18131e-13	6/10000	True
GCA_964254815.1_public_SRR14722098_metabat2_bin.9	Baeomycetales sp.	4	GCA_018290055.1_OCU_Amel_CBS105.22_alt	Aureobasidium melanogenum	Aureobasidium	Saccotheciaceae	Dothideales	Dothideomycetes		Ascomycota		67.9713	2.29922e-13	6/10000	True
GCA_964254815.1_public_SRR14722098_metabat2_bin.9	Baeomycetales sp.	5	GCA_030512285.1_Cernew1	Cercophora newfieldiana	Cercophora	Lasiosphaeriaceae	Sordariales	Sordariomycetes		Ascomycota		67.9713	7.35973e-13	6/10000	True
GCA_964254815.1_public_SRR14722098_metabat2_bin.9	Baeomycetales sp.	6	GCA_003574545.1_ASM357454v1	Aureobasidium pullulans	Aureobasidium	Saccotheciaceae	Dothideales	Dothideomycetes		Ascomycota		67.1035	9.08512e-11	5/10000	True
GCA_964254815.1_public_SRR14722098_metabat2_bin.9	Baeomycetales sp.	7	GCA_004761955.1_ASM476195v1	Elsinoe australis	Elsinoe	Elsinoaceae	Myriangiales	Dothideomycetes		Ascomycota		67.1035	7.24167e-11	5/10000	True
GCA_964254815.1_public_SRR14722098_metabat2_bin.9	Baeomycetales sp.	8	GCA_004761985.1_ASM476198v1	Elsinoe australis	Elsinoe	Elsinoaceae	Myriangiales	Dothideomycetes		Ascomycota		67.1035	7.22504e-11	5/10000	True
GCA_964254815.1_public_SRR14722098_metabat2_bin.9	Baeomycetales sp.	9	GCA_004764485.1_ASM476448v1	Elsinoe australis	Elsinoe	Elsinoaceae	Myriangiales	Dothideomycetes		Ascomycota		67.1035	6.35892e-11	5/10000	True
GCA_964254815.1_public_SRR14722098_metabat2_bin.9	Baeomycetales sp.	10	GCA_005382375.1_ASM538237v1	Elsinoe australis	Elsinoe	Elsinoaceae	Myriangiales	Dothideomycetes		Ascomycota		67.1035	7.42294e-11	5/10000	True
GCA_041722455.1_DLT08-010	Boletaceae sp. DLT08-010	1	GCA_038089655.1_NY796215-Imleria-badia	Imleria badia	Imleria	Boletaceae	Boletales	Agaricomycetes		Basidiomycota		90.3154	0	700/10000	True
GCA_041722455.1_DLT08-010	Boletaceae sp. DLT08-010	2	GCA_015039435.1_Xerba1	Imleria badia	Imleria	Boletaceae	Boletales	Agaricomycetes		Basidiomycota		90.2899	0	696/10000	True
GCA_041722455.1_DLT08-010	Boletaceae sp. DLT08-010	3	GCA_038093355.1_MICH10006-Boletus-calvinii	Boletus calvinii	Boletus	Boletaceae	Boletales	Agaricomycetes		Basidiomycota		85.6540	0	252/10000	True
GCA_041722455.1_DLT08-010	Boletaceae sp. DLT08-010	4	GCA_038092775.1_MICH10036-Boletus-rubescentipes	Boletus rubescentipes	Boletus	Boletaceae	Boletales	Agaricomycetes		Basidiomycota		83.8726	0	172/10000	True
GCA_041722455.1_DLT08-010	Boletaceae sp. DLT08-010	5	GCA_038094095.1_BD921Chile-Boletus-putidus	Boletus putidus	Boletus	Boletaceae	Boletales	Agaricomycetes		Basidiomycota		82.6309	0	132/10000	True
GCA_041722455.1_DLT08-010	Boletaceae sp. DLT08-010	6	GCA_038090955.1_MICH4995-Boletellus-intermedius	Xerocomellus intermedius	Xerocomellus	Boletaceae	Boletales	Agaricomycetes		Basidiomycota		82.5592	0	130/10000	True
GCA_041722455.1_DLT08-010	Boletaceae sp. DLT08-010	7	GCA_038090735.1_MICH5365-Porphyrellus-amylosporus	Xerocomellus amylosporus	Xerocomellus	Boletaceae	Boletales	Agaricomycetes		Basidiomycota		81.5088	6.28329e-310	104/10000	True
GCA_041722455.1_DLT08-010	Boletaceae sp. DLT08-010	8	GCA_038093415.1_MICH10003-Boletus-chrysenteron_var._subnudipes	Xerocomellus chrysenteron	Xerocomellus	Boletaceae	Boletales	Agaricomycetes		Basidiomycota		81.3708	2.50575e-296	101/10000	True
GCA_041722455.1_DLT08-010	Boletaceae sp. DLT08-010	9	GCA_038092515.1_MICH10057-Boletus-subparvulus	Boletus subparvulus	Boletus	Boletaceae	Boletales	Agaricomycetes		Basidiomycota		81.1803	6.63126e-281	97/10000	True
GCA_041722455.1_DLT08-010	Boletaceae sp. DLT08-010	10	GCA_038092655.1_MICH10045-Boletus-sensibilis_var._subviscidus	Boletus sensibilis	Boletus	Boletaceae	Boletales	Agaricomycetes		Basidiomycota		81.0820	5.67084e-280	95/10000	True
GCA_041722295.1_MAD-m10-Boletaceae	Boletaceae sp. KM206666	1	GCA_038091165.1_MICH24411-Boletus-pulcherrimus	Rubroboletus pulcherrimus	Rubroboletus	Boletaceae	Boletales	Agaricomycetes		Basidiomycota		80.7742	2.67235e-263	89/10000	True
GCA_041722295.1_MAD-m10-Boletaceae	Boletaceae sp. KM206666	2	GCA_038092355.1_MICH10105-Ceriomyces-inedulis	Caloboletus inedulis	Caloboletus	Boletaceae	Boletales	Agaricomycetes		Basidiomycota		80.6123	4.82483e-257	86/10000	True
GCA_041722295.1_MAD-m10-Boletaceae	Boletaceae sp. KM206666	3	GCA_025371055.2_ASM2537105v2	Neoboletus subvelutipes	Neoboletus	Boletaceae	Boletales	Agaricomycetes		Basidiomycota		80.3874	1.35421e-250	82/10000	True
GCA_041722295.1_MAD-m10-Boletaceae	Boletaceae sp. KM206666	4	GCA_038090375.1_NY13528-Boletus-rubroflammeus	Boletus rubroflammeus	Boletus	Boletaceae	Boletales	Agaricomycetes		Basidiomycota		80.3874	5.9115e-238	82/10000	True
GCA_041722295.1_MAD-m10-Boletaceae	Boletaceae sp. KM206666	5	GCA_038090635.1_MICH61460-Boletus-satanas	Rubroboletus satanas	Rubroboletus	Boletaceae	Boletales	Agaricomycetes		Basidiomycota		80.3874	2.66589e-238	82/10000	True
GCA_041722295.1_MAD-m10-Boletaceae	Boletaceae sp. KM206666	6	GCA_038092655.1_MICH10045-Boletus-sensibilis_var._subviscidus	Boletus sensibilis	Boletus	Boletaceae	Boletales	Agaricomycetes		Basidiomycota		80.3874	1.49589e-238	82/10000	True
GCA_041722295.1_MAD-m10-Boletaceae	Boletaceae sp. KM206666	7	GCA_038093015.1_MICH10020-Boletus-miniato-pallescens	Lanmaoa miniatopallescens	Lanmaoa	Boletaceae	Boletales	Agaricomycetes		Basidiomycota		80.3874	1.8162e-246	82/10000	True
GCA_041722295.1_MAD-m10-Boletaceae	Boletaceae sp. KM206666	8	GCA_038092915.1_MICH10028-Boletus-pseudopeckii	Boletus pseudopeckii	Boletus	Boletaceae	Boletales	Agaricomycetes		Basidiomycota		80.3295	7.8238e-240	81/10000	True
GCA_041722295.1_MAD-m10-Boletaceae	Boletaceae sp. KM206666	9	GCA_003313155.1_ASM331315v1	Boletus sp. MG95	Boletus	Boletaceae	Boletales	Agaricomycetes		Basidiomycota		80.1512	1.09178e-227	78/10000	True
GCA_041722295.1_MAD-m10-Boletaceae	Boletaceae sp. KM206666	10	GCA_038093465.1_MICH10001-Boletus-bicolor_var._subreticulatus	Boletus bicolor	Boletus	Boletaceae	Boletales	Agaricomycetes		Basidiomycota		80.1512	7.41846e-223	78/10000	True
GCA_041722255.1_MAD-m38-Xerocomus-sp	Boletaceae sp. KM206700	1	GCA_041722135.1_MAD-m73-Boletellus-sp	Boletaceae sp. KM206735		Boletaceae	Boletales	Agaricomycetes		Basidiomycota		94.3736	0	1812/10000	True
GCA_041722255.1_MAD-m38-Xerocomus-sp	Boletaceae sp. KM206700	2	GCA_041722155.1_MAD-m63-Boletellus-sp	Boletaceae sp. KM206743		Boletaceae	Boletales	Agaricomycetes		Basidiomycota		92.6361	0	1192/10000	True
GCA_041722255.1_MAD-m38-Xerocomus-sp	Boletaceae sp. KM206700	3	GCA_041722055.1_MAD-m75-Boletellus-sp	Boletaceae sp. KM206733		Boletaceae	Boletales	Agaricomycetes		Basidiomycota		89.9364	0	643/10000	True
GCA_041722255.1_MAD-m38-Xerocomus-sp	Boletaceae sp. KM206700	4	GCA_038094515.1_BD639-Xerocomus-spinulosus	Xerocomus spinulosus	Xerocomus	Boletaceae	Boletales	Agaricomycetes		Basidiomycota		88.6460	0	483/10000	True
GCA_041722255.1_MAD-m38-Xerocomus-sp	Boletaceae sp. KM206700	5	GCA_038094075.1_BD886-Xerocomus-spinulosus	Xerocomus spinulosus	Xerocomus	Boletaceae	Boletales	Agaricomycetes		Basidiomycota		88.6177	0	480/10000	True
GCA_041722255.1_MAD-m38-Xerocomus-sp	Boletaceae sp. KM206700	6	GCA_041722175.1_MAD-m71-Xerocomus-sp	Boletaceae sp. KM206737		Boletaceae	Boletales	Agaricomycetes		Basidiomycota		84.3627	0	191/10000	True
GCA_041722255.1_MAD-m38-Xerocomus-sp	Boletaceae sp. KM206700	7	GCA_041722855.1_BD714-Boletellus	Boletellus sp. UT-M0000026	Boletellus	Boletaceae	Boletales	Agaricomycetes		Basidiomycota		80.2708	2.88312e-233	80/10000	True
GCA_041722255.1_MAD-m38-Xerocomus-sp	Boletaceae sp. KM206700	8	GCA_038094475.1_BD652b-Phylloporus-sp5	Phylloporus aff. rhodophaeus	Phylloporus	Boletaceae	Boletales	Agaricomycetes		Basidiomycota		79.5716	1.02473e-197	69/10000	True
GCA_041722255.1_MAD-m38-Xerocomus-sp	Boletaceae sp. KM206700	9	GCA_038094535.1_BD634-Tubosaeta-sp2	Tubosaeta aff. alveolata	Tubosaeta	Boletaceae	Boletales	Agaricomycetes		Basidiomycota		78.9886	3.36291e-168	61/10000	True
GCA_041722255.1_MAD-m38-Xerocomus-sp	Boletaceae sp. KM206700	10	GCA_038093375.1_MICH10005-Boletus-brunneocitrinus	Xerocomus brunneocitrinus	Xerocomus	Boletaceae	Boletales	Agaricomycetes		Basidiomycota		78.5837	2.81981e-156	56/10000	True
GCA_041722215.1_MAD-m47-Boletaceae	Boletaceae sp. KM206711	1	GCA_041722195.1_MAD-m49-Boletaceae	Boletaceae sp. KM206713		Boletaceae	Boletales	Agaricomycetes		Basidiomycota		80.9307	3.13966e-265	92/10000	True
GCA_041722215.1_MAD-m47-Boletaceae	Boletaceae sp. KM206711	2	GCA_038090535.1_NY1034447-Tylopilus-alboater	Tylopilus alboater	Tylopilus	Boletaceae	Boletales	Agaricomycetes		Basidiomycota		78.8308	4.93035e-158	59/10000	True
GCA_041722215.1_MAD-m47-Boletaceae	Boletaceae sp. KM206711	3	GCA_038094095.1_BD921Chile-Boletus-putidus	Boletus putidus	Boletus	Boletaceae	Boletales	Agaricomycetes		Basidiomycota		77.6517	3.25417e-122	46/10000	True
GCA_041722215.1_MAD-m47-Boletaceae	Boletaceae sp. KM206711	4	GCA_038089655.1_NY796215-Imleria-badia	Imleria badia	Imleria	Boletaceae	Boletales	Agaricomycetes		Basidiomycota		77.5475	1.13529e-117	45/10000	True
GCA_041722215.1_MAD-m47-Boletaceae	Boletaceae sp. KM206711	5	GCA_015039435.1_Xerba1	Imleria badia	Imleria	Boletaceae	Boletales	Agaricomycetes		Basidiomycota		77.4410	7.68239e-115	44/10000	True
GCA_041722215.1_MAD-m47-Boletaceae	Boletaceae sp. KM206711	6	GCA_038090735.1_MICH5365-Porphyrellus-amylosporus	Xerocomellus amylosporus	Xerocomellus	Boletaceae	Boletales	Agaricomycetes		Basidiomycota		77.4410	1.94438e-114	44/10000	True
GCA_041722215.1_MAD-m47-Boletaceae	Boletaceae sp. KM206711	7	GCA_038093095.1_MICH10017-Boletus-insuetus	Boletus insuetus	Boletus	Boletaceae	Boletales	Agaricomycetes		Basidiomycota		77.4410	2.61744e-113	44/10000	True
GCA_041722215.1_MAD-m47-Boletaceae	Boletaceae sp. KM206711	8	GCA_038090955.1_MICH4995-Boletellus-intermedius	Xerocomellus intermedius	Xerocomellus	Boletaceae	Boletales	Agaricomycetes		Basidiomycota		77.3320	1.07595e-113	43/10000	True
GCA_041722215.1_MAD-m47-Boletaceae	Boletaceae sp. KM206711	9	GCA_038091295.1_MICH12343-Tylopilus-felleus_var._uliginosus	Tylopilus felleus	Tylopilus	Boletaceae	Boletales	Agaricomycetes		Basidiomycota		77.3320	7.73161e-112	43/10000	True
GCA_041722215.1_MAD-m47-Boletaceae	Boletaceae sp. KM206711	10	GCA_038092395.1_MICH10063-Boletus-variipes_var._fagicola	Boletus variipes	Boletus	Boletaceae	Boletales	Agaricomycetes		Basidiomycota		77.3320	7.37919e-110	43/10000	True
GCA_041722195.1_MAD-m49-Boletaceae	Boletaceae sp. KM206713	1	GCA_041722215.1_MAD-m47-Boletaceae	Boletaceae sp. KM206711		Boletaceae	Boletales	Agaricomycetes		Basidiomycota		80.9307	3.13966e-265	92/10000	True
GCA_041722195.1_MAD-m49-Boletaceae	Boletaceae sp. KM206713	2	GCA_038094095.1_BD921Chile-Boletus-putidus	Boletus putidus	Boletus	Boletaceae	Boletales	Agaricomycetes		Basidiomycota		76.9890	1.94155e-103	40/10000	True
GCA_041722195.1_MAD-m49-Boletaceae	Boletaceae sp. KM206713	3	GCA_038091165.1_MICH24411-Boletus-pulcherrimus	Rubroboletus pulcherrimus	Rubroboletus	Boletaceae	Boletales	Agaricomycetes		Basidiomycota		75.9302	1.88416e-79	32/10000	True
GCA_041722195.1_MAD-m49-Boletaceae	Boletaceae sp. KM206713	4	GCA_038092655.1_MICH10045-Boletus-sensibilis_var._subviscidus	Boletus sensibilis	Boletus	Boletaceae	Boletales	Agaricomycetes		Basidiomycota		75.9302	7.035e-79	32/10000	True
GCA_041722195.1_MAD-m49-Boletaceae	Boletaceae sp. KM206713	5	GCA_038088975.1_TH9197-Xerocomus-cyaneibrunnescens	Xerocomus cyaneibrunnescens	Xerocomus	Boletaceae	Boletales	Agaricomycetes		Basidiomycota		75.7795	2.83157e-76	31/10000	True
GCA_041722195.1_MAD-m49-Boletaceae	Boletaceae sp. KM206713	6	GCA_038092355.1_MICH10105-Ceriomyces-inedulis	Caloboletus inedulis	Caloboletus	Boletaceae	Boletales	Agaricomycetes		Basidiomycota		75.7795	3.4485e-78	31/10000	True
GCA_041722195.1_MAD-m49-Boletaceae	Boletaceae sp. KM206713	7	GCA_038093355.1_MICH10006-Boletus-calvinii	Boletus calvinii	Boletus	Boletaceae	Boletales	Agaricomycetes		Basidiomycota		75.7795	2.61747e-78	31/10000	True
GCA_041722195.1_MAD-m49-Boletaceae	Boletaceae sp. KM206713	8	GCA_038088755.1_UT492-Boletus-aff-separans-TX	Boletus aff. separans	Boletus	Boletaceae	Boletales	Agaricomycetes		Basidiomycota		75.6239	2.19241e-73	30/10000	True
GCA_041722195.1_MAD-m49-Boletaceae	Boletaceae sp. KM206713	9	GCA_038090535.1_NY1034447-Tylopilus-alboater	Tylopilus alboater	Tylopilus	Boletaceae	Boletales	Agaricomycetes		Basidiomycota		75.6239	8.22691e-72	30/10000	True
GCA_041722195.1_MAD-m49-Boletaceae	Boletaceae sp. KM206713	10	GCA_038093155.1_MICH10014-Boletus-huronensis	Boletus huronensis	Boletus	Boletaceae	Boletales	Agaricomycetes		Basidiomycota		75.6239	2.77329e-74	30/10000	True
GCA_041722055.1_MAD-m75-Boletellus-sp	Boletaceae sp. KM206733	1	GCA_041722255.1_MAD-m38-Xerocomus-sp	Boletaceae sp. KM206700		Boletaceae	Boletales	Agaricomycetes		Basidiomycota		89.9364	0	643/10000	True
GCA_041722055.1_MAD-m75-Boletellus-sp	Boletaceae sp. KM206733	2	GCA_041722135.1_MAD-m73-Boletellus-sp	Boletaceae sp. KM206735		Boletaceae	Boletales	Agaricomycetes		Basidiomycota		89.5809	0	594/10000	True
GCA_041722055.1_MAD-m75-Boletellus-sp	Boletaceae sp. KM206733	3	GCA_038094075.1_BD886-Xerocomus-spinulosus	Xerocomus spinulosus	Xerocomus	Boletaceae	Boletales	Agaricomycetes		Basidiomycota		88.4635	0	464/10000	True
GCA_041722055.1_MAD-m75-Boletellus-sp	Boletaceae sp. KM206733	4	GCA_038094515.1_BD639-Xerocomus-spinulosus	Xerocomus spinulosus	Xerocomus	Boletaceae	Boletales	Agaricomycetes		Basidiomycota		88.4241	0	460/10000	True
GCA_041722055.1_MAD-m75-Boletellus-sp	Boletaceae sp. KM206733	5	GCA_041722155.1_MAD-m63-Boletellus-sp	Boletaceae sp. KM206743		Boletaceae	Boletales	Agaricomycetes		Basidiomycota		87.8088	0	402/10000	True
GCA_041722055.1_MAD-m75-Boletellus-sp	Boletaceae sp. KM206733	6	GCA_041722175.1_MAD-m71-Xerocomus-sp	Boletaceae sp. KM206737		Boletaceae	Boletales	Agaricomycetes		Basidiomycota		83.2933	0	152/10000	True
GCA_041722055.1_MAD-m75-Boletellus-sp	Boletaceae sp. KM206733	7	GCA_038092995.1_MICH10022-Boletus-minutiporus	Xerocomus minutiporus	Xerocomus	Boletaceae	Boletales	Agaricomycetes		Basidiomycota		79.7067	9.86827e-202	71/10000	True
GCA_041722055.1_MAD-m75-Boletellus-sp	Boletaceae sp. KM206733	8	GCA_038093055.1_MICH10019-Boletus-mariae	Boletus mariae	Boletus	Boletaceae	Boletales	Agaricomycetes		Basidiomycota		79.6396	2.24618e-198	70/10000	True
GCA_041722055.1_MAD-m75-Boletellus-sp	Boletaceae sp. KM206733	9	GCA_038093375.1_MICH10005-Boletus-brunneocitrinus	Xerocomus brunneocitrinus	Xerocomus	Boletaceae	Boletales	Agaricomycetes		Basidiomycota		79.6396	2.70568e-200	70/10000	True
GCA_041722055.1_MAD-m75-Boletellus-sp	Boletaceae sp. KM206733	10	GCA_038092475.1_MICH10061-Boletus-tomentosulus	Boletus tomentosulus	Boletus	Boletaceae	Boletales	Agaricomycetes		Basidiomycota		79.5716	1.45741e-195	69/10000	True
GCA_041722135.1_MAD-m73-Boletellus-sp	Boletaceae sp. KM206735	1	GCA_041722155.1_MAD-m63-Boletellus-sp	Boletaceae sp. KM206743		Boletaceae	Boletales	Agaricomycetes		Basidiomycota		96.2614	0	2954/10000	True
GCA_041722135.1_MAD-m73-Boletellus-sp	Boletaceae sp. KM206735	2	GCA_041722255.1_MAD-m38-Xerocomus-sp	Boletaceae sp. KM206700		Boletaceae	Boletales	Agaricomycetes		Basidiomycota		94.3736	0	1812/10000	True
GCA_041722135.1_MAD-m73-Boletellus-sp	Boletaceae sp. KM206735	3	GCA_038094075.1_BD886-Xerocomus-spinulosus	Xerocomus spinulosus	Xerocomus	Boletaceae	Boletales	Agaricomycetes		Basidiomycota		89.7369	0	615/10000	True
GCA_041722135.1_MAD-m73-Boletellus-sp	Boletaceae sp. KM206735	4	GCA_038094515.1_BD639-Xerocomus-spinulosus	Xerocomus spinulosus	Xerocomus	Boletaceae	Boletales	Agaricomycetes		Basidiomycota		89.6185	0	599/10000	True
GCA_041722135.1_MAD-m73-Boletellus-sp	Boletaceae sp. KM206735	5	GCA_041722055.1_MAD-m75-Boletellus-sp	Boletaceae sp. KM206733		Boletaceae	Boletales	Agaricomycetes		Basidiomycota		89.5809	0	594/10000	True
GCA_041722135.1_MAD-m73-Boletellus-sp	Boletaceae sp. KM206735	6	GCA_038092495.1_MICH10056-Boletus-subpalustris	Xerocomus subpalustris	Xerocomus	Boletaceae	Boletales	Agaricomycetes		Basidiomycota		79.2158	1.00518e-189	64/10000	True
GCA_041722135.1_MAD-m73-Boletellus-sp	Boletaceae sp. KM206735	7	GCA_038092435.1_MICH10058-Boletus-subtomentosus_var._perplexus	Xerocomus subtomentosus	Xerocomus	Boletaceae	Boletales	Agaricomycetes		Basidiomycota		79.0655	2.78576e-182	62/10000	True
GCA_041722135.1_MAD-m73-Boletellus-sp	Boletaceae sp. KM206735	8	GCA_038093035.1_MICH10023-Boletus-nancyae	Boletus nancyae	Boletus	Boletaceae	Boletales	Agaricomycetes		Basidiomycota		79.0655	1.09019e-180	62/10000	True
GCA_041722135.1_MAD-m73-Boletellus-sp	Boletaceae sp. KM206735	9	GCA_038093375.1_MICH10005-Boletus-brunneocitrinus	Xerocomus brunneocitrinus	Xerocomus	Boletaceae	Boletales	Agaricomycetes		Basidiomycota		78.9886	1.03501e-177	61/10000	True
GCA_041722135.1_MAD-m73-Boletellus-sp	Boletaceae sp. KM206735	10	GCA_038092475.1_MICH10061-Boletus-tomentosulus	Boletus tomentosulus	Boletus	Boletaceae	Boletales	Agaricomycetes		Basidiomycota		78.7498	7.83401e-167	58/10000	True
GCA_041722175.1_MAD-m71-Xerocomus-sp	Boletaceae sp. KM206737	1	GCA_041722255.1_MAD-m38-Xerocomus-sp	Boletaceae sp. KM206700		Boletaceae	Boletales	Agaricomycetes		Basidiomycota		84.3627	0	191/10000	True
GCA_041722175.1_MAD-m71-Xerocomus-sp	Boletaceae sp. KM206737	2	GCA_041722055.1_MAD-m75-Boletellus-sp	Boletaceae sp. KM206733		Boletaceae	Boletales	Agaricomycetes		Basidiomycota		83.2933	0	152/10000	True
GCA_041722175.1_MAD-m71-Xerocomus-sp	Boletaceae sp. KM206737	3	GCA_041722155.1_MAD-m63-Boletellus-sp	Boletaceae sp. KM206743		Boletaceae	Boletales	Agaricomycetes		Basidiomycota		79.9658	2.58684e-222	75/10000	True
GCA_041722175.1_MAD-m71-Xerocomus-sp	Boletaceae sp. KM206737	4	GCA_041722135.1_MAD-m73-Boletellus-sp	Boletaceae sp. KM206735		Boletaceae	Boletales	Agaricomycetes		Basidiomycota		78.3229	5.44399e-154	53/10000	True
GCA_041722175.1_MAD-m71-Xerocomus-sp	Boletaceae sp. KM206737	5	GCA_038094515.1_BD639-Xerocomus-spinulosus	Xerocomus spinulosus	Xerocomus	Boletaceae	Boletales	Agaricomycetes		Basidiomycota		77.6517	6.77553e-127	46/10000	True
GCA_041722175.1_MAD-m71-Xerocomus-sp	Boletaceae sp. KM206737	6	GCA_038094595.1_BD784-Pulveroboletus-sp1	Pulveroboletus aff. annulatus	Pulveroboletus	Boletaceae	Boletales	Agaricomycetes		Basidiomycota		77.6517	6.9013e-122	46/10000	True
GCA_041722175.1_MAD-m71-Xerocomus-sp	Boletaceae sp. KM206737	7	GCA_041722695.1_BD787-Tylopilus-sp1	Tylopilus sp. UT-M0000335	Tylopilus	Boletaceae	Boletales	Agaricomycetes		Basidiomycota		77.4410	4.2703e-120	44/10000	True
GCA_041722175.1_MAD-m71-Xerocomus-sp	Boletaceae sp. KM206737	8	GCA_038094475.1_BD652b-Phylloporus-sp5	Phylloporus aff. rhodophaeus	Phylloporus	Boletaceae	Boletales	Agaricomycetes		Basidiomycota		77.1061	1.9128e-110	41/10000	True
GCA_041722175.1_MAD-m71-Xerocomus-sp	Boletaceae sp. KM206737	9	GCA_038094075.1_BD886-Xerocomus-spinulosus	Xerocomus spinulosus	Xerocomus	Boletaceae	Boletales	Agaricomycetes		Basidiomycota		76.9890	2.75229e-108	40/10000	True
GCA_041722175.1_MAD-m71-Xerocomus-sp	Boletaceae sp. KM206737	10	GCA_038092715.1_MICH10047-Boletus-smithii	Boletus smithii	Boletus	Boletaceae	Boletales	Agaricomycetes		Basidiomycota		76.7457	4.52036e-101	38/10000	True
GCA_041722155.1_MAD-m63-Boletellus-sp	Boletaceae sp. KM206743	1	GCA_041722135.1_MAD-m73-Boletellus-sp	Boletaceae sp. KM206735		Boletaceae	Boletales	Agaricomycetes		Basidiomycota		96.2614	0	2954/10000	True
GCA_041722155.1_MAD-m63-Boletellus-sp	Boletaceae sp. KM206743	2	GCA_041722255.1_MAD-m38-Xerocomus-sp	Boletaceae sp. KM206700		Boletaceae	Boletales	Agaricomycetes		Basidiomycota		92.6361	0	1192/10000	True
GCA_041722155.1_MAD-m63-Boletellus-sp	Boletaceae sp. KM206743	3	GCA_041722055.1_MAD-m75-Boletellus-sp	Boletaceae sp. KM206733		Boletaceae	Boletales	Agaricomycetes		Basidiomycota		87.8088	0	402/10000	True
GCA_041722155.1_MAD-m63-Boletellus-sp	Boletaceae sp. KM206743	4	GCA_038094075.1_BD886-Xerocomus-spinulosus	Xerocomus spinulosus	Xerocomus	Boletaceae	Boletales	Agaricomycetes		Basidiomycota		87.0801	0	343/10000	True
GCA_041722155.1_MAD-m63-Boletellus-sp	Boletaceae sp. KM206743	5	GCA_038094515.1_BD639-Xerocomus-spinulosus	Xerocomus spinulosus	Xerocomus	Boletaceae	Boletales	Agaricomycetes		Basidiomycota		86.9851	0	336/10000	True
GCA_041722155.1_MAD-m63-Boletellus-sp	Boletaceae sp. KM206743	6	GCA_041722175.1_MAD-m71-Xerocomus-sp	Boletaceae sp. KM206737		Boletaceae	Boletales	Agaricomycetes		Basidiomycota		79.9658	2.58684e-222	75/10000	True
GCA_041722155.1_MAD-m63-Boletellus-sp	Boletaceae sp. KM206743	7	GCA_038090895.1_MICH5000-Boletus-bicoloroides	Boletus bicoloroides	Boletus	Boletaceae	Boletales	Agaricomycetes		Basidiomycota		76.3555	6.77687e-93	35/10000	True
GCA_041722155.1_MAD-m63-Boletellus-sp	Boletaceae sp. KM206743	8	GCA_038092495.1_MICH10056-Boletus-subpalustris	Xerocomus subpalustris	Xerocomus	Boletaceae	Boletales	Agaricomycetes		Basidiomycota		76.2180	2.55759e-89	34/10000	True
GCA_041722155.1_MAD-m63-Boletellus-sp	Boletaceae sp. KM206743	9	GCA_038092715.1_MICH10047-Boletus-smithii	Boletus smithii	Boletus	Boletaceae	Boletales	Agaricomycetes		Basidiomycota		76.2180	1.71312e-87	34/10000	True
GCA_041722155.1_MAD-m63-Boletellus-sp	Boletaceae sp. KM206743	10	GCA_038093035.1_MICH10023-Boletus-nancyae	Boletus nancyae	Boletus	Boletaceae	Boletales	Agaricomycetes		Basidiomycota		76.2180	9.21088e-88	34/10000	True
GCA_041722575.1_CTN08-007-Boletaceae	Boletaceae sp. TRTC157208	1	GCA_041722895.1_BD667-Xdrocomus-sp8	Xerocomus sp. UT-M0000266	Xerocomus	Boletaceae	Boletales	Agaricomycetes		Basidiomycota		83.7063	0	166/10000	True
GCA_041722575.1_CTN08-007-Boletaceae	Boletaceae sp. TRTC157208	2	GCA_041722775.1_BD778	Phylloporus sp. UT-M0000405	Phylloporus	Boletaceae	Boletales	Agaricomycetes		Basidiomycota		83.5338	0	160/10000	True
GCA_041722575.1_CTN08-007-Boletaceae	Boletaceae sp. TRTC157208	3	GCA_038094315.1_BD719-Phylloporus-cf-tubipes	Phylloporus cf. tubipes	Phylloporus	Boletaceae	Boletales	Agaricomycetes		Basidiomycota		83.0069	0	143/10000	True
GCA_041722575.1_CTN08-007-Boletaceae	Boletaceae sp. TRTC157208	4	GCA_038090955.1_MICH4995-Boletellus-intermedius	Xerocomellus intermedius	Xerocomellus	Boletaceae	Boletales	Agaricomycetes		Basidiomycota		79.7729	9.57102e-209	72/10000	True
GCA_041722575.1_CTN08-007-Boletaceae	Boletaceae sp. TRTC157208	5	GCA_038090735.1_MICH5365-Porphyrellus-amylosporus	Xerocomellus amylosporus	Xerocomellus	Boletaceae	Boletales	Agaricomycetes		Basidiomycota		79.0655	4.42935e-173	62/10000	True
GCA_041722575.1_CTN08-007-Boletaceae	Boletaceae sp. TRTC157208	6	GCA_038093235.1_MICH10011-Boletus-harrisonii	Boletus harrisonii	Boletus	Boletaceae	Boletales	Agaricomycetes		Basidiomycota		78.6675	7.62275e-155	57/10000	True
GCA_041722575.1_CTN08-007-Boletaceae	Boletaceae sp. TRTC157208	7	GCA_038090935.1_MICH4999-Boletus-campestris	Hortiboletus campestris	Hortiboletus	Boletaceae	Boletales	Agaricomycetes		Basidiomycota		78.4984	3.78343e-148	55/10000	True
GCA_041722575.1_CTN08-007-Boletaceae	Boletaceae sp. TRTC157208	8	GCA_015039435.1_Xerba1	Imleria badia	Imleria	Boletaceae	Boletales	Agaricomycetes		Basidiomycota		78.3229	5.00054e-145	53/10000	True
GCA_041722575.1_CTN08-007-Boletaceae	Boletaceae sp. TRTC157208	9	GCA_038092515.1_MICH10057-Boletus-subparvulus	Boletus subparvulus	Boletus	Boletaceae	Boletales	Agaricomycetes		Basidiomycota		78.3229	7.49483e-142	53/10000	True
GCA_041722575.1_CTN08-007-Boletaceae	Boletaceae sp. TRTC157208	10	GCA_038093415.1_MICH10003-Boletus-chrysenteron_var._subnudipes	Xerocomellus chrysenteron	Xerocomellus	Boletaceae	Boletales	Agaricomycetes		Basidiomycota		78.3229	6.64534e-143	53/10000	True
GCA_041722635.1_CTN08-029	Boletaceae sp. TRTC157229	1	GCA_041721755.1_SWK373-Phylloporus-sp	Phylloporus sp. TRTC168546	Phylloporus	Boletaceae	Boletales	Agaricomycetes		Basidiomycota		80.3295	1.06021e-254	81/10000	True
GCA_041722635.1_CTN08-029	Boletaceae sp. TRTC157229	2	GCA_041722595.1_BD890-Emersons-bolete	Boletaceae sp. UT-M0000358		Boletaceae	Boletales	Agaricomycetes		Basidiomycota		79.9658	3.74976e-211	75/10000	True
GCA_041722635.1_CTN08-029	Boletaceae sp. TRTC157229	3	GCA_041722075.1_Mulu15-Pulveroboletus-aff-icterinus	Pulveroboletus sp. KM172995	Pulveroboletus	Boletaceae	Boletales	Agaricomycetes		Basidiomycota		78.9103	9.63958e-159	60/10000	True
GCA_041722635.1_CTN08-029	Boletaceae sp. TRTC157229	4	GCA_038089655.1_NY796215-Imleria-badia	Imleria badia	Imleria	Boletaceae	Boletales	Agaricomycetes		Basidiomycota		78.2327	1.38511e-137	52/10000	True
GCA_041722635.1_CTN08-029	Boletaceae sp. TRTC157229	5	GCA_015039435.1_Xerba1	Imleria badia	Imleria	Boletaceae	Boletales	Agaricomycetes		Basidiomycota		78.1407	9.27573e-135	51/10000	True
GCA_041722635.1_CTN08-029	Boletaceae sp. TRTC157229	6	GCA_038094095.1_BD921Chile-Boletus-putidus	Boletus putidus	Boletus	Boletaceae	Boletales	Agaricomycetes		Basidiomycota		77.8534	3.72129e-127	48/10000	True
GCA_041722635.1_CTN08-029	Boletaceae sp. TRTC157229	7	GCA_038090535.1_NY1034447-Tylopilus-alboater	Tylopilus alboater	Tylopilus	Boletaceae	Boletales	Agaricomycetes		Basidiomycota		77.5475	2.58915e-114	45/10000	True
GCA_041722635.1_CTN08-029	Boletaceae sp. TRTC157229	8	GCA_038093465.1_MICH10001-Boletus-bicolor_var._subreticulatus	Boletus bicolor	Boletus	Boletaceae	Boletales	Agaricomycetes		Basidiomycota		77.5475	9.1877e-115	45/10000	True
GCA_041722635.1_CTN08-029	Boletaceae sp. TRTC157229	9	GCA_038091275.1_MICH12347-Tylopilus-subfusipes	Tylopilus subfusipes	Tylopilus	Boletaceae	Boletales	Agaricomycetes		Basidiomycota		77.3320	1.24635e-107	43/10000	True
GCA_041722635.1_CTN08-029	Boletaceae sp. TRTC157229	10	GCA_038089495.1_PAM-Xerocomus-dryophilus	Xerocomellus dryophilus	Xerocomellus	Boletaceae	Boletales	Agaricomycetes		Basidiomycota		77.2204	9.82539e-108	42/10000	True
GCA_041722495.1_CTN08-049-Leccinum-sp	Boletaceae sp. TRTC157249	1	GCA_038089755.1_NY577517-Leccinum-rugosiceps	Leccinellum rugosiceps	Leccinellum	Boletaceae	Boletales	Agaricomycetes		Basidiomycota		78.6675	3.33653e-154	57/10000	True
GCA_041722495.1_CTN08-049-Leccinum-sp	Boletaceae sp. TRTC157249	2	GCA_041721895.1_SWK246-Leccinum-sp	Leccinum sp. TRTC168399	Leccinum	Boletaceae	Boletales	Agaricomycetes		Basidiomycota		78.5837	4.76147e-152	56/10000	True
GCA_041722495.1_CTN08-049-Leccinum-sp	Boletaceae sp. TRTC157249	3	GCA_038091535.1_MICH11288-Leccinum-subspadiceum	Leccinum subspadiceum	Leccinum	Boletaceae	Boletales	Agaricomycetes		Basidiomycota		78.0469	1.74062e-134	50/10000	True
GCA_041722495.1_CTN08-049-Leccinum-sp	Boletaceae sp. TRTC157249	4	GCA_038091855.1_MICH11267-Leccinum-luteum	Leccinellum luteum	Leccinellum	Boletaceae	Boletales	Agaricomycetes		Basidiomycota		78.0469	5.9188e-133	50/10000	True
GCA_041722495.1_CTN08-049-Leccinum-sp	Boletaceae sp. TRTC157249	5	GCA_038091055.1_MICH351-Leccinum-angustisporum	Leccinum angustisporum	Leccinum	Boletaceae	Boletales	Agaricomycetes		Basidiomycota		77.9511	7.25833e-129	49/10000	True
GCA_041722495.1_CTN08-049-Leccinum-sp	Boletaceae sp. TRTC157249	6	GCA_038091415.1_MICH11293-Leccinum-variicolor	Leccinum variicolor	Leccinum	Boletaceae	Boletales	Agaricomycetes		Basidiomycota		77.9511	1.48879e-131	49/10000	True
GCA_041722495.1_CTN08-049-Leccinum-sp	Boletaceae sp. TRTC157249	7	GCA_038092235.1_MICH11247-Leccinum-boreale	Leccinum boreale	Leccinum	Boletaceae	Boletales	Agaricomycetes		Basidiomycota		77.9511	1.42987e-132	49/10000	True
GCA_041722495.1_CTN08-049-Leccinum-sp	Boletaceae sp. TRTC157249	8	GCA_038091635.1_MICH11281-Leccinum-snellii	Leccinum snellii	Leccinum	Boletaceae	Boletales	Agaricomycetes		Basidiomycota		77.8534	3.37618e-128	48/10000	True
GCA_041722495.1_CTN08-049-Leccinum-sp	Boletaceae sp. TRTC157249	9	GCA_038093135.1_MICH10018-Boletus-longicurvipes	Leccinum longicurvipes	Leccinum	Boletaceae	Boletales	Agaricomycetes		Basidiomycota		77.8534	1.67922e-130	48/10000	True
GCA_041722495.1_CTN08-049-Leccinum-sp	Boletaceae sp. TRTC157249	10	GCA_038091575.1_MICH11284-Leccinum-subgranulosum	Leccinum subgranulosum	Leccinum	Boletaceae	Boletales	Agaricomycetes		Basidiomycota		77.7536	3.13484e-125	47/10000	True
GCA_041722475.1_CTN08-051-Boletaceae	Boletaceae sp. TRTC157251	1	GCA_038094095.1_BD921Chile-Boletus-putidus	Boletus putidus	Boletus	Boletaceae	Boletales	Agaricomycetes		Basidiomycota		77.4410	3.34263e-115	44/10000	True
GCA_041722475.1_CTN08-051-Boletaceae	Boletaceae sp. TRTC157251	2	GCA_041722115.1_MU-11-Boletaceae	Boletaceae sp. TRTC163558		Boletaceae	Boletales	Agaricomycetes		Basidiomycota		77.4410	4.3721e-115	44/10000	True
GCA_041722475.1_CTN08-051-Boletaceae	Boletaceae sp. TRTC157251	3	GCA_038090955.1_MICH4995-Boletellus-intermedius	Xerocomellus intermedius	Xerocomellus	Boletaceae	Boletales	Agaricomycetes		Basidiomycota		76.9890	8.19697e-104	40/10000	True
GCA_041722475.1_CTN08-051-Boletaceae	Boletaceae sp. TRTC157251	4	GCA_038093415.1_MICH10003-Boletus-chrysenteron_var._subnudipes	Xerocomellus chrysenteron	Xerocomellus	Boletaceae	Boletales	Agaricomycetes		Basidiomycota		76.9890	4.41724e-100	40/10000	True
GCA_041722475.1_CTN08-051-Boletaceae	Boletaceae sp. TRTC157251	5	GCA_041722435.1_DLT08-057-Porphyrellus-sp	Porphyrellus sp. TRTC161176	Porphyrellus	Boletaceae	Boletales	Agaricomycetes		Basidiomycota		76.7457	4.36436e-96	38/10000	True
GCA_041722475.1_CTN08-051-Boletaceae	Boletaceae sp. TRTC157251	6	GCA_038090535.1_NY1034447-Tylopilus-alboater	Tylopilus alboater	Tylopilus	Boletaceae	Boletales	Agaricomycetes		Basidiomycota		76.6192	2.58801e-91	37/10000	True
GCA_041722475.1_CTN08-051-Boletaceae	Boletaceae sp. TRTC157251	7	GCA_038092355.1_MICH10105-Ceriomyces-inedulis	Caloboletus inedulis	Caloboletus	Boletaceae	Boletales	Agaricomycetes		Basidiomycota		76.6192	1.15569e-95	37/10000	True
GCA_041722475.1_CTN08-051-Boletaceae	Boletaceae sp. TRTC157251	8	GCA_038090735.1_MICH5365-Porphyrellus-amylosporus	Xerocomellus amylosporus	Xerocomellus	Boletaceae	Boletales	Agaricomycetes		Basidiomycota		76.4892	5.64447e-90	36/10000	True
GCA_041722475.1_CTN08-051-Boletaceae	Boletaceae sp. TRTC157251	9	GCA_038092515.1_MICH10057-Boletus-subparvulus	Boletus subparvulus	Boletus	Boletaceae	Boletales	Agaricomycetes		Basidiomycota		76.4892	9.99563e-88	36/10000	True
GCA_041722475.1_CTN08-051-Boletaceae	Boletaceae sp. TRTC157251	10	GCA_038093455.1_MICH10002-Boletus-carminipes	Lanmaoa carminipes	Lanmaoa	Boletaceae	Boletales	Agaricomycetes		Basidiomycota		76.4892	4.9025e-90	36/10000	True
GCA_041722115.1_MU-11-Boletaceae	Boletaceae sp. TRTC163558	1	GCA_038090955.1_MICH4995-Boletellus-intermedius	Xerocomellus intermedius	Xerocomellus	Boletaceae	Boletales	Agaricomycetes		Basidiomycota		86.4466	0	299/10000	True
GCA_041722115.1_MU-11-Boletaceae	Boletaceae sp. TRTC163558	2	GCA_038090735.1_MICH5365-Porphyrellus-amylosporus	Xerocomellus amylosporus	Xerocomellus	Boletaceae	Boletales	Agaricomycetes		Basidiomycota		85.6540	0	252/10000	True
GCA_041722115.1_MU-11-Boletaceae	Boletaceae sp. TRTC163558	3	GCA_038093415.1_MICH10003-Boletus-chrysenteron_var._subnudipes	Xerocomellus chrysenteron	Xerocomellus	Boletaceae	Boletales	Agaricomycetes		Basidiomycota		85.1062	0	224/10000	True
GCA_041722115.1_MU-11-Boletaceae	Boletaceae sp. TRTC163558	4	GCA_038089495.1_PAM-Xerocomus-dryophilus	Xerocomellus dryophilus	Xerocomellus	Boletaceae	Boletales	Agaricomycetes		Basidiomycota		84.7831	0	209/10000	True
GCA_041722115.1_MU-11-Boletaceae	Boletaceae sp. TRTC163558	5	GCA_038092515.1_MICH10057-Boletus-subparvulus	Boletus subparvulus	Boletus	Boletaceae	Boletales	Agaricomycetes		Basidiomycota		84.7608	0	208/10000	True
GCA_041722115.1_MU-11-Boletaceae	Boletaceae sp. TRTC163558	6	GCA_038093075.1_MICH10024-Boletus-patriciae	Boletus patriciae	Boletus	Boletaceae	Boletales	Agaricomycetes		Basidiomycota		84.0067	0	177/10000	True
GCA_041722115.1_MU-11-Boletaceae	Boletaceae sp. TRTC163558	7	GCA_038092595.1_MICH10052-Boletus-subdepauperatus	Boletus subdepauperatus	Boletus	Boletaceae	Boletales	Agaricomycetes		Basidiomycota		83.9802	0	176/10000	True
GCA_041722115.1_MU-11-Boletaceae	Boletaceae sp. TRTC163558	8	GCA_038092655.1_MICH10045-Boletus-sensibilis_var._subviscidus	Boletus sensibilis	Boletus	Boletaceae	Boletales	Agaricomycetes		Basidiomycota		83.2624	0	151/10000	True
GCA_041722115.1_MU-11-Boletaceae	Boletaceae sp. TRTC163558	9	GCA_038094095.1_BD921Chile-Boletus-putidus	Boletus putidus	Boletus	Boletaceae	Boletales	Agaricomycetes		Basidiomycota		83.1364	0	147/10000	True
GCA_041722115.1_MU-11-Boletaceae	Boletaceae sp. TRTC163558	10	GCA_038093015.1_MICH10020-Boletus-miniato-pallescens	Lanmaoa miniatopallescens	Lanmaoa	Boletaceae	Boletales	Agaricomycetes		Basidiomycota		82.9740	0	142/10000	True
GCA_041721915.1_SWK177-Boletaceae	Boletaceae sp. TRTC168347	1	GCA_038092715.1_MICH10047-Boletus-smithii	Boletus smithii	Boletus	Boletaceae	Boletales	Agaricomycetes		Basidiomycota		83.8997	0	173/10000	True
GCA_041721915.1_SWK177-Boletaceae	Boletaceae sp. TRTC168347	2	GCA_038090895.1_MICH5000-Boletus-bicoloroides	Boletus bicoloroides	Boletus	Boletaceae	Boletales	Agaricomycetes		Basidiomycota		82.8737	0	139/10000	True
GCA_041721915.1_SWK177-Boletaceae	Boletaceae sp. TRTC168347	3	GCA_038093175.1_MICH10013-Boletus-hoseneae	Boletus hoseneyae	Boletus	Boletaceae	Boletales	Agaricomycetes		Basidiomycota		80.8269	1.27414e-273	90/10000	True
GCA_041721915.1_SWK177-Boletaceae	Boletaceae sp. TRTC168347	4	GCA_038091035.1_MICH40049-Boletus-hortonii	Hemileccinum hortonii	Hemileccinum	Boletaceae	Boletales	Agaricomycetes		Basidiomycota		80.6123	8.43237e-257	86/10000	True
GCA_041721915.1_SWK177-Boletaceae	Boletaceae sp. TRTC168347	5	GCA_038090955.1_MICH4995-Boletellus-intermedius	Xerocomellus intermedius	Xerocomellus	Boletaceae	Boletales	Agaricomycetes		Basidiomycota		80.5012	6.55399e-254	84/10000	True
GCA_041721915.1_SWK177-Boletaceae	Boletaceae sp. TRTC168347	6	GCA_965113095.1_gfAurGent2.1	Aureoboletus gentilis	Aureoboletus	Boletaceae	Boletales	Agaricomycetes		Basidiomycota		80.3874	2.7917e-243	82/10000	True
GCA_041721915.1_SWK177-Boletaceae	Boletaceae sp. TRTC168347	7	GCA_038092655.1_MICH10045-Boletus-sensibilis_var._subviscidus	Boletus sensibilis	Boletus	Boletaceae	Boletales	Agaricomycetes		Basidiomycota		80.3295	1.13032e-240	81/10000	True
GCA_041721915.1_SWK177-Boletaceae	Boletaceae sp. TRTC168347	8	GCA_038093015.1_MICH10020-Boletus-miniato-pallescens	Lanmaoa miniatopallescens	Lanmaoa	Boletaceae	Boletales	Agaricomycetes		Basidiomycota		80.3295	1.79242e-247	81/10000	True
GCA_041721915.1_SWK177-Boletaceae	Boletaceae sp. TRTC168347	9	GCA_038090975.1_MICH4994-Boletellus-pseudochrysenteroides	Boletellus pseudochrysenteroides	Boletellus	Boletaceae	Boletales	Agaricomycetes		Basidiomycota		80.2708	8.04116e-237	80/10000	True
GCA_041721915.1_SWK177-Boletaceae	Boletaceae sp. TRTC168347	10	GCA_003316335.1_ASM331633v1	Hemileccinum impolitum	Hemileccinum	Boletaceae	Boletales	Agaricomycetes		Basidiomycota		80.2114	2.45838e-233	79/10000	True
GCA_041721795.1_SWK351-Boletaceae	Boletaceae sp. TRTC168532	1	GCA_038092535.1_MICH10054-Boletus-subilludens	Xerocomus subilludens	Xerocomus	Boletaceae	Boletales	Agaricomycetes		Basidiomycota		81.3708	3.38247e-278	101/10000	True
GCA_041721795.1_SWK351-Boletaceae	Boletaceae sp. TRTC168532	2	GCA_038092715.1_MICH10047-Boletus-smithii	Boletus smithii	Boletus	Boletaceae	Boletales	Agaricomycetes		Basidiomycota		80.0284	2.668e-207	76/10000	True
GCA_041721795.1_SWK351-Boletaceae	Boletaceae sp. TRTC168532	3	GCA_038090895.1_MICH5000-Boletus-bicoloroides	Boletus bicoloroides	Boletus	Boletaceae	Boletales	Agaricomycetes		Basidiomycota		78.5837	2.55935e-151	56/10000	True
GCA_041721795.1_SWK351-Boletaceae	Boletaceae sp. TRTC168532	4	GCA_038089615.1_NY815461-Aureoboletus-auriporus	Aureoboletus auriporus	Aureoboletus	Boletaceae	Boletales	Agaricomycetes		Basidiomycota		78.1407	2.83174e-125	51/10000	True
GCA_041721795.1_SWK351-Boletaceae	Boletaceae sp. TRTC168532	5	GCA_041721915.1_SWK177-Boletaceae	Boletaceae sp. TRTC168347		Boletaceae	Boletales	Agaricomycetes		Basidiomycota		78.0469	3.11929e-134	50/10000	True
GCA_041721795.1_SWK351-Boletaceae	Boletaceae sp. TRTC168532	6	GCA_965113095.1_gfAurGent2.1	Aureoboletus gentilis	Aureoboletus	Boletaceae	Boletales	Agaricomycetes		Basidiomycota		77.7536	1.69819e-117	47/10000	True
GCA_041721795.1_SWK351-Boletaceae	Boletaceae sp. TRTC168532	7	GCA_038090975.1_MICH4994-Boletellus-pseudochrysenteroides	Boletellus pseudochrysenteroides	Boletellus	Boletaceae	Boletales	Agaricomycetes		Basidiomycota		77.2204	2.16114e-103	42/10000	True
GCA_041721795.1_SWK351-Boletaceae	Boletaceae sp. TRTC168532	8	GCA_038089535.1_NY817393-Hemileccinum-rubropunctus	Hemileccinum rubropunctum	Hemileccinum	Boletaceae	Boletales	Agaricomycetes		Basidiomycota		76.9890	2.05912e-97	40/10000	True
GCA_041721795.1_SWK351-Boletaceae	Boletaceae sp. TRTC168532	9	GCA_003315995.1_ASM331599v1	Butyriboletus roseoflavus	Butyriboletus	Boletaceae	Boletales	Agaricomycetes		Basidiomycota		76.7457	2.62413e-96	38/10000	True
GCA_041721795.1_SWK351-Boletaceae	Boletaceae sp. TRTC168532	10	GCA_020310465.1_ASM2031046v1	Lanmaoa asiatica	Lanmaoa	Boletaceae	Boletales	Agaricomycetes		Basidiomycota		76.7457	1.79301e-90	38/10000	True
GCA_041721715.1_SWK385-Boletaceae	Boletaceae sp. TRTC168571	1	GCA_039955225.1_Aver_NBRC115547_1.0	Aspergillus verrucosus	Aspergillus	Aspergillaceae	Eurotiales	Eurotiomycetes		Ascomycota		89.2424	0	551/10000	True
GCA_041721715.1_SWK385-Boletaceae	Boletaceae sp. TRTC168571	2	GCA_041722535.1_BTNG65-Boletaceae	Tylopilus sp. TRTC175187	Tylopilus	Boletaceae	Boletales	Agaricomycetes		Basidiomycota		83.7624	0	168/10000	True
GCA_041721715.1_SWK385-Boletaceae	Boletaceae sp. TRTC168571	3	GCA_038091215.1_MICH139781-Retiboletus-ornatipes	Retiboletus ornatipes	Retiboletus	Boletaceae	Boletales	Agaricomycetes		Basidiomycota		77.9511	2.19217e-125	49/10000	True
GCA_041721715.1_SWK385-Boletaceae	Boletaceae sp. TRTC168571	4	GCA_003313885.1_ASM331388v1	Boletus sp. MG55	Boletus	Boletaceae	Boletales	Agaricomycetes		Basidiomycota		77.1061	2.12948e-102	41/10000	True
GCA_041721715.1_SWK385-Boletaceae	Boletaceae sp. TRTC168571	5	GCA_038089835.1_NY354083-Retiboletus-flavoniger	Retiboletus flavoniger	Retiboletus	Boletaceae	Boletales	Agaricomycetes		Basidiomycota		76.6192	2.86455e-89	37/10000	True
GCA_041721715.1_SWK385-Boletaceae	Boletaceae sp. TRTC168571	6	GCA_038093795.1_DLT08-087-Retiboletus-fuscus	Retiboletus fuscus	Retiboletus	Boletaceae	Boletales	Agaricomycetes		Basidiomycota		76.6192	5.9911e-90	37/10000	True
GCA_041721715.1_SWK385-Boletaceae	Boletaceae sp. TRTC168571	7	GCA_025371055.2_ASM2537105v2	Neoboletus subvelutipes	Neoboletus	Boletaceae	Boletales	Agaricomycetes		Basidiomycota		76.4892	7.81951e-96	36/10000	True
GCA_041721715.1_SWK385-Boletaceae	Boletaceae sp. TRTC168571	8	GCA_038089735.1_NY75261-Boletus-frostii	Exsudoporus frostii	Exsudoporus	Boletaceae	Boletales	Agaricomycetes		Basidiomycota		76.3555	1.37942e-87	35/10000	True
GCA_041721715.1_SWK385-Boletaceae	Boletaceae sp. TRTC168571	9	GCA_038090535.1_NY1034447-Tylopilus-alboater	Tylopilus alboater	Tylopilus	Boletaceae	Boletales	Agaricomycetes		Basidiomycota		76.2180	3.9801e-82	34/10000	True
GCA_041721715.1_SWK385-Boletaceae	Boletaceae sp. TRTC168571	10	GCA_038093155.1_MICH10014-Boletus-huronensis	Boletus huronensis	Boletus	Boletaceae	Boletales	Agaricomycetes		Basidiomycota		76.2180	4.37023e-85	34/10000	True
GCA_041721695.1_SWK386-Pulchroboletus-cf	Boletaceae sp. TRTC168574	1	GCA_003316065.1_ASM331606v1	Retiboletus ornatipes	Retiboletus	Boletaceae	Boletales	Agaricomycetes		Basidiomycota		81.1314	7.68119e-297	96/10000	True
GCA_041721695.1_SWK386-Pulchroboletus-cf	Boletaceae sp. TRTC168574	2	GCA_003315995.1_ASM331599v1	Butyriboletus roseoflavus	Butyriboletus	Boletaceae	Boletales	Agaricomycetes		Basidiomycota		81.0321	6.3879e-290	94/10000	True
GCA_041721695.1_SWK386-Pulchroboletus-cf	Boletaceae sp. TRTC168574	3	GCA_003316055.1_ASM331605v1	Boletus speciosus	Boletus	Boletaceae	Boletales	Agaricomycetes		Basidiomycota		80.9817	4.59313e-286	93/10000	True
GCA_041721695.1_SWK386-Pulchroboletus-cf	Boletaceae sp. TRTC168574	4	GCA_038089735.1_NY75261-Boletus-frostii	Exsudoporus frostii	Exsudoporus	Boletaceae	Boletales	Agaricomycetes		Basidiomycota		80.9817	3.0495e-282	93/10000	True
GCA_041721695.1_SWK386-Pulchroboletus-cf	Boletaceae sp. TRTC168574	5	GCA_038092655.1_MICH10045-Boletus-sensibilis_var._subviscidus	Boletus sensibilis	Boletus	Boletaceae	Boletales	Agaricomycetes		Basidiomycota		80.9307	4.82421e-277	92/10000	True
GCA_041721695.1_SWK386-Pulchroboletus-cf	Boletaceae sp. TRTC168574	6	GCA_025371055.2_ASM2537105v2	Neoboletus subvelutipes	Neoboletus	Boletaceae	Boletales	Agaricomycetes		Basidiomycota		80.8791	1.267e-285	91/10000	True
GCA_041721695.1_SWK386-Pulchroboletus-cf	Boletaceae sp. TRTC168574	7	GCA_019364595.1_ASM1936459v1	Butyriboletus roseoflavus	Butyriboletus	Boletaceae	Boletales	Agaricomycetes		Basidiomycota		80.7209	2.00117e-265	88/10000	True
GCA_041721695.1_SWK386-Pulchroboletus-cf	Boletaceae sp. TRTC168574	8	GCA_038090375.1_NY13528-Boletus-rubroflammeus	Boletus rubroflammeus	Boletus	Boletaceae	Boletales	Agaricomycetes		Basidiomycota		80.7209	8.26164e-263	88/10000	True
GCA_041721695.1_SWK386-Pulchroboletus-cf	Boletaceae sp. TRTC168574	9	GCA_038092915.1_MICH10028-Boletus-pseudopeckii	Boletus pseudopeckii	Boletus	Boletaceae	Boletales	Agaricomycetes		Basidiomycota		80.7209	8.13437e-268	88/10000	True
GCA_041721695.1_SWK386-Pulchroboletus-cf	Boletaceae sp. TRTC168574	10	GCA_041722415.1_DLT08-121-Butyriboletus-sp	Butyriboletus sp. TRTC157195	Butyriboletus	Boletaceae	Boletales	Agaricomycetes		Basidiomycota		80.6669	9.99042e-266	87/10000	True
GCA_041722595.1_BD890-Emersons-bolete	Boletaceae sp. UT-M0000358	1	GCA_038094095.1_BD921Chile-Boletus-putidus	Boletus putidus	Boletus	Boletaceae	Boletales	Agaricomycetes		Basidiomycota		81.0820	1.15129e-282	95/10000	True
GCA_041722595.1_BD890-Emersons-bolete	Boletaceae sp. UT-M0000358	2	GCA_038090955.1_MICH4995-Boletellus-intermedius	Xerocomellus intermedius	Xerocomellus	Boletaceae	Boletales	Agaricomycetes		Basidiomycota		80.9817	4.02447e-277	93/10000	True
GCA_041722595.1_BD890-Emersons-bolete	Boletaceae sp. UT-M0000358	3	GCA_038093355.1_MICH10006-Boletus-calvinii	Boletus calvinii	Boletus	Boletaceae	Boletales	Agaricomycetes		Basidiomycota		80.7742	1.45871e-265	89/10000	True
GCA_041722595.1_BD890-Emersons-bolete	Boletaceae sp. UT-M0000358	4	GCA_015039435.1_Xerba1	Imleria badia	Imleria	Boletaceae	Boletales	Agaricomycetes		Basidiomycota		80.2708	3.99517e-230	80/10000	True
GCA_041722595.1_BD890-Emersons-bolete	Boletaceae sp. UT-M0000358	5	GCA_038089655.1_NY796215-Imleria-badia	Imleria badia	Imleria	Boletaceae	Boletales	Agaricomycetes		Basidiomycota		80.2114	1.53646e-226	79/10000	True
GCA_041722595.1_BD890-Emersons-bolete	Boletaceae sp. UT-M0000358	6	GCA_038090735.1_MICH5365-Porphyrellus-amylosporus	Xerocomellus amylosporus	Xerocomellus	Boletaceae	Boletales	Agaricomycetes		Basidiomycota		80.0902	1.29084e-219	77/10000	True
GCA_041722595.1_BD890-Emersons-bolete	Boletaceae sp. UT-M0000358	7	GCA_038093395.1_MICH10004-Boletus-bicolor_var._borealis	Baorangia bicolor	Baorangia	Boletaceae	Boletales	Agaricomycetes		Basidiomycota		80.0902	2.77787e-216	77/10000	True
GCA_041722595.1_BD890-Emersons-bolete	Boletaceae sp. UT-M0000358	8	GCA_038089495.1_PAM-Xerocomus-dryophilus	Xerocomellus dryophilus	Xerocomellus	Boletaceae	Boletales	Agaricomycetes		Basidiomycota		80.0284	5.27266e-217	76/10000	True
GCA_041722595.1_BD890-Emersons-bolete	Boletaceae sp. UT-M0000358	9	GCA_038093415.1_MICH10003-Boletus-chrysenteron_var._subnudipes	Xerocomellus chrysenteron	Xerocomellus	Boletaceae	Boletales	Agaricomycetes		Basidiomycota		79.9658	1.54967e-210	75/10000	True
GCA_041722595.1_BD890-Emersons-bolete	Boletaceae sp. UT-M0000358	10	GCA_041722635.1_CTN08-029	Boletaceae sp. TRTC157229		Boletaceae	Boletales	Agaricomycetes		Basidiomycota		79.9658	3.74976e-211	75/10000	True
GCA_038090395.1_NY1393526-Hemioporus-cooloolae	Boletales sp. KT-2023a	1	GCA_038089675.1_NY815477-Hemioporus-ivoryi	Boletales sp. KT-2023b			Boletales	Agaricomycetes		Basidiomycota		90.2899	0	696/10000	True
GCA_038090395.1_NY1393526-Hemioporus-cooloolae	Boletales sp. KT-2023a	2	GCA_038094615.1_BD623-Heimioporus	Heimioporus aff. retisporus	Heimioporus	Boletaceae	Boletales	Agaricomycetes		Basidiomycota		88.2731	0	445/10000	True
GCA_038090395.1_NY1393526-Hemioporus-cooloolae	Boletales sp. KT-2023a	3	GCA_038090495.1_NY1115402-Heimioporus-retisporus	Heimioporus retisporus	Heimioporus	Boletaceae	Boletales	Agaricomycetes		Basidiomycota		87.1467	0	348/10000	True
GCA_038090395.1_NY1393526-Hemioporus-cooloolae	Boletales sp. KT-2023a	4	GCA_038092715.1_MICH10047-Boletus-smithii	Boletus smithii	Boletus	Boletaceae	Boletales	Agaricomycetes		Basidiomycota		77.8534	3.52886e-126	48/10000	True
GCA_038090395.1_NY1393526-Hemioporus-cooloolae	Boletales sp. KT-2023a	5	GCA_038090895.1_MICH5000-Boletus-bicoloroides	Boletus bicoloroides	Boletus	Boletaceae	Boletales	Agaricomycetes		Basidiomycota		77.6517	6.16769e-124	46/10000	True
GCA_038090395.1_NY1393526-Hemioporus-cooloolae	Boletales sp. KT-2023a	6	GCA_038090975.1_MICH4994-Boletellus-pseudochrysenteroides	Boletellus pseudochrysenteroides	Boletellus	Boletaceae	Boletales	Agaricomycetes		Basidiomycota		77.6517	3.86691e-119	46/10000	True
GCA_038090395.1_NY1393526-Hemioporus-cooloolae	Boletales sp. KT-2023a	7	GCA_041721915.1_SWK177-Boletaceae	Boletaceae sp. TRTC168347		Boletaceae	Boletales	Agaricomycetes		Basidiomycota		76.9890	1.60088e-106	40/10000	True
GCA_038090395.1_NY1393526-Hemioporus-cooloolae	Boletales sp. KT-2023a	8	GCA_038092655.1_MICH10045-Boletus-sensibilis_var._subviscidus	Boletus sensibilis	Boletus	Boletaceae	Boletales	Agaricomycetes		Basidiomycota		76.8689	8.5881e-99	39/10000	True
GCA_038090395.1_NY1393526-Hemioporus-cooloolae	Boletales sp. KT-2023a	9	GCA_003315995.1_ASM331599v1	Butyriboletus roseoflavus	Butyriboletus	Boletaceae	Boletales	Agaricomycetes		Basidiomycota		76.4892	4.14317e-93	36/10000	True
GCA_038090395.1_NY1393526-Hemioporus-cooloolae	Boletales sp. KT-2023a	10	GCA_038092795.1_MICH10037-Boletus-rubissimus	Lanmaoa rubissima	Lanmaoa	Boletaceae	Boletales	Agaricomycetes		Basidiomycota		76.4892	1.84085e-88	36/10000	True
GCA_038089675.1_NY815477-Hemioporus-ivoryi	Boletales sp. KT-2023b	1	GCA_038090395.1_NY1393526-Hemioporus-cooloolae	Boletales sp. KT-2023a			Boletales	Agaricomycetes		Basidiomycota		90.2899	0	696/10000	True
GCA_038089675.1_NY815477-Hemioporus-ivoryi	Boletales sp. KT-2023b	2	GCA_038094615.1_BD623-Heimioporus	Heimioporus aff. retisporus	Heimioporus	Boletaceae	Boletales	Agaricomycetes		Basidiomycota		89.1764	0	543/10000	True
GCA_038089675.1_NY815477-Hemioporus-ivoryi	Boletales sp. KT-2023b	3	GCA_038090495.1_NY1115402-Heimioporus-retisporus	Heimioporus retisporus	Heimioporus	Boletaceae	Boletales	Agaricomycetes		Basidiomycota		87.8878	0	409/10000	True
GCA_038089675.1_NY815477-Hemioporus-ivoryi	Boletales sp. KT-2023b	4	GCA_038092715.1_MICH10047-Boletus-smithii	Boletus smithii	Boletus	Boletaceae	Boletales	Agaricomycetes		Basidiomycota		78.9886	6.0611e-166	61/10000	True
GCA_038089675.1_NY815477-Hemioporus-ivoryi	Boletales sp. KT-2023b	5	GCA_038090975.1_MICH4994-Boletellus-pseudochrysenteroides	Boletellus pseudochrysenteroides	Boletellus	Boletaceae	Boletales	Agaricomycetes		Basidiomycota		78.3229	5.28907e-140	53/10000	True
GCA_038089675.1_NY815477-Hemioporus-ivoryi	Boletales sp. KT-2023b	6	GCA_038090895.1_MICH5000-Boletus-bicoloroides	Boletus bicoloroides	Boletus	Boletaceae	Boletales	Agaricomycetes		Basidiomycota		78.2327	1.92033e-142	52/10000	True
GCA_038089675.1_NY815477-Hemioporus-ivoryi	Boletales sp. KT-2023b	7	GCA_038092615.1_MICH10049-Boletus-sphaerocystis	Boletus sphaerocystis	Boletus	Boletaceae	Boletales	Agaricomycetes		Basidiomycota		77.4410	4.18737e-114	44/10000	True
GCA_038089675.1_NY815477-Hemioporus-ivoryi	Boletales sp. KT-2023b	8	GCA_038093175.1_MICH10013-Boletus-hoseneae	Boletus hoseneyae	Boletus	Boletaceae	Boletales	Agaricomycetes		Basidiomycota		77.3320	7.02884e-112	43/10000	True
GCA_038089675.1_NY815477-Hemioporus-ivoryi	Boletales sp. KT-2023b	9	GCA_038089535.1_NY817393-Hemileccinum-rubropunctus	Hemileccinum rubropunctum	Hemileccinum	Boletaceae	Boletales	Agaricomycetes		Basidiomycota		77.2204	8.22658e-107	42/10000	True
GCA_038089675.1_NY815477-Hemioporus-ivoryi	Boletales sp. KT-2023b	10	GCA_003316055.1_ASM331605v1	Boletus speciosus	Boletus	Boletaceae	Boletales	Agaricomycetes		Basidiomycota		76.9890	9.78577e-105	40/10000	True
GCA_029302275.1_ASM2930227v1	Brachybasidiaceae sp.	1	GCA_023273805.1_ASM2327380v1	Exobasidium cylindrosporum	Exobasidium	Exobasidiaceae	Exobasidiales	Exobasidiomycetes		Basidiomycota		70.8553	1.13726e-30	11/10000	True
GCA_029302275.1_ASM2930227v1	Brachybasidiaceae sp.	2	GCA_026210745.1_ASM2621074v1	Exobasidium rhododendri	Exobasidium	Exobasidiaceae	Exobasidiales	Exobasidiomycetes		Basidiomycota		69.9006	1.41848e-24	9/10000	True
GCA_029302275.1_ASM2930227v1	Brachybasidiaceae sp.	3	GCA_015529505.1_UCR_HspNRRLA10739_1.0	Haplosporangium sp. Z 11	Haplosporangium	Mortierellaceae	Mortierellales	Mortierellomycetes		Mortierellomycota		68.7048	2.6214e-18	7/10000	True
GCA_029302275.1_ASM2930227v1	Brachybasidiaceae sp.	4	GCA_015529515.1_UCR_MspNRRLA10996_1.0	Haplosporangium sp. Z 767	Haplosporangium	Mortierellaceae	Mortierellales	Mortierellomycetes		Mortierellomycota		68.7048	2.62466e-18	7/10000	True
GCA_029302275.1_ASM2930227v1	Brachybasidiaceae sp.	5	GCA_029299835.1_ASM2929983v1	Saccharomycopsidaceae sp.		Saccharomycopsidaceae	Ascoideales	Saccharomycetes		Ascomycota		68.7048	5.78006e-21	7/10000	True
GCA_029302275.1_ASM2930227v1	Brachybasidiaceae sp.	6	GCA_003116875.1_JCM_12878_assembly_v001	Takashimella koratensis	Takashimella	Tetragoniomycetaceae	Trichosporonales	Tremellomycetes		Basidiomycota		67.9713	1.36776e-15	6/10000	True
GCA_029302275.1_ASM2930227v1	Brachybasidiaceae sp.	7	GCA_015679605.1_UCR_MepigNRRL5512_1.0	Podila epigama	Podila	Mortierellaceae	Mortierellales	Mortierellomycetes		Mortierellomycota		67.9713	1.71095e-15	6/10000	True
GCA_029302275.1_ASM2930227v1	Brachybasidiaceae sp.	8	GCA_000498615.1_Hsolani1.0	Helminthosporium solani	Helminthosporium	Massarinaceae	Pleosporales	Dothideomycetes		Ascomycota		67.1035	1.00578e-12	5/10000	True
GCA_029302275.1_ASM2930227v1	Brachybasidiaceae sp.	9	GCA_001599055.1_JCM_6961_assembly_v001	Thielaviopsis ethacetica	Thielaviopsis	Ceratocystidaceae	Microascales	Sordariomycetes		Ascomycota		67.1035	9.35863e-13	5/10000	True
GCA_029302275.1_ASM2930227v1	Brachybasidiaceae sp.	10	GCA_003706035.2_ASM370603v2	Peterozyma xylosa	Peterozyma	Pachysolenaceae	Alaninales	Pichiomycetes		Ascomycota		67.1035	3.80106e-13	5/10000	True
GCA_030566955.1_ASM3056695v1	Candida anutae	1	GCA_030565005.1_ASM3056500v1	Scheffersomyces virginianus	Scheffersomyces	Debaryomycetaceae	Serinales	Pichiomycetes		Ascomycota		72.0022	3.77503e-37	14/10000	True
GCA_030566955.1_ASM3056695v1	Candida anutae	2	GCA_059510615.1_ASM5951061v1	Kodamaea sp. CyC9	Kodamaea	Debaryomycetaceae	Serinales	Pichiomycetes		Ascomycota		72.0022	9.11276e-38	14/10000	True
GCA_030566955.1_ASM3056695v1	Candida anutae	3	GCA_003708155.2_ASM370815v2	Kodamaea ohmeri	Kodamaea	Debaryomycetaceae	Serinales	Pichiomycetes		Ascomycota		71.6498	6.10676e-35	13/10000	True
GCA_030566955.1_ASM3056695v1	Candida anutae	4	GCA_004919595.1_Kodohm_148	Kodamaea ohmeri	Kodamaea	Debaryomycetaceae	Serinales	Pichiomycetes		Ascomycota		71.6498	7.00704e-35	13/10000	True
GCA_030566955.1_ASM3056695v1	Candida anutae	5	GCA_015708715.1_ASM1570871v1	Kodamaea ohmeri	Kodamaea	Debaryomycetaceae	Serinales	Pichiomycetes		Ascomycota		71.6498	5.99922e-35	13/10000	True
GCA_030566955.1_ASM3056695v1	Candida anutae	6	GCA_015708725.1_ASM1570872v1	Kodamaea ohmeri	Kodamaea	Debaryomycetaceae	Serinales	Pichiomycetes		Ascomycota		71.6498	6.13045e-35	13/10000	True
GCA_030566955.1_ASM3056695v1	Candida anutae	7	GCA_024542785.1_ASM2454278v1	Kodamaea ohmeri	Kodamaea	Debaryomycetaceae	Serinales	Pichiomycetes		Ascomycota		71.6498	6.22374e-35	13/10000	True
GCA_030566955.1_ASM3056695v1	Candida anutae	8	GCA_024713545.1_ASM2471354v1	Kodamaea ohmeri	Kodamaea	Debaryomycetaceae	Serinales	Pichiomycetes		Ascomycota		71.6498	6.72074e-35	13/10000	True
GCA_030566955.1_ASM3056695v1	Candida anutae	9	GCA_030867675.1_ASM3086767v1	Kodamaea ohmeri	Kodamaea	Debaryomycetaceae	Serinales	Pichiomycetes		Ascomycota		71.6498	6.03061e-35	13/10000	True
GCA_030566955.1_ASM3056695v1	Candida anutae	10	GCA_037041875.1_ASM3704187v1	Kodamaea ohmeri	Kodamaea	Debaryomycetaceae	Serinales	Pichiomycetes		Ascomycota		71.6498	5.43791e-35	13/10000	True
GCA_030581555.1_ASM3058155v1	Candida argentea	1	GCA_030580355.1_ASM3058035v1	Debaryomycetaceae sp. yHKB357		Debaryomycetaceae	Serinales	Pichiomycetes		Ascomycota		69.9006	7.38846e-23	9/10000	True
GCA_030581555.1_ASM3058155v1	Candida argentea	2	GCA_030566815.1_ASM3056681v1	Sungouiella suratensis	Sungouiella	Metschnikowiaceae	Serinales	Pichiomycetes		Ascomycota		69.3402	4.17255e-20	8/10000	True
GCA_030581555.1_ASM3058155v1	Candida argentea	3	GCA_002245345.1_ASM224534v1	Scheffersomyces stambukii	Scheffersomyces	Debaryomycetaceae	Serinales	Pichiomycetes		Ascomycota		68.7048	2.04184e-17	7/10000	True
GCA_030581555.1_ASM3058155v1	Candida argentea	4	GCA_003707795.2_ASM370779v2	Clavispora fructus	Clavispora	Metschnikowiaceae	Serinales	Pichiomycetes		Ascomycota		68.7048	1.25982e-17	7/10000	True
GCA_030581555.1_ASM3058155v1	Candida argentea	5	GCA_030557895.1_ASM3055789v1	Clavispora fructus	Clavispora	Metschnikowiaceae	Serinales	Pichiomycetes		Ascomycota		68.7048	1.11703e-17	7/10000	True
GCA_030581555.1_ASM3058155v1	Candida argentea	6	GCA_030575035.1_ASM3057503v1	Suhomyces vadensis	Suhomyces	Debaryomycetaceae	Serinales	Pichiomycetes		Ascomycota		68.7048	1.79262e-17	7/10000	True
GCA_030581555.1_ASM3058155v1	Candida argentea	7	GCA_030578555.1_ASM3057855v1	Diutina neorugosa	Diutina	Debaryomycetaceae	Serinales	Pichiomycetes		Ascomycota		68.7048	2.00951e-17	7/10000	True
GCA_030581555.1_ASM3058155v1	Candida argentea	8	GCA_030579155.1_ASM3057915v1	Sungouiella ecuadorensis	Sungouiella	Metschnikowiaceae	Serinales	Pichiomycetes		Ascomycota		68.7048	1.74135e-17	7/10000	True
GCA_030581555.1_ASM3058155v1	Candida argentea	9	GCA_000328385.1_Cuti_1.0	Williopsis jadinii	Williopsis	Wickerhamomycetaceae	Phaffomycetales	Saccharomycetes		Ascomycota		67.9713	1.10243e-14	6/10000	True
GCA_030581555.1_ASM3058155v1	Candida argentea	10	GCA_001599155.1_JCM_1821_assembly_v001	Wickerhamia fluorescens	Wickerhamia	Debaryomycetaceae	Serinales	Pichiomycetes		Ascomycota		67.9713	1.02512e-14	6/10000	True
GCA_030674335.1_ASM3067433v1	Candida ascalaphidarum	1	GCA_008065175.1_ASM806517v1	Metschnikowia caudata	Metschnikowia	Metschnikowiaceae	Serinales	Pichiomycetes		Ascomycota		73.6978	1.39978e-57	20/10000	True
GCA_030674335.1_ASM3067433v1	Candida ascalaphidarum	2	GCA_008065185.1_ASM806518v1	Metschnikowia caudata	Metschnikowia	Metschnikowiaceae	Serinales	Pichiomycetes		Ascomycota		73.6978	1.36402e-57	20/10000	True
GCA_030674335.1_ASM3067433v1	Candida ascalaphidarum	3	GCA_030564705.1_ASM3056470v1	Metschnikowia caudata	Metschnikowia	Metschnikowiaceae	Serinales	Pichiomycetes		Ascomycota		73.6978	1.33978e-57	20/10000	True
GCA_030674335.1_ASM3067433v1	Candida ascalaphidarum	4	GCA_030556145.1_ASM3055614v1	Candida baotianmanensis	Candida	Debaryomycetaceae	Serinales	Pichiomycetes		Ascomycota		72.9253	5.58341e-48	17/10000	True
GCA_030674335.1_ASM3067433v1	Candida ascalaphidarum	5	GCA_030563325.1_ASM3056332v1	Helenozyma melibiosica	Helenozyma	Metschnikowiaceae	Serinales	Pichiomycetes		Ascomycota		72.9253	5.90538e-48	17/10000	True
GCA_030674335.1_ASM3067433v1	Candida ascalaphidarum	6	GCA_030585045.1_ASM3058504v1	Zhuliangozyma parablackwelliae	Zhuliangozyma	Debaryomycetaceae	Serinales	Pichiomycetes		Ascomycota		72.9253	1.40338e-47	17/10000	True
GCA_030674335.1_ASM3067433v1	Candida ascalaphidarum	7	GCA_030570115.1_ASM3057011v1	Wilhelminamyces savonicus	Wilhelminamyces	Metschnikowiaceae	Serinales	Pichiomycetes		Ascomycota		72.6371	2.22721e-44	16/10000	True
GCA_030674335.1_ASM3067433v1	Candida ascalaphidarum	8	GCA_030573355.1_ASM3057335v1	Helenozyma rhizophorensis	Helenozyma	Metschnikowiaceae	Serinales	Pichiomycetes		Ascomycota		72.6371	1.32125e-44	16/10000	True
GCA_030674335.1_ASM3067433v1	Candida ascalaphidarum	9	GCA_030579155.1_ASM3057915v1	Sungouiella ecuadorensis	Sungouiella	Metschnikowiaceae	Serinales	Pichiomycetes		Ascomycota		72.6371	2.25209e-44	16/10000	True
GCA_030674335.1_ASM3067433v1	Candida ascalaphidarum	10	GCA_030581635.1_ASM3058163v1	Clavispora carvajalis	Clavispora	Metschnikowiaceae	Serinales	Pichiomycetes		Ascomycota		72.6371	9.07586e-45	16/10000	True
GCA_030571295.1_ASM3057129v1	Candida citri	1	GCA_030568875.1_ASM3056887v1	Sungouiella flosculorum	Sungouiella	Metschnikowiaceae	Serinales	Pichiomycetes		Ascomycota		77.9511	4.42233e-154	49/10000	True
GCA_030571295.1_ASM3057129v1	Candida citri	2	GCA_030674735.1_ASM3067473v1	Sungouiella pseudoflosculorum	Sungouiella	Metschnikowiaceae	Serinales	Pichiomycetes		Ascomycota		77.7536	5.09671e-147	47/10000	True
GCA_030571295.1_ASM3057129v1	Candida citri	3	GCA_900106115.1_CBS_141442_assembly	Sungouiella intermedia	Sungouiella	Metschnikowiaceae	Serinales	Pichiomycetes		Ascomycota		76.9890	8.98219e-122	40/10000	True
GCA_030571295.1_ASM3057129v1	Candida citri	4	GCA_030557285.1_ASM3055728v1	Sungouiella pseudointermedia	Sungouiella	Metschnikowiaceae	Serinales	Pichiomycetes		Ascomycota		76.7457	5.56574e-115	38/10000	True
GCA_030571295.1_ASM3057129v1	Candida citri	5	GCA_030567015.1_ASM3056701v1	Sungouiella sharkensis	Sungouiella	Metschnikowiaceae	Serinales	Pichiomycetes		Ascomycota		76.7457	1.20131e-114	38/10000	True
GCA_030571295.1_ASM3057129v1	Candida citri	6	GCA_030575135.1_ASM3057513v1	Sungouiella intermedia	Sungouiella	Metschnikowiaceae	Serinales	Pichiomycetes		Ascomycota		76.7457	5.23678e-115	38/10000	True
GCA_030571295.1_ASM3057129v1	Candida citri	7	GCA_900106125.1_PYCC_4715_assembly	Sungouiella intermedia	Sungouiella	Metschnikowiaceae	Serinales	Pichiomycetes		Ascomycota		76.7457	5.6412e-115	38/10000	True
GCA_030571295.1_ASM3057129v1	Candida citri	8	GCA_001599135.1_JCM_1607_assembly_v001	Sungouiella intermedia	Sungouiella	Metschnikowiaceae	Serinales	Pichiomycetes		Ascomycota		76.6192	1.35133e-111	37/10000	True
GCA_030571295.1_ASM3057129v1	Candida citri	9	GCA_037040545.1_ASM3704054v1	Sungouiella intermedia	Sungouiella	Metschnikowiaceae	Serinales	Pichiomycetes		Ascomycota		76.4892	3.15042e-108	36/10000	True
GCA_030571295.1_ASM3057129v1	Candida citri	10	GCA_030557995.1_ASM3055799v1	Clavispora vitiphila	Clavispora	Metschnikowiaceae	Serinales	Pichiomycetes		Ascomycota		76.3555	4.57687e-106	35/10000	True
GCA_003707735.2_ASM370773v2	Candida freyschussii	1	GCA_030572555.1_ASM3057255v1	Candida sp.			Saccharomycetales	Saccharomycetes		Ascomycota		74.1507	8.26512e-63	22/10000	True
GCA_003707735.2_ASM370773v2	Candida freyschussii	2	GCA_964273355.1_UCD1060_Cybsyl	Petasospora sylvatica	Petasospora	Wickerhamomycetaceae	Phaffomycetales	Saccharomycetes		Ascomycota		73.6978	2.20028e-56	20/10000	True
GCA_003707735.2_ASM370773v2	Candida freyschussii	3	GCA_003706445.3_ASM370644v3	Williopsis mrakii	Williopsis	Wickerhamomycetaceae	Phaffomycetales	Saccharomycetes		Ascomycota		73.4540	1.4035e-53	19/10000	True
GCA_003707735.2_ASM370773v2	Candida freyschussii	4	GCA_003708225.3_ASM370822v3	Williopsis suaveolens	Williopsis	Wickerhamomycetaceae	Phaffomycetales	Saccharomycetes		Ascomycota		73.4540	1.2559e-53	19/10000	True
GCA_003707735.2_ASM370773v2	Candida freyschussii	5	GCA_030567175.1_ASM3056717v1	Williopsis lachancei	Williopsis	Wickerhamomycetaceae	Phaffomycetales	Saccharomycetes		Ascomycota		73.4540	5.54291e-53	19/10000	True
GCA_003707735.2_ASM370773v2	Candida freyschussii	6	GCA_030569745.1_ASM3056974v1	Petasospora bimundalis	Petasospora	Wickerhamomycetaceae	Phaffomycetales	Saccharomycetes		Ascomycota		73.4540	1.20906e-53	19/10000	True
GCA_003707735.2_ASM370773v2	Candida freyschussii	7	GCA_003709245.3_ASM370924v3	Williopsis saturnus	Williopsis	Wickerhamomycetaceae	Phaffomycetales	Saccharomycetes		Ascomycota		73.1970	2.62934e-50	18/10000	True
GCA_003707735.2_ASM370773v2	Candida freyschussii	8	GCA_020995425.1_ASM2099542v1	Williopsis sargentensis	Williopsis	Wickerhamomycetaceae	Phaffomycetales	Saccharomycetes		Ascomycota		73.1970	1.06589e-50	18/10000	True
GCA_003707735.2_ASM370773v2	Candida freyschussii	9	GCA_030556525.1_ASM3055652v1	Wickerhamomyces quercuum	Wickerhamomyces	Wickerhamomycetaceae	Phaffomycetales	Saccharomycetes		Ascomycota		73.1970	3.26952e-50	18/10000	True
GCA_003707735.2_ASM370773v2	Candida freyschussii	10	GCA_009281745.1_ASM928174v1	Petasospora americana	Petasospora	Wickerhamomycetaceae	Phaffomycetales	Saccharomycetes		Ascomycota		72.9253	1.58035e-47	17/10000	True
GCA_030572315.1_ASM3057231v1	Candida glucosophila	1	GCA_000697015.1_CunEleB9769-1.0	Cunninghamella elegans	Cunninghamella	Cunninghamellaceae	Mucorales	Mucoromycetes		Mucoromycota		72.6371	5.02675e-39	16/10000	True
GCA_030572315.1_ASM3057231v1	Candida glucosophila	2	GCA_013305925.1_ASM1330592v1	Geotrichum reessii	Geotrichum	Dipodascaceae	Dipodascales	Dipodascomycetes		Ascomycota		72.6371	7.07482e-40	16/10000	True
GCA_030572315.1_ASM3057231v1	Candida glucosophila	3	GCA_037043795.1_Z2.assembly	Cunninghamella bertholletiae	Cunninghamella	Cunninghamellaceae	Mucorales	Mucoromycetes		Mucoromycota		72.6371	4.69457e-39	16/10000	True
GCA_030572315.1_ASM3057231v1	Candida glucosophila	4	GCA_000697215.1_CunBer175-1.0	Cunninghamella bertholletiae	Cunninghamella	Cunninghamellaceae	Mucorales	Mucoromycetes		Mucoromycota		72.3303	2.67032e-36	15/10000	True
GCA_030572315.1_ASM3057231v1	Candida glucosophila	5	GCA_026937265.1_CoeloLatMeio_1.0_UCR	Coelomomyces lativittatus	Coelomomyces	Coelomomycetaceae	Blastocladiales	Blastocladiomycetes		Blastocladiomycota		72.3303	1.35528e-37	15/10000	True
GCA_030572315.1_ASM3057231v1	Candida glucosophila	6	GCA_044232465.1_ASM4423246v1	Cunninghamella bainieri	Cunninghamella	Cunninghamellaceae	Mucorales	Mucoromycetes		Mucoromycota		72.3303	1.60192e-35	15/10000	True
GCA_030572315.1_ASM3057231v1	Candida glucosophila	7	GCA_050947565.1_ASM5094756v1	Hanseniaspora valbyensis	Hanseniaspora	Saccharomycodaceae	Saccharomycodales	Saccharomycetes		Ascomycota		72.3303	1.08087e-39	15/10000	True
GCA_030572315.1_ASM3057231v1	Candida glucosophila	8	GCA_911254575.1_Wolfe_Cansan	Candida sanyaensis	Candida	Debaryomycetaceae	Serinales	Pichiomycetes		Ascomycota		72.3303	3.05743e-36	15/10000	True
GCA_030572315.1_ASM3057231v1	Candida glucosophila	9	GCA_000697315.1_CunBerB7461-1.0	Cunninghamella bertholletiae	Cunninghamella	Cunninghamellaceae	Mucorales	Mucoromycetes		Mucoromycota		72.0022	1.45929e-33	14/10000	True
GCA_030572315.1_ASM3057231v1	Candida glucosophila	10	GCA_025201675.1_Cunech1	Cunninghamella echinulata	Cunninghamella	Cunninghamellaceae	Mucorales	Mucoromycetes		Mucoromycota		72.0022	9.0332e-34	14/10000	True
GCA_058218595.1_ASM5821859v1	Candida mesenterica	1	GCA_058218575.1_ASM5821857v1	Candida mesenterica		Debaryomycetaceae	Serinales	Pichiomycetes		Ascomycota		99.9957	0	9982/10000	True
GCA_058218595.1_ASM5821859v1	Candida mesenterica	2	GCA_030559045.1_ASM3055904v1	Candida mesenterica		Debaryomycetaceae	Serinales	Pichiomycetes		Ascomycota		99.9119	0	9640/10000	True
GCA_058218595.1_ASM5821859v1	Candida mesenterica	3	GCA_015708695.1_ASM1570869v1	Candida mesenterica		Debaryomycetaceae	Serinales	Pichiomycetes		Ascomycota		99.8572	0	9426/10000	True
GCA_058218595.1_ASM5821859v1	Candida mesenterica	4	GCA_030558315.1_ASM3055831v1	Kodamaea suecica	Kodamaea	Debaryomycetaceae	Serinales	Pichiomycetes		Ascomycota		75.9302	1.10984e-93	32/10000	True
GCA_058218595.1_ASM5821859v1	Candida mesenterica	5	GCA_030570035.1_ASM3057003v1	Kodamaea derodonti	Kodamaea	Debaryomycetaceae	Serinales	Pichiomycetes		Ascomycota		72.9253	9.37759e-46	17/10000	True
GCA_058218595.1_ASM5821859v1	Candida mesenterica	6	GCF_001661415.1_Canta1	Suhomyces tanzawaensis	Suhomyces	Debaryomycetaceae	Serinales	Pichiomycetes		Ascomycota		72.6371	5.37031e-43	16/10000	True
GCA_058218595.1_ASM5821859v1	Candida mesenterica	7	GCA_003706575.2_ASM370657v2	Teunomyces cretensis	Teunomyces	Debaryomycetaceae	Serinales	Pichiomycetes		Ascomycota		72.3303	1.48669e-40	15/10000	True
GCA_058218595.1_ASM5821859v1	Candida mesenterica	8	GCA_030558845.1_ASM3055884v1	Kodamaea laetipori	Kodamaea	Debaryomycetaceae	Serinales	Pichiomycetes		Ascomycota		72.3303	1.4748e-39	15/10000	True
GCA_058218595.1_ASM5821859v1	Candida mesenterica	9	GCA_030570835.1_ASM3057083v1	Suhomyces tibetensis	Suhomyces	Debaryomycetaceae	Serinales	Pichiomycetes		Ascomycota		72.0022	2.35914e-37	14/10000	True
GCA_058218595.1_ASM5821859v1	Candida mesenterica	10	GCA_030558095.1_ASM3055809v1	Teunomyces funiuensis	Teunomyces	Debaryomycetaceae	Serinales	Pichiomycetes		Ascomycota		71.6498	1.04482e-34	13/10000	True
GCA_058218575.1_ASM5821857v1	Candida mesenterica	1	GCA_058218595.1_ASM5821859v1	Candida mesenterica		Debaryomycetaceae	Serinales	Pichiomycetes		Ascomycota		99.9957	0	9982/10000	True
GCA_058218575.1_ASM5821857v1	Candida mesenterica	2	GCA_030559045.1_ASM3055904v1	Candida mesenterica		Debaryomycetaceae	Serinales	Pichiomycetes		Ascomycota		99.9144	0	9650/10000	True
GCA_058218575.1_ASM5821857v1	Candida mesenterica	3	GCA_015708695.1_ASM1570869v1	Candida mesenterica		Debaryomycetaceae	Serinales	Pichiomycetes		Ascomycota		99.8535	0	9412/10000	True
GCA_058218575.1_ASM5821857v1	Candida mesenterica	4	GCA_030558315.1_ASM3055831v1	Kodamaea suecica	Kodamaea	Debaryomycetaceae	Serinales	Pichiomycetes		Ascomycota		75.9302	1.08258e-93	32/10000	True
GCA_058218575.1_ASM5821857v1	Candida mesenterica	5	GCA_030570035.1_ASM3057003v1	Kodamaea derodonti	Kodamaea	Debaryomycetaceae	Serinales	Pichiomycetes		Ascomycota		72.9253	9.25314e-46	17/10000	True
GCA_058218575.1_ASM5821857v1	Candida mesenterica	6	GCF_001661415.1_Canta1	Suhomyces tanzawaensis	Suhomyces	Debaryomycetaceae	Serinales	Pichiomycetes		Ascomycota		72.6371	5.30571e-43	16/10000	True
GCA_058218575.1_ASM5821857v1	Candida mesenterica	7	GCA_003706575.2_ASM370657v2	Teunomyces cretensis	Teunomyces	Debaryomycetaceae	Serinales	Pichiomycetes		Ascomycota		72.3303	1.47132e-40	15/10000	True
GCA_058218575.1_ASM5821857v1	Candida mesenterica	8	GCA_030558845.1_ASM3055884v1	Kodamaea laetipori	Kodamaea	Debaryomycetaceae	Serinales	Pichiomycetes		Ascomycota		72.3303	1.45705e-39	15/10000	True
GCA_058218575.1_ASM5821857v1	Candida mesenterica	9	GCA_030570835.1_ASM3057083v1	Suhomyces tibetensis	Suhomyces	Debaryomycetaceae	Serinales	Pichiomycetes		Ascomycota		72.0022	2.3357e-37	14/10000	True
GCA_058218575.1_ASM5821857v1	Candida mesenterica	10	GCA_030558095.1_ASM3055809v1	Teunomyces funiuensis	Teunomyces	Debaryomycetaceae	Serinales	Pichiomycetes		Ascomycota		71.6498	1.03573e-34	13/10000	True
GCA_030559045.1_ASM3055904v1	Candida mesenterica	1	GCA_058218575.1_ASM5821857v1	Candida mesenterica		Debaryomycetaceae	Serinales	Pichiomycetes		Ascomycota		99.9144	0	9650/10000	True
GCA_030559045.1_ASM3055904v1	Candida mesenterica	2	GCA_058218595.1_ASM5821859v1	Candida mesenterica		Debaryomycetaceae	Serinales	Pichiomycetes		Ascomycota		99.9119	0	9640/10000	True
GCA_030559045.1_ASM3055904v1	Candida mesenterica	3	GCA_015708695.1_ASM1570869v1	Candida mesenterica		Debaryomycetaceae	Serinales	Pichiomycetes		Ascomycota		99.8433	0	9373/10000	True
GCA_030559045.1_ASM3055904v1	Candida mesenterica	4	GCA_030558315.1_ASM3055831v1	Kodamaea suecica	Kodamaea	Debaryomycetaceae	Serinales	Pichiomycetes		Ascomycota		75.9302	1.12737e-93	32/10000	True
GCA_030559045.1_ASM3055904v1	Candida mesenterica	5	GCA_030570035.1_ASM3057003v1	Kodamaea derodonti	Kodamaea	Debaryomycetaceae	Serinales	Pichiomycetes		Ascomycota		72.9253	9.45687e-46	17/10000	True
GCA_030559045.1_ASM3055904v1	Candida mesenterica	6	GCF_001661415.1_Canta1	Suhomyces tanzawaensis	Suhomyces	Debaryomycetaceae	Serinales	Pichiomycetes		Ascomycota		72.6371	5.41142e-43	16/10000	True
GCA_030559045.1_ASM3055904v1	Candida mesenterica	7	GCA_003706575.2_ASM370657v2	Teunomyces cretensis	Teunomyces	Debaryomycetaceae	Serinales	Pichiomycetes		Ascomycota		72.3303	1.49645e-40	15/10000	True
GCA_030559045.1_ASM3055904v1	Candida mesenterica	8	GCA_030558845.1_ASM3055884v1	Kodamaea laetipori	Kodamaea	Debaryomycetaceae	Serinales	Pichiomycetes		Ascomycota		72.3303	1.4861e-39	15/10000	True
GCA_030559045.1_ASM3055904v1	Candida mesenterica	9	GCA_030570835.1_ASM3057083v1	Suhomyces tibetensis	Suhomyces	Debaryomycetaceae	Serinales	Pichiomycetes		Ascomycota		72.0022	2.37403e-37	14/10000	True
GCA_030559045.1_ASM3055904v1	Candida mesenterica	10	GCA_030556435.1_ASM3055643v1	Teunomyces pallodes	Teunomyces	Debaryomycetaceae	Serinales	Pichiomycetes		Ascomycota		71.6498	1.04763e-34	13/10000	True
GCA_015708695.1_ASM1570869v1	Candida mesenterica	1	GCA_058218595.1_ASM5821859v1	Candida mesenterica		Debaryomycetaceae	Serinales	Pichiomycetes		Ascomycota		99.8572	0	9426/10000	True
GCA_015708695.1_ASM1570869v1	Candida mesenterica	2	GCA_058218575.1_ASM5821857v1	Candida mesenterica		Debaryomycetaceae	Serinales	Pichiomycetes		Ascomycota		99.8535	0	9412/10000	True
GCA_015708695.1_ASM1570869v1	Candida mesenterica	3	GCA_030559045.1_ASM3055904v1	Candida mesenterica		Debaryomycetaceae	Serinales	Pichiomycetes		Ascomycota		99.8433	0	9373/10000	True
GCA_015708695.1_ASM1570869v1	Candida mesenterica	4	GCA_030558315.1_ASM3055831v1	Kodamaea suecica	Kodamaea	Debaryomycetaceae	Serinales	Pichiomycetes		Ascomycota		75.9302	1.26857e-93	32/10000	True
GCA_015708695.1_ASM1570869v1	Candida mesenterica	5	GCA_030570035.1_ASM3057003v1	Kodamaea derodonti	Kodamaea	Debaryomycetaceae	Serinales	Pichiomycetes		Ascomycota		72.9253	1.00758e-45	17/10000	True
GCA_015708695.1_ASM1570869v1	Candida mesenterica	6	GCF_001661415.1_Canta1	Suhomyces tanzawaensis	Suhomyces	Debaryomycetaceae	Serinales	Pichiomycetes		Ascomycota		72.6371	5.73126e-43	16/10000	True
GCA_015708695.1_ASM1570869v1	Candida mesenterica	7	GCA_030558845.1_ASM3055884v1	Kodamaea laetipori	Kodamaea	Debaryomycetaceae	Serinales	Pichiomycetes		Ascomycota		72.3303	1.57401e-39	15/10000	True
GCA_015708695.1_ASM1570869v1	Candida mesenterica	8	GCA_003706575.2_ASM370657v2	Teunomyces cretensis	Teunomyces	Debaryomycetaceae	Serinales	Pichiomycetes		Ascomycota		72.0022	1.65315e-37	14/10000	True
GCA_015708695.1_ASM1570869v1	Candida mesenterica	9	GCA_030570835.1_ASM3057083v1	Suhomyces tibetensis	Suhomyces	Debaryomycetaceae	Serinales	Pichiomycetes		Ascomycota		72.0022	2.48921e-37	14/10000	True
GCA_015708695.1_ASM1570869v1	Candida mesenterica	10	GCA_030558095.1_ASM3055809v1	Teunomyces funiuensis	Teunomyces	Debaryomycetaceae	Serinales	Pichiomycetes		Ascomycota		71.6498	1.09506e-34	13/10000	True
GCA_030579995.1_ASM3057999v1	Candida sp.	1	GCA_030571015.1_ASM3057101v1	Ogataea sp. yHMJ1	Ogataea	Pichiaceae	Pichiales	Pichiomycetes		Ascomycota		89.1930	0	545/10000	True
GCA_030579995.1_ASM3057999v1	Candida sp.	2	GCA_024271885.1_ASM2427188v1	Wenyingozyma ramenticola	Wenyingozyma	Pichiaceae	Pichiales	Pichiomycetes		Ascomycota		77.8534	1.73548e-150	48/10000	True
GCA_030579995.1_ASM3057999v1	Candida sp.	3	GCA_003706105.3_ASM370610v3	Wenyingozyma ramenticola	Wenyingozyma	Pichiaceae	Pichiales	Pichiomycetes		Ascomycota		77.7536	9.51474e-147	47/10000	True
GCA_030579995.1_ASM3057999v1	Candida sp.	4	GCA_030563385.1_ASM3056338v1	Candida sp.			Saccharomycetales	Saccharomycetes		Ascomycota		77.5475	6.10534e-140	45/10000	True
GCA_030579995.1_ASM3057999v1	Candida sp.	5	GCA_030568155.1_ASM3056815v1	Wenyingozyma suzukii	Wenyingozyma	Pichiaceae	Pichiales	Pichiomycetes		Ascomycota		77.5475	1.00669e-139	45/10000	True
GCA_030579995.1_ASM3057999v1	Candida sp.	6	GCA_030557475.1_ASM3055747v1	Wenyingozyma nanaspora	Wenyingozyma	Pichiaceae	Pichiales	Pichiomycetes		Ascomycota		76.7457	1.91202e-115	38/10000	True
GCA_030579995.1_ASM3057999v1	Candida sp.	7	GCA_030567875.1_ASM3056787v1	Wenyingozyma nitratophila	Wenyingozyma	Pichiaceae	Pichiales	Pichiomycetes		Ascomycota		75.9302	6.25278e-95	32/10000	True
GCA_030579995.1_ASM3057999v1	Candida sp.	8	GCA_030567895.1_ASM3056789v1	Candida sp.			Saccharomycetales	Saccharomycetes		Ascomycota		75.7795	8.67103e-92	31/10000	True
GCA_030579995.1_ASM3057999v1	Candida sp.	9	GCA_001661425.1_Canar1	Ogataea arabinofermentans	Ogataea	Pichiaceae	Pichiales	Pichiomycetes		Ascomycota		75.6239	3.43529e-88	30/10000	True
GCA_030579995.1_ASM3057999v1	Candida sp.	10	GCA_001442605.1_ASM144260v1	Candida boidinii	Ogataea	Pichiaceae	Pichiales	Pichiomycetes		Ascomycota		75.2963	1.26429e-79	28/10000	True
GCA_030570575.1_ASM3057057v1	Candida sp.	1	GCA_050613735.1_ASM5061373v1	Starmera stellimalicola	Starmera	Phaffomycetaceae	Phaffomycetales	Saccharomycetes		Ascomycota		92.4869	0	1151/10000	True
GCA_030570575.1_ASM3057057v1	Candida sp.	2	GCA_030580055.1_ASM3058005v1	Starmera stellimalicola	Starmera	Phaffomycetaceae	Phaffomycetales	Saccharomycetes		Ascomycota		92.4158	0	1132/10000	True
GCA_030570575.1_ASM3057057v1	Candida sp.	3	GCA_030570535.1_ASM3057053v1	Starmera pachycereana	Starmera	Phaffomycetaceae	Phaffomycetales	Saccharomycetes		Ascomycota		76.3555	5.84304e-108	35/10000	True
GCA_030570575.1_ASM3057057v1	Candida sp.	4	GCA_030573755.1_ASM3057375v1	Starmera amethionina	Starmera	Phaffomycetaceae	Phaffomycetales	Saccharomycetes		Ascomycota		76.0763	6.94444e-101	33/10000	True
GCA_030570575.1_ASM3057057v1	Candida sp.	5	GCA_030565045.1_ASM3056504v1	Starmera caribaea	Starmera	Phaffomycetaceae	Phaffomycetales	Saccharomycetes		Ascomycota		74.7580	2.30926e-73	25/10000	True
GCA_030570575.1_ASM3057057v1	Candida sp.	6	GCA_030557985.1_ASM3055798v1	Millerago ficus	Millerago	Phaffomycetaceae	Phaffomycetales	Saccharomycetes		Ascomycota		74.1507	2.71588e-63	22/10000	True
GCA_030570575.1_ASM3057057v1	Candida sp.	7	GCA_003707165.2_ASM370716v2	Phaffomyces opuntiae	Phaffomyces	Phaffomycetaceae	Phaffomycetales	Saccharomycetes		Ascomycota		73.6978	8.34489e-57	20/10000	True
GCA_030570575.1_ASM3057057v1	Candida sp.	8	GCA_003707195.2_ASM370719v2	Phaffomyces antillensis	Phaffomyces	Phaffomycetaceae	Phaffomycetales	Saccharomycetes		Ascomycota		73.6978	3.40237e-57	20/10000	True
GCA_030570575.1_ASM3057057v1	Candida sp.	9	GCA_060251805.1_ASM6025180v1	Wickerhamomyces sp. 50C-3	Wickerhamomyces	Wickerhamomycetaceae	Phaffomycetales	Saccharomycetes		Ascomycota		73.4540	4.53912e-53	19/10000	True
GCA_030570575.1_ASM3057057v1	Candida sp.	10	GCA_030564165.1_ASM3056416v1	Candida sp.			Saccharomycetales	Saccharomycetes		Ascomycota		73.1970	8.32165e-51	18/10000	True
GCA_030567185.1_ASM3056718v1	Candida sp.	1	GCA_003707745.2_ASM370774v2	Williopsis misumaiensis	Williopsis	Wickerhamomycetaceae	Phaffomycetales	Saccharomycetes		Ascomycota		82.7365	0	135/10000	True
GCA_030567185.1_ASM3056718v1	Candida sp.	2	GCA_003708355.3_ASM370835v3	Williopsis maclurae	Williopsis	Wickerhamomycetaceae	Phaffomycetales	Saccharomycetes		Ascomycota		79.7067	4.19099e-240	71/10000	True
GCA_030567185.1_ASM3056718v1	Candida sp.	3	GCA_030567155.1_ASM3056715v1	Candida sp.			Saccharomycetales	Saccharomycetes		Ascomycota		78.5837	1.09489e-182	56/10000	True
GCA_030567185.1_ASM3056718v1	Candida sp.	4	GCA_020995425.1_ASM2099542v1	Williopsis sargentensis	Williopsis	Wickerhamomycetaceae	Phaffomycetales	Saccharomycetes		Ascomycota		75.2963	8.55368e-84	28/10000	True
GCA_030567185.1_ASM3056718v1	Candida sp.	5	GCA_003708265.3_ASM370826v3	Williopsis vartiovaarae	Williopsis	Wickerhamomycetaceae	Phaffomycetales	Saccharomycetes		Ascomycota		74.7580	7.40717e-74	25/10000	True
GCA_030567185.1_ASM3056718v1	Candida sp.	6	GCA_049863605.1_ASM4986360v1	Cyberlindnera hibernica	Williopsis	Wickerhamomycetaceae	Phaffomycetales	Saccharomycetes		Ascomycota		74.7580	1.06985e-73	25/10000	True
GCA_030567185.1_ASM3056718v1	Candida sp.	7	GCA_900465365.1_CvDDNA1.1	Williopsis vartiovaarae	Williopsis	Wickerhamomycetaceae	Phaffomycetales	Saccharomycetes		Ascomycota		74.7580	8.71837e-74	25/10000	True
GCA_030567185.1_ASM3056718v1	Candida sp.	8	GCA_030564145.1_ASM3056414v1	Williopsis takata	Williopsis	Wickerhamomycetaceae	Phaffomycetales	Saccharomycetes		Ascomycota		74.1507	6.12714e-64	22/10000	True
GCA_030567185.1_ASM3056718v1	Candida sp.	9	GCA_003708225.3_ASM370822v3	Williopsis suaveolens	Williopsis	Wickerhamomycetaceae	Phaffomycetales	Saccharomycetes		Ascomycota		73.9297	2.34689e-60	21/10000	True
GCA_030567185.1_ASM3056718v1	Candida sp.	10	GCA_030557335.1_ASM3055733v1	Candida sp.			Saccharomycetales	Saccharomycetes		Ascomycota		73.1970	2.35804e-50	18/10000	True
GCA_030574675.1_ASM3057467v1	Candida sp.	1	GCA_060251805.1_ASM6025180v1	Wickerhamomyces sp. 50C-3	Wickerhamomyces	Wickerhamomycetaceae	Phaffomycetales	Saccharomycetes		Ascomycota		99.0375	0	6906/10000	True
GCA_030574675.1_ASM3057467v1	Candida sp.	2	GCA_030580075.1_ASM3058007v1	Candida sp.			Saccharomycetales	Saccharomycetes		Ascomycota		80.3295	1.91071e-270	81/10000	True
GCA_030574675.1_ASM3057467v1	Candida sp.	3	GCA_030557985.1_ASM3055798v1	Millerago ficus	Millerago	Phaffomycetaceae	Phaffomycetales	Saccharomycetes		Ascomycota		79.9658	2.85573e-245	75/10000	True
GCA_030574675.1_ASM3057467v1	Candida sp.	4	GCA_030569675.1_ASM3056967v1	Wickerhamomyces ulmi	Wickerhamomyces	Wickerhamomycetaceae	Phaffomycetales	Saccharomycetes		Ascomycota		79.7729	6.28972e-234	72/10000	True
GCA_030574675.1_ASM3057467v1	Candida sp.	5	GCA_018344405.1_ASM1834440v1	Hansenula ciferrii	Hansenula	Wickerhamomycetaceae	Phaffomycetales	Saccharomycetes		Ascomycota		79.2158	1.52728e-194	64/10000	True
GCA_030574675.1_ASM3057467v1	Candida sp.	6	GCA_977014405.1_UCD2329_Bar	Phaffomycetaceae sp. UCD2329		Phaffomycetaceae	Phaffomycetales	Saccharomycetes		Ascomycota		78.9886	1.55602e-194	61/10000	True
GCA_030574675.1_ASM3057467v1	Candida sp.	7	GCF_000313485.1_ASM31348v1	Hansenula ciferrii	Hansenula	Wickerhamomycetaceae	Phaffomycetales	Saccharomycetes		Ascomycota		78.9886	1.98955e-191	61/10000	True
GCA_030574675.1_ASM3057467v1	Candida sp.	8	GCA_060251755.1_ASM6025175v1	Wickerhamomyces sp. HBSY964-1	Wickerhamomyces	Wickerhamomycetaceae	Phaffomycetales	Saccharomycetes		Ascomycota		78.6675	2.52173e-179	57/10000	True
GCA_030574675.1_ASM3057467v1	Candida sp.	9	GCA_030582255.1_ASM3058225v1	Hansenula subpelliculosa	Hansenula	Wickerhamomycetaceae	Phaffomycetales	Saccharomycetes		Ascomycota		78.5837	4.59728e-176	56/10000	True
GCA_030574675.1_ASM3057467v1	Candida sp.	10	GCA_046457515.1_Macr_Wsub_1	Hansenula subpelliculosa	Hansenula	Wickerhamomycetaceae	Phaffomycetales	Saccharomycetes		Ascomycota		78.4984	7.00223e-171	55/10000	True
GCA_030563385.1_ASM3056338v1	Candida sp.	1	GCA_030568155.1_ASM3056815v1	Wenyingozyma suzukii	Wenyingozyma	Pichiaceae	Pichiales	Pichiomycetes		Ascomycota		80.2708	3.24881e-267	80/10000	True
GCA_030563385.1_ASM3056338v1	Candida sp.	2	GCA_030557475.1_ASM3055747v1	Wenyingozyma nanaspora	Wenyingozyma	Pichiaceae	Pichiales	Pichiomycetes		Ascomycota		79.9658	1.72961e-248	75/10000	True
GCA_030563385.1_ASM3056338v1	Candida sp.	3	GCA_003706105.3_ASM370610v3	Wenyingozyma ramenticola	Wenyingozyma	Pichiaceae	Pichiales	Pichiomycetes		Ascomycota		78.8308	1.0011e-189	59/10000	True
GCA_030563385.1_ASM3056338v1	Candida sp.	4	GCA_024271885.1_ASM2427188v1	Wenyingozyma ramenticola	Wenyingozyma	Pichiaceae	Pichiales	Pichiomycetes		Ascomycota		78.7498	2.29122e-186	58/10000	True
GCA_030563385.1_ASM3056338v1	Candida sp.	5	GCA_030571015.1_ASM3057101v1	Ogataea sp. yHMJ1	Ogataea	Pichiaceae	Pichiales	Pichiomycetes		Ascomycota		77.6517	8.73414e-144	46/10000	True
GCA_030563385.1_ASM3056338v1	Candida sp.	6	GCA_030579995.1_ASM3057999v1	Candida sp.			Saccharomycetales	Saccharomycetes		Ascomycota		77.5475	6.10534e-140	45/10000	True
GCA_030563385.1_ASM3056338v1	Candida sp.	7	GCA_030567895.1_ASM3056789v1	Candida sp.			Saccharomycetales	Saccharomycetes		Ascomycota		77.4410	2.30729e-136	44/10000	True
GCA_030563385.1_ASM3056338v1	Candida sp.	8	GCA_030567875.1_ASM3056787v1	Wenyingozyma nitratophila	Wenyingozyma	Pichiaceae	Pichiales	Pichiomycetes		Ascomycota		76.8689	9.15354e-119	39/10000	True
GCA_030563385.1_ASM3056338v1	Candida sp.	9	GCA_030567815.1_ASM3056781v1	Ogataea piceae	Ogataea	Pichiaceae	Pichiales	Pichiomycetes		Ascomycota		76.4892	2.46979e-108	36/10000	True
GCA_030563385.1_ASM3056338v1	Candida sp.	10	GCA_030570175.1_ASM3057017v1	Wenyingozyma methylovora	Wenyingozyma	Pichiaceae	Pichiales	Pichiomycetes		Ascomycota		76.4892	3.20879e-109	36/10000	True
GCA_030567915.1_ASM3056791v1	Candida sp.	1	GCA_030568155.1_ASM3056815v1	Wenyingozyma suzukii	Wenyingozyma	Pichiaceae	Pichiales	Pichiomycetes		Ascomycota		76.9890	8.34668e-124	40/10000	True
GCA_030567915.1_ASM3056791v1	Candida sp.	2	GCA_003706105.3_ASM370610v3	Wenyingozyma ramenticola	Wenyingozyma	Pichiaceae	Pichiales	Pichiomycetes		Ascomycota		76.3555	1.64496e-106	35/10000	True
GCA_030567915.1_ASM3056791v1	Candida sp.	3	GCA_024271885.1_ASM2427188v1	Wenyingozyma ramenticola	Wenyingozyma	Pichiaceae	Pichiales	Pichiomycetes		Ascomycota		76.3555	1.18204e-106	35/10000	True
GCA_030567915.1_ASM3056791v1	Candida sp.	4	GCA_030570755.1_ASM3057075v1	Wenyingozyma methanosorbosa	Wenyingozyma	Pichiaceae	Pichiales	Pichiomycetes		Ascomycota		76.0763	1.17826e-99	33/10000	True
GCA_030567915.1_ASM3056791v1	Candida sp.	5	GCA_003706205.2_ASM370620v2	Wenyingozyma methylovora	Wenyingozyma	Pichiaceae	Pichiales	Pichiomycetes		Ascomycota		75.9302	8.61178e-97	32/10000	True
GCA_030567915.1_ASM3056791v1	Candida sp.	6	GCA_030563385.1_ASM3056338v1	Candida sp.			Saccharomycetales	Saccharomycetes		Ascomycota		75.9302	2.03627e-96	32/10000	True
GCA_030567915.1_ASM3056791v1	Candida sp.	7	GCA_030570175.1_ASM3057017v1	Wenyingozyma methylovora	Wenyingozyma	Pichiaceae	Pichiales	Pichiomycetes		Ascomycota		75.9302	1.05693e-96	32/10000	True
GCA_030567915.1_ASM3056791v1	Candida sp.	8	GCA_030569495.1_ASM3056949v1	Pichia cabralensis	Pichia	Pichiaceae	Pichiales	Pichiomycetes		Ascomycota		75.7795	4.49116e-94	31/10000	True
GCA_030567915.1_ASM3056791v1	Candida sp.	9	GCA_001442605.1_ASM144260v1	Candida boidinii	Ogataea	Pichiaceae	Pichiales	Pichiomycetes		Ascomycota		75.4629	4.12188e-84	29/10000	True
GCA_030567915.1_ASM3056791v1	Candida sp.	10	GCA_002007995.1_ASM200799v1	Candida boidinii	Ogataea	Pichiaceae	Pichiales	Pichiomycetes		Ascomycota		75.4629	3.76023e-84	29/10000	True
GCA_030572555.1_ASM3057255v1	Candida sp.	1	GCA_030567175.1_ASM3056717v1	Williopsis lachancei	Williopsis	Wickerhamomycetaceae	Phaffomycetales	Saccharomycetes		Ascomycota		85.8347	0	262/10000	True
GCA_030572555.1_ASM3057255v1	Candida sp.	2	GCA_030569715.1_ASM3056971v1	Williopsis samutprakarnensis	Williopsis	Wickerhamomycetaceae	Phaffomycetales	Saccharomycetes		Ascomycota		75.7795	1.70157e-91	31/10000	True
GCA_030572555.1_ASM3057255v1	Candida sp.	3	GCA_030564145.1_ASM3056414v1	Williopsis takata	Williopsis	Wickerhamomycetaceae	Phaffomycetales	Saccharomycetes		Ascomycota		75.6239	6.64739e-89	30/10000	True
GCA_030572555.1_ASM3057255v1	Candida sp.	4	GCA_030565205.1_ASM3056520v1	Williopsis galapagoensis	Williopsis	Wickerhamomycetaceae	Phaffomycetales	Saccharomycetes		Ascomycota		75.6239	2.0192e-88	30/10000	True
GCA_030572555.1_ASM3057255v1	Candida sp.	5	GCA_003708225.3_ASM370822v3	Williopsis suaveolens	Williopsis	Wickerhamomycetaceae	Phaffomycetales	Saccharomycetes		Ascomycota		74.9443	3.43564e-75	26/10000	True
GCA_030572555.1_ASM3057255v1	Candida sp.	6	GCA_030574175.1_ASM3057417v1	Williopsis subsufficiens	Williopsis	Wickerhamomycetaceae	Phaffomycetales	Saccharomycetes		Ascomycota		74.9443	4.26708e-75	26/10000	True
GCA_030572555.1_ASM3057255v1	Candida sp.	7	GCA_900465365.1_CvDDNA1.1	Williopsis vartiovaarae	Williopsis	Wickerhamomycetaceae	Phaffomycetales	Saccharomycetes		Ascomycota		74.9443	1.34162e-75	26/10000	True
GCA_030572555.1_ASM3057255v1	Candida sp.	8	GCA_020995425.1_ASM2099542v1	Williopsis sargentensis	Williopsis	Wickerhamomycetaceae	Phaffomycetales	Saccharomycetes		Ascomycota		74.7580	2.69601e-72	25/10000	True
GCA_030572555.1_ASM3057255v1	Candida sp.	9	GCA_003708265.3_ASM370826v3	Williopsis vartiovaarae	Williopsis	Wickerhamomycetaceae	Phaffomycetales	Saccharomycetes		Ascomycota		74.5641	3.76961e-69	24/10000	True
GCA_030572555.1_ASM3057255v1	Candida sp.	10	GCA_026545255.1_WickAnom_M2_INAB_v1	Hansenula anomala	Hansenula	Wickerhamomycetaceae	Phaffomycetales	Saccharomycetes		Ascomycota		74.5641	5.92762e-67	24/10000	True
GCA_030580075.1_ASM3058007v1	Candida sp.	1	GCA_030557985.1_ASM3055798v1	Millerago ficus	Millerago	Phaffomycetaceae	Phaffomycetales	Saccharomycetes		Ascomycota		80.3874	5.83151e-277	82/10000	True
GCA_030580075.1_ASM3058007v1	Candida sp.	2	GCA_030574675.1_ASM3057467v1	Candida sp.			Saccharomycetales	Saccharomycetes		Ascomycota		80.3295	1.91071e-270	81/10000	True
GCA_030580075.1_ASM3058007v1	Candida sp.	3	GCA_060251805.1_ASM6025180v1	Wickerhamomyces sp. 50C-3	Wickerhamomyces	Wickerhamomycetaceae	Phaffomycetales	Saccharomycetes		Ascomycota		80.2114	4.85071e-263	79/10000	True
GCA_030580075.1_ASM3058007v1	Candida sp.	4	GCA_046457515.1_Macr_Wsub_1	Hansenula subpelliculosa	Hansenula	Wickerhamomycetaceae	Phaffomycetales	Saccharomycetes		Ascomycota		79.5026	2.58176e-222	68/10000	True
GCA_030580075.1_ASM3058007v1	Candida sp.	5	GCA_053455635.1_ASM5345563v1	Hansenula anomala	Hansenula	Wickerhamomycetaceae	Phaffomycetales	Saccharomycetes		Ascomycota		79.5026	2.07376e-223	68/10000	True
GCA_030580075.1_ASM3058007v1	Candida sp.	6	GCA_030582255.1_ASM3058225v1	Hansenula subpelliculosa	Hansenula	Wickerhamomycetaceae	Phaffomycetales	Saccharomycetes		Ascomycota		79.3613	1.24783e-216	66/10000	True
GCA_030580075.1_ASM3058007v1	Candida sp.	7	GCA_046457555.1_Macr_Wsub_A_1	Hansenula subpelliculosa	Hansenula	Wickerhamomycetaceae	Phaffomycetales	Saccharomycetes		Ascomycota		79.3613	4.80334e-214	66/10000	True
GCA_030580075.1_ASM3058007v1	Candida sp.	8	GCA_030569675.1_ASM3056967v1	Wickerhamomyces ulmi	Wickerhamomyces	Wickerhamomycetaceae	Phaffomycetales	Saccharomycetes		Ascomycota		79.2891	4.301e-213	65/10000	True
GCA_030580075.1_ASM3058007v1	Candida sp.	9	GCA_018344405.1_ASM1834440v1	Hansenula ciferrii	Hansenula	Wickerhamomycetaceae	Phaffomycetales	Saccharomycetes		Ascomycota		79.1412	2.2147e-197	63/10000	True
GCA_030580075.1_ASM3058007v1	Candida sp.	10	GCA_977014405.1_UCD2329_Bar	Phaffomycetaceae sp. UCD2329		Phaffomycetaceae	Phaffomycetales	Saccharomycetes		Ascomycota		79.1412	3.77254e-206	63/10000	True
GCA_030557335.1_ASM3055733v1	Candida sp.	1	GCA_030557345.1_ASM3055734v1	Petasospora maritima	Petasospora	Wickerhamomycetaceae	Phaffomycetales	Saccharomycetes		Ascomycota		91.0318	0	823/10000	True
GCA_030557335.1_ASM3055733v1	Candida sp.	2	GCA_964273355.1_UCD1060_Cybsyl	Petasospora sylvatica	Petasospora	Wickerhamomycetaceae	Phaffomycetales	Saccharomycetes		Ascomycota		83.0396	0	144/10000	True
GCA_030557335.1_ASM3055733v1	Candida sp.	3	GCA_003708295.3_ASM370829v3	Petasospora mycetangii	Petasospora	Wickerhamomycetaceae	Phaffomycetales	Saccharomycetes		Ascomycota		78.8308	2.27156e-189	59/10000	True
GCA_030557335.1_ASM3055733v1	Candida sp.	4	GCA_030580135.1_ASM3058013v1	Petasospora easanensis	Petasospora	Wickerhamomycetaceae	Phaffomycetales	Saccharomycetes		Ascomycota		78.3229	9.1521e-167	53/10000	True
GCA_030557335.1_ASM3055733v1	Candida sp.	5	GCA_030563065.1_ASM3056306v1	Petasospora veronae	Petasospora	Wickerhamomycetaceae	Phaffomycetales	Saccharomycetes		Ascomycota		78.2327	5.29457e-163	52/10000	True
GCA_030557335.1_ASM3055733v1	Candida sp.	6	GCA_030569745.1_ASM3056974v1	Petasospora bimundalis	Petasospora	Wickerhamomycetaceae	Phaffomycetales	Saccharomycetes		Ascomycota		77.9511	1.27188e-153	49/10000	True
GCA_030557335.1_ASM3055733v1	Candida sp.	7	GCA_003708285.2_ASM370828v2	Petasospora xylosilytica	Petasospora	Wickerhamomycetaceae	Phaffomycetales	Saccharomycetes		Ascomycota		77.8534	4.46799e-149	48/10000	True
GCA_030557335.1_ASM3055733v1	Candida sp.	8	GCA_009281745.1_ASM928174v1	Petasospora americana	Petasospora	Wickerhamomycetaceae	Phaffomycetales	Saccharomycetes		Ascomycota		77.4410	1.30606e-136	44/10000	True
GCA_030557335.1_ASM3055733v1	Candida sp.	9	GCA_030563305.1_ASM3056330v1	Petasospora maesae	Petasospora	Wickerhamomycetaceae	Phaffomycetales	Saccharomycetes		Ascomycota		77.3320	3.28871e-132	43/10000	True
GCA_030557335.1_ASM3055733v1	Candida sp.	10	GCA_003708795.3_ASM370879v3	Petasospora americana	Petasospora	Wickerhamomycetaceae	Phaffomycetales	Saccharomycetes		Ascomycota		77.1061	4.07943e-126	41/10000	True
GCA_030567895.1_ASM3056789v1	Candida sp.	1	GCA_030567875.1_ASM3056787v1	Wenyingozyma nitratophila	Wenyingozyma	Pichiaceae	Pichiales	Pichiomycetes		Ascomycota		83.2624	0	151/10000	True
GCA_030567895.1_ASM3056789v1	Candida sp.	2	GCA_024271885.1_ASM2427188v1	Wenyingozyma ramenticola	Wenyingozyma	Pichiaceae	Pichiales	Pichiomycetes		Ascomycota		81.5088	0	104/10000	True
GCA_030567895.1_ASM3056789v1	Candida sp.	3	GCA_003706105.3_ASM370610v3	Wenyingozyma ramenticola	Wenyingozyma	Pichiaceae	Pichiales	Pichiomycetes		Ascomycota		81.0321	6.59726e-320	94/10000	True
GCA_030567895.1_ASM3056789v1	Candida sp.	4	GCA_030568155.1_ASM3056815v1	Wenyingozyma suzukii	Wenyingozyma	Pichiaceae	Pichiales	Pichiomycetes		Ascomycota		78.4984	4.32299e-175	55/10000	True
GCA_030567895.1_ASM3056789v1	Candida sp.	5	GCA_030563385.1_ASM3056338v1	Candida sp.			Saccharomycetales	Saccharomycetes		Ascomycota		77.4410	2.30729e-136	44/10000	True
GCA_030567895.1_ASM3056789v1	Candida sp.	6	GCA_030557475.1_ASM3055747v1	Wenyingozyma nanaspora	Wenyingozyma	Pichiaceae	Pichiales	Pichiomycetes		Ascomycota		77.1061	1.04381e-125	41/10000	True
GCA_030567895.1_ASM3056789v1	Candida sp.	7	GCA_030571015.1_ASM3057101v1	Ogataea sp. yHMJ1	Ogataea	Pichiaceae	Pichiales	Pichiomycetes		Ascomycota		76.6192	2.39612e-112	37/10000	True
GCA_030567895.1_ASM3056789v1	Candida sp.	8	GCA_002008085.1_ASM200808v1	Candida boidinii	Ogataea	Pichiaceae	Pichiales	Pichiomycetes		Ascomycota		76.3555	1.98471e-102	35/10000	True
GCA_030567895.1_ASM3056789v1	Candida sp.	9	GCA_030570755.1_ASM3057075v1	Wenyingozyma methanosorbosa	Wenyingozyma	Pichiaceae	Pichiales	Pichiomycetes		Ascomycota		76.3555	3.81713e-105	35/10000	True
GCA_030567895.1_ASM3056789v1	Candida sp.	10	GCA_003243125.1_ASM324312v1	Candida boidinii	Ogataea	Pichiaceae	Pichiales	Pichiomycetes		Ascomycota		76.2180	4.04272e-99	34/10000	True
GCA_030567955.1_ASM3056795v1	Candida sp.	1	GCA_003706095.2_ASM370609v2	Ogataea trehaloabstinens	Ogataea	Pichiaceae	Pichiales	Pichiomycetes		Ascomycota		85.7453	0	257/10000	True
GCA_030567955.1_ASM3056795v1	Candida sp.	2	GCA_030559035.1_ASM3055903v1	Ogataea wickerhamii	Ogataea	Pichiaceae	Pichiales	Pichiomycetes		Ascomycota		72.0022	1.07419e-38	14/10000	True
GCA_030567955.1_ASM3056795v1	Candida sp.	3	GCA_030579375.1_ASM3057937v1	Ogataea populi-albae	Ogataea	Pichiaceae	Pichiales	Pichiomycetes		Ascomycota		71.6498	2.43304e-35	13/10000	True
GCA_030567955.1_ASM3056795v1	Candida sp.	4	GCA_003707665.2_ASM370766v2	Ogataea pini	Ogataea	Pichiaceae	Pichiales	Pichiomycetes		Ascomycota		70.4019	2.07566e-26	10/10000	True
GCA_030567955.1_ASM3056795v1	Candida sp.	5	GCA_000773845.1_Cand_albi_12C_V2	Candida albicans	Candida	Debaryomycetaceae	Serinales	Pichiomycetes		Ascomycota		69.9006	4.75027e-23	9/10000	True
GCA_030567955.1_ASM3056795v1	Candida sp.	6	GCA_002837675.1_ASM283767v1	Candida albicans	Candida	Debaryomycetaceae	Serinales	Pichiomycetes		Ascomycota		69.9006	3.32765e-22	9/10000	True
GCA_030567955.1_ASM3056795v1	Candida sp.	7	GCA_003707205.3_ASM370720v3	Kregervanrija delftensis	Kregervanrija	Pichiaceae	Pichiales	Pichiomycetes		Ascomycota		69.9006	2.08627e-23	9/10000	True
GCA_030567955.1_ASM3056795v1	Candida sp.	8	GCA_014049485.1_ASM1404948v1	Candida albicans	Candida	Debaryomycetaceae	Serinales	Pichiomycetes		Ascomycota		69.9006	7.61064e-23	9/10000	True
GCA_030567955.1_ASM3056795v1	Candida sp.	9	GCA_019155655.1_ASM1915565v1	Kregervanrija delftensis	Kregervanrija	Pichiaceae	Pichiales	Pichiomycetes		Ascomycota		69.9006	2.61842e-23	9/10000	True
GCA_030567955.1_ASM3056795v1	Candida sp.	10	GCA_023629415.1_ASM2362941v1	Pichia kudriavzevii	Pichia	Pichiaceae	Pichiales	Pichiomycetes		Ascomycota		69.9006	1.33526e-23	9/10000	True
GCA_030564165.1_ASM3056416v1	Candida sp.	1	GCA_030571115.1_ASM3057111v1	Wickerhamomyces sp. yHMH617	Wickerhamomyces	Wickerhamomycetaceae	Phaffomycetales	Saccharomycetes		Ascomycota		84.9367	0	216/10000	True
GCA_030564165.1_ASM3056416v1	Candida sp.	2	GCA_030569675.1_ASM3056967v1	Wickerhamomyces ulmi	Wickerhamomyces	Wickerhamomycetaceae	Phaffomycetales	Saccharomycetes		Ascomycota		79.1412	8.69336e-205	63/10000	True
GCA_030564165.1_ASM3056416v1	Candida sp.	3	GCA_060251805.1_ASM6025180v1	Wickerhamomyces sp. 50C-3	Wickerhamomyces	Wickerhamomycetaceae	Phaffomycetales	Saccharomycetes		Ascomycota		78.7498	7.31918e-185	58/10000	True
GCA_030564165.1_ASM3056416v1	Candida sp.	4	GCA_030574675.1_ASM3057467v1	Candida sp.			Saccharomycetales	Saccharomycetes		Ascomycota		78.4115	1.71091e-170	54/10000	True
GCA_030564165.1_ASM3056416v1	Candida sp.	5	GCA_030580075.1_ASM3058007v1	Candida sp.			Saccharomycetales	Saccharomycetes		Ascomycota		78.2327	6.73933e-167	52/10000	True
GCA_030564165.1_ASM3056416v1	Candida sp.	6	GCA_003706815.2_ASM370681v2	Wickerhamomyces sp. NRRL YB-2243	Wickerhamomyces	Wickerhamomycetaceae	Phaffomycetales	Saccharomycetes		Ascomycota		77.5475	6.01522e-141	45/10000	True
GCA_030564165.1_ASM3056416v1	Candida sp.	7	GCA_949709075.1_1493_Wickerhamomyces_alni	Wickerhamomyces alni	Wickerhamomyces	Wickerhamomycetaceae	Phaffomycetales	Saccharomycetes		Ascomycota		77.4410	2.11684e-137	44/10000	True
GCA_030564165.1_ASM3056416v1	Candida sp.	8	GCA_003707985.2_ASM370798v2	Wickerhamomyces alni	Wickerhamomyces	Wickerhamomycetaceae	Phaffomycetales	Saccharomycetes		Ascomycota		77.3320	5.19665e-134	43/10000	True
GCA_030564165.1_ASM3056416v1	Candida sp.	9	GCA_046457515.1_Macr_Wsub_1	Hansenula subpelliculosa	Hansenula	Wickerhamomycetaceae	Phaffomycetales	Saccharomycetes		Ascomycota		77.1061	4.67836e-125	41/10000	True
GCA_030564165.1_ASM3056416v1	Candida sp.	10	GCA_030571235.1_ASM3057123v1	Wickerhamomyces sp. yHMH26	Wickerhamomyces	Wickerhamomycetaceae	Phaffomycetales	Saccharomycetes		Ascomycota		76.9890	2.19456e-123	40/10000	True
GCA_030567155.1_ASM3056715v1	Candida sp.	1	GCA_030567185.1_ASM3056718v1	Candida sp.			Saccharomycetales	Saccharomycetes		Ascomycota		78.5837	1.09489e-182	56/10000	True
GCA_030567155.1_ASM3056715v1	Candida sp.	2	GCA_003707745.2_ASM370774v2	Williopsis misumaiensis	Williopsis	Wickerhamomycetaceae	Phaffomycetales	Saccharomycetes		Ascomycota		77.7536	8.23244e-150	47/10000	True
GCA_030567155.1_ASM3056715v1	Candida sp.	3	GCA_003708355.3_ASM370835v3	Williopsis maclurae	Williopsis	Wickerhamomycetaceae	Phaffomycetales	Saccharomycetes		Ascomycota		77.4410	3.34101e-139	44/10000	True
GCA_030567155.1_ASM3056715v1	Candida sp.	4	GCA_030564145.1_ASM3056414v1	Williopsis takata	Williopsis	Wickerhamomycetaceae	Phaffomycetales	Saccharomycetes		Ascomycota		76.9890	2.92936e-124	40/10000	True
GCA_030567155.1_ASM3056715v1	Candida sp.	5	GCA_003708265.3_ASM370826v3	Williopsis vartiovaarae	Williopsis	Wickerhamomycetaceae	Phaffomycetales	Saccharomycetes		Ascomycota		76.3555	6.0157e-107	35/10000	True
GCA_030567155.1_ASM3056715v1	Candida sp.	6	GCA_020995425.1_ASM2099542v1	Williopsis sargentensis	Williopsis	Wickerhamomycetaceae	Phaffomycetales	Saccharomycetes		Ascomycota		76.2180	2.27754e-103	34/10000	True
GCA_030567155.1_ASM3056715v1	Candida sp.	7	GCA_900465365.1_CvDDNA1.1	Williopsis vartiovaarae	Williopsis	Wickerhamomycetaceae	Phaffomycetales	Saccharomycetes		Ascomycota		76.0763	5.4759e-100	33/10000	True
GCA_030567155.1_ASM3056715v1	Candida sp.	8	GCA_003706445.3_ASM370644v3	Williopsis mrakii	Williopsis	Wickerhamomycetaceae	Phaffomycetales	Saccharomycetes		Ascomycota		75.2963	1.31551e-82	28/10000	True
GCA_030567155.1_ASM3056715v1	Candida sp.	9	GCA_049863605.1_ASM4986360v1	Cyberlindnera hibernica	Williopsis	Wickerhamomycetaceae	Phaffomycetales	Saccharomycetes		Ascomycota		75.2963	5.54509e-83	28/10000	True
GCA_030567155.1_ASM3056715v1	Candida sp.	10	GCA_022641835.1_ASM2264183v1	Petasospora fabianii	Petasospora	Wickerhamomycetaceae	Phaffomycetales	Saccharomycetes		Ascomycota		75.1236	2.98633e-79	27/10000	True
GCA_030705185.1_ASM3070518v1	Candida sp.	1	GCA_030568875.1_ASM3056887v1	Sungouiella flosculorum	Sungouiella	Metschnikowiaceae	Serinales	Pichiomycetes		Ascomycota		73.1970	2.6569e-50	18/10000	True
GCA_030705185.1_ASM3070518v1	Candida sp.	2	GCA_030674735.1_ASM3067473v1	Sungouiella pseudoflosculorum	Sungouiella	Metschnikowiaceae	Serinales	Pichiomycetes		Ascomycota		72.6371	4.56771e-44	16/10000	True
GCA_030705185.1_ASM3070518v1	Candida sp.	3	GCA_030557785.1_ASM3055778v1	Candida anglica	Kurtzmaniella	Debaryomycetaceae	Serinales	Pichiomycetes		Ascomycota		72.3303	6.62539e-41	15/10000	True
GCA_030705185.1_ASM3070518v1	Candida sp.	4	GCA_030564445.1_ASM3056444v1	Kodamaea leandrae	Kodamaea	Debaryomycetaceae	Serinales	Pichiomycetes		Ascomycota		72.3303	9.97665e-41	15/10000	True
GCA_030705185.1_ASM3070518v1	Candida sp.	5	GCA_030573315.1_ASM3057331v1	Osmozyma mogii	Osmozyma	Metschnikowiaceae	Serinales	Pichiomycetes		Ascomycota		72.3303	2.92443e-41	15/10000	True
GCA_030705185.1_ASM3070518v1	Candida sp.	6	GCA_001599095.1_JCM_1507_assembly_v001	Hyphopichia homilentoma	Hyphopichia	Debaryomycetaceae	Serinales	Pichiomycetes		Ascomycota		72.0022	6.76255e-38	14/10000	True
GCA_030705185.1_ASM3070518v1	Candida sp.	7	GCA_030444905.1_ASM3044490v1	Metschnikowia sp. yHKB443	Metschnikowia	Metschnikowiaceae	Serinales	Pichiomycetes		Ascomycota		72.0022	2.91766e-38	14/10000	True
GCA_030705185.1_ASM3070518v1	Candida sp.	8	GCA_030560785.1_ASM3056078v1	Hyphopichia homilentoma	Hyphopichia	Debaryomycetaceae	Serinales	Pichiomycetes		Ascomycota		72.0022	5.48975e-38	14/10000	True
GCA_030705185.1_ASM3070518v1	Candida sp.	9	GCA_030568635.1_ASM3056863v1	Suhomyces caryicola	Suhomyces	Debaryomycetaceae	Serinales	Pichiomycetes		Ascomycota		72.0022	4.74599e-38	14/10000	True
GCA_030705185.1_ASM3070518v1	Candida sp.	10	GCA_030572695.1_ASM3057269v1	Scheffersomyces illinoinensis	Scheffersomyces	Debaryomycetaceae	Serinales	Pichiomycetes		Ascomycota		72.0022	1.96937e-37	14/10000	True
GCA_030571215.1_ASM3057121v1	Candida sp.	1	GCA_030558275.1_ASM3055827v1	Chernovozyma palmyrensis	Chernovozyma	Debaryomycetaceae	Serinales	Pichiomycetes		Ascomycota		74.3619	3.21307e-65	23/10000	True
GCA_030571215.1_ASM3057121v1	Candida sp.	2	GCA_030566905.1_ASM3056690v1	Chernovozyma aurita	Chernovozyma	Debaryomycetaceae	Serinales	Pichiomycetes		Ascomycota		74.3619	3.5035e-63	23/10000	True
GCA_030571215.1_ASM3057121v1	Candida sp.	3	GCA_006942215.1_Dha_398	Debaryomyces hansenii	Debaryomyces	Debaryomycetaceae	Serinales	Pichiomycetes		Ascomycota		74.1507	4.05298e-62	22/10000	True
GCA_030571215.1_ASM3057121v1	Candida sp.	4	GCA_030564725.1_ASM3056472v1	Chernovozyma sophiae-reginae	Chernovozyma	Debaryomycetaceae	Serinales	Pichiomycetes		Ascomycota		74.1507	1.71973e-61	22/10000	True
GCA_030571215.1_ASM3057121v1	Candida sp.	5	GCA_006942205.1_Dha_j26	Debaryomyces hansenii	Debaryomyces	Debaryomycetaceae	Serinales	Pichiomycetes		Ascomycota		73.9297	6.12502e-59	21/10000	True
GCA_030571215.1_ASM3057121v1	Candida sp.	6	GCA_006942305.1_Dha_1449	Debaryomyces hansenii	Debaryomyces	Debaryomycetaceae	Serinales	Pichiomycetes		Ascomycota		73.9297	5.40036e-59	21/10000	True
GCA_030571215.1_ASM3057121v1	Candida sp.	7	GCA_054123055.1_ASM5412305v1	Debaryomyces hansenii	Debaryomyces	Debaryomycetaceae	Serinales	Pichiomycetes		Ascomycota		73.9297	5.36154e-59	21/10000	True
GCA_030571215.1_ASM3057121v1	Candida sp.	8	GCA_054123375.1_ASM5412337v1	Debaryomyces hansenii	Debaryomyces	Debaryomycetaceae	Serinales	Pichiomycetes		Ascomycota		73.9297	1.22298e-59	21/10000	True
GCA_030571215.1_ASM3057121v1	Candida sp.	9	GCA_054123835.1_ASM5412383v1	Debaryomyces hansenii	Debaryomyces	Debaryomycetaceae	Serinales	Pichiomycetes		Ascomycota		73.9297	2.00308e-60	21/10000	True
GCA_030571215.1_ASM3057121v1	Candida sp.	10	GCA_054124075.1_ASM5412407v1	Debaryomyces hansenii	Debaryomyces	Debaryomycetaceae	Serinales	Pichiomycetes		Ascomycota		73.9297	5.59051e-59	21/10000	True
GCA_030407195.1_ASM3040719v1	Candida tunisiensis	1	GCA_029299085.1_OphIps_1.0	Ophiostoma ips	Ophiostoma	Ophiostomataceae	Ophiostomatales	Sordariomycetes		Ascomycota		70.8553	1.34129e-27	11/10000	True
GCA_030407195.1_ASM3040719v1	Candida tunisiensis	2	GCA_002917055.1_OIPS	Ophiostoma ips	Ophiostoma	Ophiostomataceae	Ophiostomatales	Sordariomycetes		Ascomycota		70.4019	1.01885e-24	10/10000	True
GCA_030407195.1_ASM3040719v1	Candida tunisiensis	3	GCA_019925475.1_ASM1992547v1	Ophiostoma ips	Ophiostoma	Ophiostomataceae	Ophiostomatales	Sordariomycetes		Ascomycota		70.4019	1.02049e-24	10/10000	True
GCA_030407195.1_ASM3040719v1	Candida tunisiensis	4	GCA_024244165.1_UCR_Aace_1.0	Ascosphaera acerosa	Ascosphaera	Ascosphaeraceae	Onygenales	Eurotiomycetes		Ascomycota		70.4019	1.69852e-25	10/10000	True
GCA_030407195.1_ASM3040719v1	Candida tunisiensis	5	GCA_019925645.1_ASM1992564v1	Graphilbum cf. rectangulosporium	Graphilbum	Ophiostomataceae	Ophiostomatales	Sordariomycetes		Ascomycota		69.9006	4.2971e-22	9/10000	True
GCA_030407195.1_ASM3040719v1	Candida tunisiensis	6	GCA_024734315.1_ASM2473431v1	Tardiomyces blankii	Tardiomyces	Trichomonascaceae	Dipodascales	Dipodascomycetes		Ascomycota		69.9006	8.62968e-23	9/10000	True
GCA_030407195.1_ASM3040719v1	Candida tunisiensis	7	GCA_001676865.1_ASM167686v1	Ceratocystiopsis minuta	Ceratocystiopsis	Ophiostomataceae	Ophiostomatales	Sordariomycetes		Ascomycota		69.3402	1.61458e-19	8/10000	True
GCA_030407195.1_ASM3040719v1	Candida tunisiensis	8	GCA_004125005.1_ASM412500v1	Entelexis sorbosivorans	Entelexis	Trichomonascaceae	Dipodascales	Dipodascomycetes		Ascomycota		69.3402	1.19036e-20	8/10000	True
GCA_030407195.1_ASM3040719v1	Candida tunisiensis	9	GCA_019925545.1_ASM1992554v1	Ophiostoma angusticollis	Ophiostoma	Ophiostomataceae	Ophiostomatales	Sordariomycetes		Ascomycota		69.3402	2.22899e-19	8/10000	True
GCA_030407195.1_ASM3040719v1	Candida tunisiensis	10	GCA_022577725.1_ASM2257772v1	Wickerhamiella dianesei	Wickerhamiella	Trichomonascaceae	Dipodascales	Dipodascomycetes		Ascomycota		69.3402	1.07712e-20	8/10000	True
GCA_000372705.1_YLSCbra_1.0	Cerataphis brasiliensis yeast-like symbiont	1	GCA_000758425.1_ASM75842v1	Nilaparvata lugens yeast-like symbiont						Ascomycota		89.4736	0	580/10000	True
GCA_000372705.1_YLSCbra_1.0	Cerataphis brasiliensis yeast-like symbiont	2	GCA_000956045.1_ASM95604v1	Hirsutella minnesotensis	Hirsutella	Ophiocordycipitaceae	Hypocreales	Sordariomycetes		Ascomycota		74.5641	1.26047e-58	24/10000	True
GCA_000372705.1_YLSCbra_1.0	Cerataphis brasiliensis yeast-like symbiont	3	GCA_002939055.1_ASM293905v1	Hypocreales sp. Mo6-1			Hypocreales	Sordariomycetes		Ascomycota		74.3619	9.77067e-59	23/10000	True
GCA_000372705.1_YLSCbra_1.0	Cerataphis brasiliensis yeast-like symbiont	4	GCA_050872005.1_ASM5087200v1	Purpureocillium sp. XYC-2025d	Purpureocillium	Ophiocordycipitaceae	Hypocreales	Sordariomycetes		Ascomycota		74.3619	5.22618e-58	23/10000	True
GCA_000372705.1_YLSCbra_1.0	Cerataphis brasiliensis yeast-like symbiont	5	GCA_002591385.1_Hirsu2	Cordyceps sp. RAO-2017	Cordyceps	Cordycipitaceae	Hypocreales	Sordariomycetes		Ascomycota		74.1507	7.91871e-55	22/10000	True
GCA_000372705.1_YLSCbra_1.0	Cerataphis brasiliensis yeast-like symbiont	6	GCA_051170975.1_iisc_KLYLS	Hypocreales sp. KLYLS			Hypocreales	Sordariomycetes		Ascomycota		73.9297	2.74635e-53	21/10000	True
GCA_000372705.1_YLSCbra_1.0	Cerataphis brasiliensis yeast-like symbiont	7	GCA_004142005.1_ASM414200v1	Hirsutella rhossiliensis	Hirsutella	Ophiocordycipitaceae	Hypocreales	Sordariomycetes		Ascomycota		73.4540	7.31878e-45	19/10000	True
GCA_000372705.1_YLSCbra_1.0	Cerataphis brasiliensis yeast-like symbiont	8	GCA_058369715.1_StYLS	Hypocreales sp. StYLS			Hypocreales	Sordariomycetes		Ascomycota		73.4540	7.79026e-48	19/10000	True
GCA_000372705.1_YLSCbra_1.0	Cerataphis brasiliensis yeast-like symbiont	9	GCA_051527635.1_YNP26	Tolypocladium inflatum	Tolypocladium	Ophiocordycipitaceae	Hypocreales	Sordariomycetes		Ascomycota		73.1970	7.41022e-44	18/10000	True
GCA_000372705.1_YLSCbra_1.0	Cerataphis brasiliensis yeast-like symbiont	10	GCF_020360975.1_ASM2036097v1	Hirsutella rhossiliensis	Hirsutella	Ophiocordycipitaceae	Hypocreales	Sordariomycetes		Ascomycota		73.1970	4.30551e-41	18/10000	True
GCA_041722615.1_BTNG35	cf. Tylopilus sp. TRTC175157	1	GCA_026108285.1_ASM2610828v1	Diplocarpon coronariae	Diplocarpon	Drepanopezizaceae	Helotiales	Leotiomycetes		Ascomycota		77.4410	4.97423e-222	44/10000	True
GCA_041722615.1_BTNG35	cf. Tylopilus sp. TRTC175157	2	GCA_009666835.1_ASM966683v1	Saccharomyces cerevisiae x Saccharomyces eubayanus x Saccharomyces uvarum	Saccharomyces	Saccharomycetaceae	Saccharomycetales	Saccharomycetes		Ascomycota		77.1061	1.28722e-208	41/10000	True
GCA_041722615.1_BTNG35	cf. Tylopilus sp. TRTC175157	3	GCA_046252445.1_ASM4625244v1	Candidozyma auris	Candidozyma	Metschnikowiaceae	Serinales	Pichiomycetes		Ascomycota		74.7580	2.78918e-140	25/10000	True
GCA_041722615.1_BTNG35	cf. Tylopilus sp. TRTC175157	4	GCA_018606675.1_ASM1860667v1	Malasseziomycetes sp.				Malasseziomycetes		Basidiomycota		74.5641	1.9164e-112	24/10000	True
GCA_041722615.1_BTNG35	cf. Tylopilus sp. TRTC175157	5	GCA_943193675.1_grTriPseu1.1_alternate_haplotype	Trichoderma citrinoviride	Trichoderma	Hypocreaceae	Hypocreales	Sordariomycetes		Ascomycota		73.9297	4.79718e-93	21/10000	True
GCA_041722615.1_BTNG35	cf. Tylopilus sp. TRTC175157	6	GCA_038091375.1_MICH11833-Porphyrellus-festivus	Austroboletus festivus	Austroboletus	Boletaceae	Boletales	Agaricomycetes		Basidiomycota		72.0022	1.00959e-54	14/10000	True
GCA_041722615.1_BTNG35	cf. Tylopilus sp. TRTC175157	7	GCA_000220195.1_ASM22019v1	Ophiognomonia clavigignenti-juglandacearum	Ophiognomonia	Gnomoniaceae	Diaporthales	Sordariomycetes		Ascomycota		70.8553	1.56634e-44	11/10000	True
GCA_041722615.1_BTNG35	cf. Tylopilus sp. TRTC175157	8	GCA_038089515.1_PAM-Leccinum-crocipodium	Leccinellum crocipodium	Leccinellum	Boletaceae	Boletales	Agaricomycetes		Basidiomycota		70.8553	4.05172e-42	11/10000	True
GCA_041722615.1_BTNG35	cf. Tylopilus sp. TRTC175157	9	GCA_038093275.1_MICH10010-Boletus-felleus_f._albiceps	Tylopilus felleus	Tylopilus	Boletaceae	Boletales	Agaricomycetes		Basidiomycota		70.4019	5.31225e-38	10/10000	True
GCA_041722615.1_BTNG35	cf. Tylopilus sp. TRTC175157	10	GCA_032595415.1_ASM3259541v1	Pichia kudriavzevii	Pichia	Pichiaceae	Pichiales	Pichiomycetes		Ascomycota		69.9006	8.89098e-35	9/10000	True
GCA_057978885.1_Crustfungi10_Chaeto	Chaetomiaceae sp. 537B	1	GCA_023627195.1_ASM2362719v1	Penicillium chrysogenum	Penicillium	Aspergillaceae	Eurotiales	Eurotiomycetes		Ascomycota		97.7216	0	4490/10000	True
GCA_057978885.1_Crustfungi10_Chaeto	Chaetomiaceae sp. 537B	2	GCA_023627155.1_ASM2362715v1	Penicillium chrysogenum	Penicillium	Aspergillaceae	Eurotiales	Eurotiomycetes		Ascomycota		97.7209	0	4489/10000	True
GCA_057978885.1_Crustfungi10_Chaeto	Chaetomiaceae sp. 537B	3	GCA_023626895.1_ASM2362689v1	Penicillium chrysogenum	Penicillium	Aspergillaceae	Eurotiales	Eurotiomycetes		Ascomycota		97.7136	0	4479/10000	True
GCA_057978885.1_Crustfungi10_Chaeto	Chaetomiaceae sp. 537B	4	GCA_023627215.1_ASM2362721v1	Penicillium chrysogenum	Penicillium	Aspergillaceae	Eurotiales	Eurotiomycetes		Ascomycota		97.7114	0	4476/10000	True
GCA_057978885.1_Crustfungi10_Chaeto	Chaetomiaceae sp. 537B	5	GCA_000816005.1_KF-25_v1	Penicillium chrysogenum	Penicillium	Aspergillaceae	Eurotiales	Eurotiomycetes		Ascomycota		97.6944	0	4453/10000	True
GCA_057978885.1_Crustfungi10_Chaeto	Chaetomiaceae sp. 537B	6	GCA_023626655.1_ASM2362665v1	Penicillium chrysogenum	Penicillium	Aspergillaceae	Eurotiales	Eurotiomycetes		Ascomycota		97.6728	0	4424/10000	True
GCA_057978885.1_Crustfungi10_Chaeto	Chaetomiaceae sp. 537B	7	GCA_023624335.1_ASM2362433v1	Penicillium chrysogenum	Penicillium	Aspergillaceae	Eurotiales	Eurotiomycetes		Ascomycota		97.6661	0	4415/10000	True
GCA_057978885.1_Crustfungi10_Chaeto	Chaetomiaceae sp. 537B	8	GCA_023626795.1_ASM2362679v1	Penicillium chrysogenum	Penicillium	Aspergillaceae	Eurotiales	Eurotiomycetes		Ascomycota		97.6661	0	4415/10000	True
GCA_057978885.1_Crustfungi10_Chaeto	Chaetomiaceae sp. 537B	9	GCA_023624275.1_ASM2362427v1	Penicillium chrysogenum	Penicillium	Aspergillaceae	Eurotiales	Eurotiomycetes		Ascomycota		97.6646	0	4413/10000	True
GCA_057978885.1_Crustfungi10_Chaeto	Chaetomiaceae sp. 537B	10	GCA_023627295.1_ASM2362729v1	Penicillium chrysogenum	Penicillium	Aspergillaceae	Eurotiales	Eurotiomycetes		Ascomycota		97.6646	0	4413/10000	True
GCA_023628455.1_ASM2362845v1	Chaetomiaceae sp. B2702	1	GCA_023628475.1_ASM2362847v1	Chaetomiaceae sp. PF1801		Chaetomiaceae	Sordariales	Sordariomycetes		Ascomycota		79.2158	5.43023e-182	64/10000	True
GCA_023628455.1_ASM2362845v1	Chaetomiaceae sp. B2702	2	GCA_019096155.1_ASM1909615v1	Staphylotrichum longicolle	Staphylotrichum	Chaetomiaceae	Sordariales	Sordariomycetes		Ascomycota		78.9886	5.59353e-171	61/10000	True
GCA_023628455.1_ASM2362845v1	Chaetomiaceae sp. B2702	3	GCA_056776735.1_ASM5677673v1	Humicola sp. MLY179	Humicola	Chaetomiaceae	Sordariales	Sordariomycetes		Ascomycota		78.8308	1.29413e-164	59/10000	True
GCA_023628455.1_ASM2362845v1	Chaetomiaceae sp. B2702	4	GCF_000226095.1_ASM22609v1	Thermothelomyces thermophilus	Thermothelomyces	Chaetomiaceae	Sordariales	Sordariomycetes		Ascomycota		78.7498	2.12014e-160	58/10000	True
GCA_023628455.1_ASM2362845v1	Chaetomiaceae sp. B2702	5	GCA_042370755.1_Myche1	Thermothelomyces heterothallicus	Thermothelomyces	Chaetomiaceae	Sordariales	Sordariomycetes		Ascomycota		78.6675	2.75115e-158	57/10000	True
GCA_023628455.1_ASM2362845v1	Chaetomiaceae sp. B2702	6	GCF_042370625.1_Mychet1	Thermothelomyces heterothallicus	Thermothelomyces	Chaetomiaceae	Sordariales	Sordariomycetes		Ascomycota		78.6675	2.91563e-158	57/10000	True
GCA_023628455.1_ASM2362845v1	Chaetomiaceae sp. B2702	7	GCA_020736525.1_Chame1	Chaetomium sp. MPI-CAGE-AT-0009	Chaetomium	Chaetomiaceae	Sordariales	Sordariomycetes		Ascomycota		78.4984	1.83354e-152	55/10000	True
GCA_023628455.1_ASM2362845v1	Chaetomiaceae sp. B2702	8	GCA_041956515.1_Thehi1	Thermothelomyces hinnuleus	Thermothelomyces	Chaetomiaceae	Sordariales	Sordariomycetes		Ascomycota		78.4984	3.47754e-154	55/10000	True
GCA_023628455.1_ASM2362845v1	Chaetomiaceae sp. B2702	9	GCF_033439085.1_Chafi1	Chaetomium fimeti	Chaetomium	Chaetomiaceae	Sordariales	Sordariomycetes		Ascomycota		78.4115	8.72906e-149	54/10000	True
GCA_023628455.1_ASM2362845v1	Chaetomiaceae sp. B2702	10	GCA_033575675.1_Thihy1	Parathielavia hyrcaniae	Parathielavia	Chaetomiaceae	Sordariales	Sordariomycetes		Ascomycota		78.2327	6.97886e-144	52/10000	True
GCA_023628475.1_ASM2362847v1	Chaetomiaceae sp. PF1801	1	GCA_033575675.1_Thihy1	Parathielavia hyrcaniae	Parathielavia	Chaetomiaceae	Sordariales	Sordariomycetes		Ascomycota		83.0721	0	145/10000	True
GCA_023628475.1_ASM2362847v1	Chaetomiaceae sp. PF1801	2	GCF_033297405.1_Thiap1	Parathielavia appendiculata	Parathielavia	Chaetomiaceae	Sordariales	Sordariomycetes		Ascomycota		81.4633	1.43165e-312	103/10000	True
GCA_023628475.1_ASM2362847v1	Chaetomiaceae sp. PF1801	3	GCA_056776735.1_ASM5677673v1	Humicola sp. MLY179	Humicola	Chaetomiaceae	Sordariales	Sordariomycetes		Ascomycota		81.0820	1.8419e-283	95/10000	True
GCA_023628475.1_ASM2362847v1	Chaetomiaceae sp. PF1801	4	GCA_019096155.1_ASM1909615v1	Staphylotrichum longicolle	Staphylotrichum	Chaetomiaceae	Sordariales	Sordariomycetes		Ascomycota		80.5012	2.70437e-246	84/10000	True
GCA_023628475.1_ASM2362847v1	Chaetomiaceae sp. PF1801	5	GCA_033296695.1_Stalo1	Staphylotrichum tortipilum	Staphylotrichum	Chaetomiaceae	Sordariales	Sordariomycetes		Ascomycota		80.0284	3.23972e-220	76/10000	True
GCA_023628475.1_ASM2362847v1	Chaetomiaceae sp. PF1801	6	GCA_023628425.1_ASM2362842v1	Chaetomiaceae sp. PYS4301M		Chaetomiaceae	Sordariales	Sordariomycetes		Ascomycota		79.9024	1.98317e-213	74/10000	True
GCA_023628475.1_ASM2362847v1	Chaetomiaceae sp. PF1801	7	GCF_033439085.1_Chafi1	Chaetomium fimeti	Chaetomium	Chaetomiaceae	Sordariales	Sordariomycetes		Ascomycota		79.7067	2.23683e-203	71/10000	True
GCA_023628475.1_ASM2362847v1	Chaetomiaceae sp. PF1801	8	GCA_041956415.1_Chaol1	Chaetomium olivicolor	Chaetomium	Chaetomiaceae	Sordariales	Sordariomycetes		Ascomycota		79.6396	8.35295e-201	70/10000	True
GCA_023628475.1_ASM2362847v1	Chaetomiaceae sp. PF1801	9	GCA_023383405.1_ASM2338340v1	Chaetomium cochliodes	Chaetomium	Chaetomiaceae	Sordariales	Sordariomycetes		Ascomycota		79.5716	6.77493e-197	69/10000	True
GCA_023628475.1_ASM2362847v1	Chaetomiaceae sp. PF1801	10	GCA_001752565.1_Ccoch_v1	Chaetomium cochliodes	Chaetomium	Chaetomiaceae	Sordariales	Sordariomycetes		Ascomycota		79.5026	1.55731e-194	68/10000	True
GCA_023628495.1_ASM2362849v1	Chaetomiaceae sp. PT3202	1	GCA_023628555.1_ASM2362855v1	Chaetomiaceae sp. R4402		Chaetomiaceae	Sordariales	Sordariomycetes		Ascomycota		99.7167	0	8908/10000	True
GCA_023628495.1_ASM2362849v1	Chaetomiaceae sp. PT3202	2	GCA_900343105.1_Thte_LPH172	Thermothielavioides terrestris	Thermothielavioides	Chaetomiaceae	Sordariales	Sordariomycetes		Ascomycota		80.5571	3.33726e-248	85/10000	True
GCA_023628495.1_ASM2362849v1	Chaetomiaceae sp. PT3202	3	GCF_000226115.1_ASM22611v1	Thermothielavioides terrestris	Thermothielavioides	Chaetomiaceae	Sordariales	Sordariomycetes		Ascomycota		80.2114	3.81407e-228	79/10000	True
GCA_023628495.1_ASM2362849v1	Chaetomiaceae sp. PT3202	4	GCA_054372435.1_ASM5437243v1	Arcopilus aureus	Arcopilus	Chaetomiaceae	Sordariales	Sordariomycetes		Ascomycota		79.5026	1.77549e-193	68/10000	True
GCA_023628495.1_ASM2362849v1	Chaetomiaceae sp. PT3202	5	GCA_055672465.1_ASM5567246v1	Arcopilus aureus	Arcopilus	Chaetomiaceae	Sordariales	Sordariomycetes		Ascomycota		79.3613	8.34269e-186	66/10000	True
GCA_023628495.1_ASM2362849v1	Chaetomiaceae sp. PT3202	6	GCA_023628475.1_ASM2362847v1	Chaetomiaceae sp. PF1801		Chaetomiaceae	Sordariales	Sordariomycetes		Ascomycota		79.1412	5.95686e-178	63/10000	True
GCA_023628495.1_ASM2362849v1	Chaetomiaceae sp. PT3202	7	GCA_056776735.1_ASM5677673v1	Humicola sp. MLY179	Humicola	Chaetomiaceae	Sordariales	Sordariomycetes		Ascomycota		78.8308	7.77914e-164	59/10000	True
GCA_023628495.1_ASM2362849v1	Chaetomiaceae sp. PT3202	8	GCA_019096155.1_ASM1909615v1	Staphylotrichum longicolle	Staphylotrichum	Chaetomiaceae	Sordariales	Sordariomycetes		Ascomycota		78.4115	5.51911e-148	54/10000	True
GCA_023628495.1_ASM2362849v1	Chaetomiaceae sp. PT3202	9	GCA_041956415.1_Chaol1	Chaetomium olivicolor	Chaetomium	Chaetomiaceae	Sordariales	Sordariomycetes		Ascomycota		78.4115	1.25683e-148	54/10000	True
GCA_023628495.1_ASM2362849v1	Chaetomiaceae sp. PT3202	10	GCA_033575675.1_Thihy1	Parathielavia hyrcaniae	Parathielavia	Chaetomiaceae	Sordariales	Sordariomycetes		Ascomycota		77.7536	1.44008e-127	47/10000	True
GCA_023628425.1_ASM2362842v1	Chaetomiaceae sp. PYS4301M	1	GCA_056776735.1_ASM5677673v1	Humicola sp. MLY179	Humicola	Chaetomiaceae	Sordariales	Sordariomycetes		Ascomycota		82.7365	0	135/10000	True
GCA_023628425.1_ASM2362842v1	Chaetomiaceae sp. PYS4301M	2	GCA_019096155.1_ASM1909615v1	Staphylotrichum longicolle	Staphylotrichum	Chaetomiaceae	Sordariales	Sordariomycetes		Ascomycota		82.4863	0	128/10000	True
GCA_023628425.1_ASM2362842v1	Chaetomiaceae sp. PYS4301M	3	GCA_023628475.1_ASM2362847v1	Chaetomiaceae sp. PF1801		Chaetomiaceae	Sordariales	Sordariomycetes		Ascomycota		79.9024	1.98317e-213	74/10000	True
GCA_023628425.1_ASM2362842v1	Chaetomiaceae sp. PYS4301M	4	GCA_033296695.1_Stalo1	Staphylotrichum tortipilum	Staphylotrichum	Chaetomiaceae	Sordariales	Sordariomycetes		Ascomycota		79.8381	4.88833e-209	73/10000	True
GCA_023628425.1_ASM2362842v1	Chaetomiaceae sp. PYS4301M	5	GCA_033575675.1_Thihy1	Parathielavia hyrcaniae	Parathielavia	Chaetomiaceae	Sordariales	Sordariomycetes		Ascomycota		78.9886	1.38037e-171	61/10000	True
GCA_023628425.1_ASM2362842v1	Chaetomiaceae sp. PYS4301M	6	GCA_056320445.1_ASM5632044v1	Chaetomium globosum	Chaetomium	Chaetomiaceae	Sordariales	Sordariomycetes		Ascomycota		78.6675	2.4885e-157	57/10000	True
GCA_023628425.1_ASM2362842v1	Chaetomiaceae sp. PYS4301M	7	GCF_020726465.1_Chagl1	Chaetomium tenue	Chaetomium	Chaetomiaceae	Sordariales	Sordariomycetes		Ascomycota		78.5837	2.01492e-154	56/10000	True
GCA_023628425.1_ASM2362842v1	Chaetomiaceae sp. PYS4301M	8	GCA_001752565.1_Ccoch_v1	Chaetomium cochliodes	Chaetomium	Chaetomiaceae	Sordariales	Sordariomycetes		Ascomycota		78.4984	1.15258e-151	55/10000	True
GCA_023628425.1_ASM2362842v1	Chaetomiaceae sp. PYS4301M	9	GCA_023628595.1_ASM2362859v1	Chaetomium globosum	Chaetomium	Chaetomiaceae	Sordariales	Sordariomycetes		Ascomycota		78.4984	7.74996e-152	55/10000	True
GCA_023628425.1_ASM2362842v1	Chaetomiaceae sp. PYS4301M	10	GCA_023628615.1_ASM2362861v1	Chaetomium globosum	Chaetomium	Chaetomiaceae	Sordariales	Sordariomycetes		Ascomycota		78.4984	7.67936e-152	55/10000	True
GCA_023628555.1_ASM2362855v1	Chaetomiaceae sp. R4402	1	GCA_023628495.1_ASM2362849v1	Chaetomiaceae sp. PT3202		Chaetomiaceae	Sordariales	Sordariomycetes		Ascomycota		99.7167	0	8908/10000	True
GCA_023628555.1_ASM2362855v1	Chaetomiaceae sp. R4402	2	GCA_900343105.1_Thte_LPH172	Thermothielavioides terrestris	Thermothielavioides	Chaetomiaceae	Sordariales	Sordariomycetes		Ascomycota		80.5571	4.85254e-248	85/10000	True
GCA_023628555.1_ASM2362855v1	Chaetomiaceae sp. R4402	3	GCF_000226115.1_ASM22611v1	Thermothielavioides terrestris	Thermothielavioides	Chaetomiaceae	Sordariales	Sordariomycetes		Ascomycota		80.2114	5.40934e-228	79/10000	True
GCA_023628555.1_ASM2362855v1	Chaetomiaceae sp. R4402	4	GCA_055672465.1_ASM5567246v1	Arcopilus aureus	Arcopilus	Chaetomiaceae	Sordariales	Sordariomycetes		Ascomycota		79.5716	2.26432e-195	69/10000	True
GCA_023628555.1_ASM2362855v1	Chaetomiaceae sp. R4402	5	GCA_054372435.1_ASM5437243v1	Arcopilus aureus	Arcopilus	Chaetomiaceae	Sordariales	Sordariomycetes		Ascomycota		79.4325	4.20007e-190	67/10000	True
GCA_023628555.1_ASM2362855v1	Chaetomiaceae sp. R4402	6	GCA_023628475.1_ASM2362847v1	Chaetomiaceae sp. PF1801		Chaetomiaceae	Sordariales	Sordariomycetes		Ascomycota		79.1412	7.72832e-178	63/10000	True
GCA_023628555.1_ASM2362855v1	Chaetomiaceae sp. R4402	7	GCA_056776735.1_ASM5677673v1	Humicola sp. MLY179	Humicola	Chaetomiaceae	Sordariales	Sordariomycetes		Ascomycota		78.6675	2.22322e-157	57/10000	True
GCA_023628555.1_ASM2362855v1	Chaetomiaceae sp. R4402	8	GCA_019096155.1_ASM1909615v1	Staphylotrichum longicolle	Staphylotrichum	Chaetomiaceae	Sordariales	Sordariomycetes		Ascomycota		78.4984	4.99977e-151	55/10000	True
GCA_023628555.1_ASM2362855v1	Chaetomiaceae sp. R4402	9	GCA_041956415.1_Chaol1	Chaetomium olivicolor	Chaetomium	Chaetomiaceae	Sordariales	Sordariomycetes		Ascomycota		78.3229	2.22432e-145	53/10000	True
GCA_023628555.1_ASM2362855v1	Chaetomiaceae sp. R4402	10	GCA_033575675.1_Thihy1	Parathielavia hyrcaniae	Parathielavia	Chaetomiaceae	Sordariales	Sordariomycetes		Ascomycota		77.8534	1.33789e-130	48/10000	True
GCA_964255365.1_public_SRR14722083_concoct_bin.1	Chaetothyriales sp.	1	GCA_016109495.1_ASM1610949v1	Phialophora tarda	Phialophora	Herpotrichiellaceae	Chaetothyriales	Eurotiomycetes		Ascomycota		73.6978	7.72184e-49	20/10000	True
GCA_964255365.1_public_SRR14722083_concoct_bin.1	Chaetothyriales sp.	2	GCA_002099365.1_ASM209936v1	Phialophora verrucosa	Phialophora	Herpotrichiellaceae	Chaetothyriales	Eurotiomycetes		Ascomycota		73.4540	5.0344e-46	19/10000	True
GCA_964255365.1_public_SRR14722083_concoct_bin.1	Chaetothyriales sp.	3	GCA_016110015.1_ASM1611001v1	Phialophora chinensis	Phialophora	Herpotrichiellaceae	Chaetothyriales	Eurotiomycetes		Ascomycota		73.4540	4.89579e-46	19/10000	True
GCA_964255365.1_public_SRR14722083_concoct_bin.1	Chaetothyriales sp.	4	GCA_025434005.1_ASM2543400v1	Phialophora verrucosa	Phialophora	Herpotrichiellaceae	Chaetothyriales	Eurotiomycetes		Ascomycota		73.4540	4.50737e-46	19/10000	True
GCA_964255365.1_public_SRR14722083_concoct_bin.1	Chaetothyriales sp.	5	GCA_016109465.1_ASM1610946v1	Phialophora verrucosa	Phialophora	Herpotrichiellaceae	Chaetothyriales	Eurotiomycetes		Ascomycota		73.1970	3.10423e-43	18/10000	True
GCA_964255365.1_public_SRR14722083_concoct_bin.1	Chaetothyriales sp.	6	GCA_016109485.1_ASM1610948v1	Phialophora verrucosa	Phialophora	Herpotrichiellaceae	Chaetothyriales	Eurotiomycetes		Ascomycota		73.1970	2.80152e-43	18/10000	True
GCA_964255365.1_public_SRR14722083_concoct_bin.1	Chaetothyriales sp.	7	GCA_016109935.1_ASM1610993v1	Phialophora verrucosa	Phialophora	Herpotrichiellaceae	Chaetothyriales	Eurotiomycetes		Ascomycota		73.1970	2.79539e-43	18/10000	True
GCA_964255365.1_public_SRR14722083_concoct_bin.1	Chaetothyriales sp.	8	GCA_016109475.1_ASM1610947v1	Phialophora verrucosa	Phialophora	Herpotrichiellaceae	Chaetothyriales	Eurotiomycetes		Ascomycota		72.9253	1.83266e-40	17/10000	True
GCA_964255365.1_public_SRR14722083_concoct_bin.1	Chaetothyriales sp.	9	GCA_016110135.1_ASM1611013v1	Capronia americana	Capronia	Herpotrichiellaceae	Chaetothyriales	Eurotiomycetes		Ascomycota		72.9253	1.50749e-40	17/10000	True
GCA_964255365.1_public_SRR14722083_concoct_bin.1	Chaetothyriales sp.	10	GCA_016110225.1_ASM1611022v1	Capronia americana	Capronia	Herpotrichiellaceae	Chaetothyriales	Eurotiomycetes		Ascomycota		72.9253	1.70578e-40	17/10000	True
GCA_049996355.1_ASM4999635v1	Chaetothyriales sp. BF4	1	GCA_003709845.1_ASM370984v1	Chaetothyriales sp. CBS 134916			Chaetothyriales	Eurotiomycetes		Ascomycota		69.3402	3.14142e-17	8/10000	True
GCA_049996355.1_ASM4999635v1	Chaetothyriales sp. BF4	2	GCA_003693665.1_ASM369366v1	Chaetothyriales sp. CBS 134920			Chaetothyriales	Eurotiomycetes		Ascomycota		68.7048	2.97913e-15	7/10000	True
GCA_049996355.1_ASM4999635v1	Chaetothyriales sp. BF4	3	GCA_003709825.1_ASM370982v1	Chaetothyriales sp. CBS 135597			Chaetothyriales	Eurotiomycetes		Ascomycota		68.7048	3.03154e-15	7/10000	True
GCA_049996355.1_ASM4999635v1	Chaetothyriales sp. BF4	4	GCA_003709865.1_ASM370986v1	Chaetothyriales sp. CBS 132003			Chaetothyriales	Eurotiomycetes		Ascomycota		68.7048	4.5868e-15	7/10000	True
GCA_049996355.1_ASM4999635v1	Chaetothyriales sp. BF4	5	GCA_001599535.1_JCM_15939_assembly_v001	Exophiala spinifera	Exophiala	Herpotrichiellaceae	Chaetothyriales	Eurotiomycetes		Ascomycota		67.9713	3.33339e-12	6/10000	True
GCA_049996355.1_ASM4999635v1	Chaetothyriales sp. BF4	6	GCF_000365145.1_Phia_euro_CBS_101466_V1	Cyphellophora europaea	Cyphellophora	Cyphellophoraceae	Chaetothyriales	Eurotiomycetes		Ascomycota		67.9713	2.2581e-12	6/10000	True
GCA_049996355.1_ASM4999635v1	Chaetothyriales sp. BF4	7	GCA_001599875.1_JCM_23047_assembly_v001	Aspergillus chevalieri	Aspergillus	Aspergillaceae	Eurotiales	Eurotiomycetes		Ascomycota		67.1035	3.65913e-10	5/10000	True
GCA_049996355.1_ASM4999635v1	Chaetothyriales sp. BF4	8	GCA_018990085.1_ASM1899008v1	Phyllosticta citricarpa	Phyllosticta	Phyllostictaceae	Botryosphaeriales	Dothideomycetes		Ascomycota		67.1035	4.49804e-10	5/10000	True
GCA_049996355.1_ASM4999635v1	Chaetothyriales sp. BF4	9	GCA_023159215.1_XyAK1471_1	Xylariaceae sp. AK1471		Xylariaceae	Xylariales	Sordariomycetes		Ascomycota		67.1035	1.53089e-09	5/10000	True
GCA_049996355.1_ASM4999635v1	Chaetothyriales sp. BF4	10	GCA_023619785.1_ASM2361978v1	Aspergillus chevalieri	Aspergillus	Aspergillaceae	Eurotiales	Eurotiomycetes		Ascomycota		67.1035	3.06312e-10	5/10000	True
GCA_003709865.1_ASM370986v1	Chaetothyriales sp. CBS 132003	1	GCA_003709845.1_ASM370984v1	Chaetothyriales sp. CBS 134916			Chaetothyriales	Eurotiomycetes		Ascomycota		86.5536	0	306/10000	True
GCA_003709865.1_ASM370986v1	Chaetothyriales sp. CBS 132003	2	GCA_003693665.1_ASM369366v1	Chaetothyriales sp. CBS 134920			Chaetothyriales	Eurotiomycetes		Ascomycota		80.9307	6.54262e-291	92/10000	True
GCA_003709865.1_ASM370986v1	Chaetothyriales sp. CBS 132003	3	GCA_003709825.1_ASM370982v1	Chaetothyriales sp. CBS 135597			Chaetothyriales	Eurotiomycetes		Ascomycota		80.1512	3.07142e-241	78/10000	True
GCA_003709865.1_ASM370986v1	Chaetothyriales sp. CBS 132003	4	GCA_001676865.1_ASM167686v1	Ceratocystiopsis minuta	Ceratocystiopsis	Ophiostomataceae	Ophiostomatales	Sordariomycetes		Ascomycota		72.3303	6.63246e-37	15/10000	True
GCA_003709865.1_ASM370986v1	Chaetothyriales sp. CBS 132003	5	GCA_015502565.1_UCR_MambBC1291	Actinomortierella ambigua	Actinomortierella	Mortierellaceae	Mortierellales	Mortierellomycetes		Mortierellomycota		72.0022	1.35516e-32	14/10000	True
GCA_003709865.1_ASM370986v1	Chaetothyriales sp. CBS 132003	6	GCA_029298855.1_OphPop_1.0	Ophiostoma populinum	Ophiostoma	Ophiostomataceae	Ophiostomatales	Sordariomycetes		Ascomycota		72.0022	2.63281e-33	14/10000	True
GCA_003709865.1_ASM370986v1	Chaetothyriales sp. CBS 132003	7	GCA_016098155.1_UCR_MambBC1055_1.0	Actinomortierella ambigua	Actinomortierella	Mortierellaceae	Mortierellales	Mortierellomycetes		Mortierellomycota		71.6498	6.15227e-30	13/10000	True
GCA_003709865.1_ASM370986v1	Chaetothyriales sp. CBS 132003	8	GCA_002778055.1_ASM277805v1	Dryadomyces sulphureus	Dryadomyces	Ophiostomataceae	Ophiostomatales	Sordariomycetes		Ascomycota		71.2691	2.5572e-28	12/10000	True
GCA_003709865.1_ASM370986v1	Chaetothyriales sp. CBS 132003	9	GCA_019925495.1_ASM1992549v1	Ophiostoma fasciatum	Ophiostoma	Ophiostomataceae	Ophiostomatales	Sordariomycetes		Ascomycota		71.2691	1.786e-28	12/10000	True
GCA_003709865.1_ASM370986v1	Chaetothyriales sp. CBS 132003	10	GCA_019925685.1_ASM1992568v1	Ceratocystiopsis sp. VPRI43766	Ceratocystiopsis	Ophiostomataceae	Ophiostomatales	Sordariomycetes		Ascomycota		71.2691	9.77012e-29	12/10000	True
GCA_003709845.1_ASM370984v1	Chaetothyriales sp. CBS 134916	1	GCA_003709865.1_ASM370986v1	Chaetothyriales sp. CBS 132003			Chaetothyriales	Eurotiomycetes		Ascomycota		86.5536	0	306/10000	True
GCA_003709845.1_ASM370984v1	Chaetothyriales sp. CBS 134916	2	GCA_003693665.1_ASM369366v1	Chaetothyriales sp. CBS 134920			Chaetothyriales	Eurotiomycetes		Ascomycota		81.6866	0	108/10000	True
GCA_003709845.1_ASM370984v1	Chaetothyriales sp. CBS 134916	3	GCA_003709825.1_ASM370982v1	Chaetothyriales sp. CBS 135597			Chaetothyriales	Eurotiomycetes		Ascomycota		80.3874	3.63763e-253	82/10000	True
GCA_003709845.1_ASM370984v1	Chaetothyriales sp. CBS 134916	4	GCA_001513885.1_ASM151388v1	Thielaviopsis musarum	Thielaviopsis	Ceratocystidaceae	Microascales	Sordariomycetes		Ascomycota		70.8553	5.96197e-25	11/10000	True
GCA_003709845.1_ASM370984v1	Chaetothyriales sp. CBS 134916	5	GCA_002939685.2_ASM293968v2	Ustilaginoidea virens	Ustilaginoidea	Clavicipitaceae	Hypocreales	Sordariomycetes		Ascomycota		70.8553	2.32183e-25	11/10000	True
GCA_003709845.1_ASM370984v1	Chaetothyriales sp. CBS 134916	6	GCA_003055185.1_ASM305518v1	Escovopsis sp. TC	Escovopsis	Hypocreaceae	Hypocreales	Sordariomycetes		Ascomycota		70.8553	2.56029e-24	11/10000	True
GCA_003709845.1_ASM370984v1	Chaetothyriales sp. CBS 134916	7	GCA_016098155.1_UCR_MambBC1055_1.0	Actinomortierella ambigua	Actinomortierella	Mortierellaceae	Mortierellales	Mortierellomycetes		Mortierellomycota		70.8553	2.20544e-24	11/10000	True
GCA_003709845.1_ASM370984v1	Chaetothyriales sp. CBS 134916	8	GCA_019925685.1_ASM1992568v1	Ceratocystiopsis sp. VPRI43766	Ceratocystiopsis	Ophiostomataceae	Ophiostomatales	Sordariomycetes		Ascomycota		70.8553	9.19199e-26	11/10000	True
GCA_003709845.1_ASM370984v1	Chaetothyriales sp. CBS 134916	9	GCA_030068005.1_CMRP1227_Cexuberans	Cladophialophora exuberans	Cladophialophora	Herpotrichiellaceae	Chaetothyriales	Eurotiomycetes		Ascomycota		70.8553	2.25023e-24	11/10000	True
GCA_003709845.1_ASM370984v1	Chaetothyriales sp. CBS 134916	10	GCA_002742205.1_ASM274220v1	Ceratocystis albifundus	Ceratocystis	Ceratocystidaceae	Microascales	Sordariomycetes		Ascomycota		70.4019	1.2428e-22	10/10000	True
GCA_003693665.1_ASM369366v1	Chaetothyriales sp. CBS 134920	1	GCA_003709825.1_ASM370982v1	Chaetothyriales sp. CBS 135597			Chaetothyriales	Eurotiomycetes		Ascomycota		86.7745	0	321/10000	True
GCA_003693665.1_ASM369366v1	Chaetothyriales sp. CBS 134920	2	GCA_003709845.1_ASM370984v1	Chaetothyriales sp. CBS 134916			Chaetothyriales	Eurotiomycetes		Ascomycota		81.6866	0	108/10000	True
GCA_003693665.1_ASM369366v1	Chaetothyriales sp. CBS 134920	3	GCA_003709865.1_ASM370986v1	Chaetothyriales sp. CBS 132003			Chaetothyriales	Eurotiomycetes		Ascomycota		80.9307	6.54262e-291	92/10000	True
GCA_003693665.1_ASM369366v1	Chaetothyriales sp. CBS 134920	4	GCA_001455505.1_ASM145550v1	Leptographium lundbergii	Leptographium	Ophiostomataceae	Ophiostomatales	Sordariomycetes		Ascomycota		72.0022	8.62826e-34	14/10000	True
GCA_003693665.1_ASM369366v1	Chaetothyriales sp. CBS 134920	5	GCA_019925645.1_ASM1992564v1	Graphilbum cf. rectangulosporium	Graphilbum	Ophiostomataceae	Ophiostomatales	Sordariomycetes		Ascomycota		72.0022	4.22702e-34	14/10000	True
GCA_003693665.1_ASM369366v1	Chaetothyriales sp. CBS 134920	6	GCA_029299595.1_LepSer_1.0	Grosmannia serpens	Grosmannia	Ophiostomataceae	Ophiostomatales	Sordariomycetes		Ascomycota		72.0022	1.24901e-33	14/10000	True
GCA_003693665.1_ASM369366v1	Chaetothyriales sp. CBS 134920	7	GCA_000806385.1_ASM80638v1	Leptographium procerum	Leptographium	Ophiostomataceae	Ophiostomatales	Sordariomycetes		Ascomycota		71.6498	6.19649e-31	13/10000	True
GCA_003693665.1_ASM369366v1	Chaetothyriales sp. CBS 134920	8	GCA_002778105.1_ASM277810v1	Ceratocystiopsis brevicomis	Ceratocystiopsis	Ophiostomataceae	Ophiostomatales	Sordariomycetes		Ascomycota		71.6498	1.01531e-31	13/10000	True
GCA_003693665.1_ASM369366v1	Chaetothyriales sp. CBS 134920	9	GCA_002917055.1_OIPS	Ophiostoma ips	Ophiostoma	Ophiostomataceae	Ophiostomatales	Sordariomycetes		Ascomycota		71.6498	4.15072e-31	13/10000	True
GCA_003693665.1_ASM369366v1	Chaetothyriales sp. CBS 134920	10	GCA_019925475.1_ASM1992547v1	Ophiostoma ips	Ophiostoma	Ophiostomataceae	Ophiostomatales	Sordariomycetes		Ascomycota		71.6498	4.16326e-31	13/10000	True
GCA_003709825.1_ASM370982v1	Chaetothyriales sp. CBS 135597	1	GCA_003693665.1_ASM369366v1	Chaetothyriales sp. CBS 134920			Chaetothyriales	Eurotiomycetes		Ascomycota		86.7745	0	321/10000	True
GCA_003709825.1_ASM370982v1	Chaetothyriales sp. CBS 135597	2	GCA_003709845.1_ASM370984v1	Chaetothyriales sp. CBS 134916			Chaetothyriales	Eurotiomycetes		Ascomycota		80.3874	3.63763e-253	82/10000	True
GCA_003709825.1_ASM370982v1	Chaetothyriales sp. CBS 135597	3	GCA_003709865.1_ASM370986v1	Chaetothyriales sp. CBS 132003			Chaetothyriales	Eurotiomycetes		Ascomycota		80.1512	3.07142e-241	78/10000	True
GCA_003709825.1_ASM370982v1	Chaetothyriales sp. CBS 135597	4	GCF_902498895.1_sapIngB	Magnusiomyces paraingens	Magnusiomyces	Dipodascaceae	Dipodascales	Dipodascomycetes		Ascomycota		72.9253	6.95639e-43	17/10000	True
GCA_003709825.1_ASM370982v1	Chaetothyriales sp. CBS 135597	5	GCA_019925385.1_ASM1992538v1	Raffaelea deltoideospora	Raffaelea	Ophiostomataceae	Ophiostomatales	Sordariomycetes		Ascomycota		72.3303	4.22924e-36	15/10000	True
GCA_003709825.1_ASM370982v1	Chaetothyriales sp. CBS 135597	6	GCA_003055185.1_ASM305518v1	Escovopsis sp. TC	Escovopsis	Hypocreaceae	Hypocreales	Sordariomycetes		Ascomycota		72.0022	6.9227e-33	14/10000	True
GCA_003709825.1_ASM370982v1	Chaetothyriales sp. CBS 135597	7	GCA_019925645.1_ASM1992564v1	Graphilbum cf. rectangulosporium	Graphilbum	Ophiostomataceae	Ophiostomatales	Sordariomycetes		Ascomycota		72.0022	4.35861e-34	14/10000	True
GCA_003709825.1_ASM370982v1	Chaetothyriales sp. CBS 135597	8	GCA_900108815.1_ASM90010881v1	Geosmithia morbida	Geosmithia	Bionectriaceae	Hypocreales	Sordariomycetes		Ascomycota		72.0022	9.11228e-34	14/10000	True
GCA_003709825.1_ASM370982v1	Chaetothyriales sp. CBS 135597	9	GCF_000226095.1_ASM22609v1	Thermothelomyces thermophilus	Thermothelomyces	Chaetomiaceae	Sordariales	Sordariomycetes		Ascomycota		72.0022	7.30532e-33	14/10000	True
GCA_003709825.1_ASM370982v1	Chaetothyriales sp. CBS 135597	10	GCF_012550715.1_ASM1255071v1	Geosmithia morbida	Geosmithia	Bionectriaceae	Hypocreales	Sordariomycetes		Ascomycota		72.0022	9.11228e-34	14/10000	True
GCA_027604305.1_ASM2760430v1	Chytridiales sp. JEL 0842	1	GCA_001599055.1_JCM_6961_assembly_v001	Thielaviopsis ethacetica	Thielaviopsis	Ceratocystidaceae	Microascales	Sordariomycetes		Ascomycota		70.4019	2.34388e-22	10/10000	True
GCA_027604305.1_ASM2760430v1	Chytridiales sp. JEL 0842	2	GCA_037042335.1_ASM3704233v1	Lodderomyces elongisporus	Lodderomyces	Debaryomycetaceae	Serinales	Pichiomycetes		Ascomycota		70.4019	3.61145e-24	10/10000	True
GCA_027604305.1_ASM2760430v1	Chytridiales sp. JEL 0842	3	GCA_000149775.1_ASM14977v1	Ascosphaera apis	Ascosphaera	Ascosphaeraceae	Onygenales	Eurotiomycetes		Ascomycota		69.9006	1.39426e-20	9/10000	True
GCA_027604305.1_ASM2760430v1	Chytridiales sp. JEL 0842	4	GCA_001636715.1_AAP_1.0	Ascosphaera apis	Ascosphaera	Ascosphaeraceae	Onygenales	Eurotiomycetes		Ascomycota		69.9006	1.35473e-20	9/10000	True
GCA_027604305.1_ASM2760430v1	Chytridiales sp. JEL 0842	5	GCA_003709825.1_ASM370982v1	Chaetothyriales sp. CBS 135597			Chaetothyriales	Eurotiomycetes		Ascomycota		69.9006	1.50338e-20	9/10000	True
GCA_027604305.1_ASM2760430v1	Chytridiales sp. JEL 0842	6	GCA_015502565.1_UCR_MambBC1291	Actinomortierella ambigua	Actinomortierella	Mortierellaceae	Mortierellales	Mortierellomycetes		Mortierellomycota		69.9006	1.79911e-19	9/10000	True
GCA_027604305.1_ASM2760430v1	Chytridiales sp. JEL 0842	7	GCA_016097935.1_UCR_MglobuREB-010B_1.0	Dissophora globulifera	Dissophora	Mortierellaceae	Mortierellales	Mortierellomycetes		Mortierellomycota		69.9006	2.09849e-19	9/10000	True
GCA_027604305.1_ASM2760430v1	Chytridiales sp. JEL 0842	8	GCA_025526915.1_Enthel1	Entophlyctis helioformis	Entophlyctis	Chytriomycetaceae	Chytridiales	Chytridiomycetes		Chytridiomycota		69.9006	9.00812e-20	9/10000	True
GCA_027604305.1_ASM2760430v1	Chytridiales sp. JEL 0842	9	GCA_030564145.1_ASM3056414v1	Williopsis takata	Williopsis	Wickerhamomycetaceae	Phaffomycetales	Saccharomycetes		Ascomycota		69.9006	4.75924e-22	9/10000	True
GCA_027604305.1_ASM2760430v1	Chytridiales sp. JEL 0842	10	GCA_030567815.1_ASM3056781v1	Ogataea piceae	Ogataea	Pichiaceae	Pichiales	Pichiomycetes		Ascomycota		69.9006	1.38565e-21	9/10000	True
GCA_023347005.1_ASM2334700v1	Chytridiomycetes sp.	1	GCA_023212605.1_ASM2321260v1	Moesziomyces parantarcticus	Moesziomyces	Ustilaginaceae	Ustilaginales	Ustilaginomycetes		Basidiomycota		66.0414	1.43544e-09	4/10000	True
GCA_023347005.1_ASM2334700v1	Chytridiomycetes sp.	2	GCA_000149445.2_ASM14944v2	Candida albicans	Candida	Debaryomycetaceae	Serinales	Pichiomycetes		Ascomycota		64.6720	3.32879e-07	3/10000	True
GCA_023347005.1_ASM2334700v1	Chytridiomycetes sp.	3	GCA_000447555.1_Cand_albi_CHN1_V1	Candida albicans	Candida	Debaryomycetaceae	Serinales	Pichiomycetes		Ascomycota		64.6720	3.39257e-07	3/10000	True
GCA_023347005.1_ASM2334700v1	Chytridiomycetes sp.	4	GCA_000691765.2_Cand_albi_Ca529L_V1	Candida albicans	Candida	Debaryomycetaceae	Serinales	Pichiomycetes		Ascomycota		64.6720	3.36742e-07	3/10000	True
GCA_023347005.1_ASM2334700v1	Chytridiomycetes sp.	5	GCA_000773845.1_Cand_albi_12C_V2	Candida albicans	Candida	Debaryomycetaceae	Serinales	Pichiomycetes		Ascomycota		64.6720	3.43677e-07	3/10000	True
GCA_023347005.1_ASM2334700v1	Chytridiomycetes sp.	6	GCA_001600355.1_JCM_18503_assembly_v001	Meira nashicola	Meira	Brachybasidiaceae	Exobasidiales	Exobasidiomycetes		Basidiomycota		64.6720	4.20257e-07	3/10000	True
GCA_023347005.1_ASM2334700v1	Chytridiomycetes sp.	7	GCA_001953115.1_ASM195311v1	Smittium mucronatum	Smittium	Legeriomycetaceae	Harpellales	Harpellomycetes		Kickxellomycota		64.6720	1.09638e-06	3/10000	True
GCA_023347005.1_ASM2334700v1	Chytridiomycetes sp.	8	GCA_002104975.1_Neocallimastix_sp._G1_v1.0	Neocallimastix californiae	Neocallimastix	Neocallimastigaceae	Neocallimastigales	Neocallimastigomycetes		Neocallimastigomycota		64.6720	1.23494e-06	3/10000	True
GCA_023347005.1_ASM2334700v1	Chytridiomycetes sp.	9	GCA_002276455.1_ASM227645v1	Candida albicans	Candida	Debaryomycetaceae	Serinales	Pichiomycetes		Ascomycota		64.6720	3.71084e-07	3/10000	True
GCA_023347005.1_ASM2334700v1	Chytridiomycetes sp.	10	GCA_002835845.1_ASM283584v1	Candida albicans	Candida	Debaryomycetaceae	Serinales	Pichiomycetes		Ascomycota		64.6720	6.24064e-07	3/10000	True
GCA_023347045.1_ASM2334704v1	Chytridiomycetes sp.	1	GCA_018344405.1_ASM1834440v1	Hansenula ciferrii	Hansenula	Wickerhamomycetaceae	Phaffomycetales	Saccharomycetes		Ascomycota		62.7417	1.2362e-06	2/10000	True
GCA_023347045.1_ASM2334704v1	Chytridiomycetes sp.	2	GCA_958301855.1_ccandi-n8_assembly	Entrophospora candida	Entrophospora	Entrophosporaceae	Entrophosporales	Glomeromycetes		Glomeromycota		62.7417	1.23488e-06	2/10000	True
GCA_023347045.1_ASM2334704v1	Chytridiomycetes sp.	3	GCF_000313485.1_ASM31348v1	Hansenula ciferrii	Hansenula	Wickerhamomycetaceae	Phaffomycetales	Saccharomycetes		Ascomycota		62.7417	1.1855e-06	2/10000	True
GCA_023347045.1_ASM2334704v1	Chytridiomycetes sp.	4	GCA_000147375.2_WaNRRLY366_v02	Hansenula anomala	Hansenula	Wickerhamomycetaceae	Phaffomycetales	Saccharomycetes		Ascomycota		59.4415	0.00156502	1/10000	True
GCA_023347045.1_ASM2334704v1	Chytridiomycetes sp.	5	GCA_000151005.2_ASM15100v2	Histoplasma capsulatum	Histoplasma	Ajellomycetaceae	Onygenales	Eurotiomycetes		Ascomycota		59.4415	0.00157882	1/10000	True
GCA_023347045.1_ASM2334704v1	Chytridiomycetes sp.	6	GCA_000151035.1_ASM15103v1	Histoplasma capsulatum	Histoplasma	Ajellomycetaceae	Onygenales	Eurotiomycetes		Ascomycota		59.4415	0.00157957	1/10000	True
GCA_023347045.1_ASM2334704v1	Chytridiomycetes sp.	7	GCA_000170615.1_ASM17061v1	Histoplasma ohiense	Histoplasma	Ajellomycetaceae	Onygenales	Eurotiomycetes		Ascomycota		59.4415	0.0015811	1/10000	True
GCA_023347045.1_ASM2334704v1	Chytridiomycetes sp.	8	GCA_000261445.1_ASM26144v1	Daldinia eschscholtzii	Daldinia	Hypoxylaceae	Xylariales	Sordariomycetes		Ascomycota		59.4415	0.00157262	1/10000	True
GCA_023347045.1_ASM2334704v1	Chytridiomycetes sp.	9	GCA_000304155.1_ASM30415v1	Lodderomyces orthopsilosis	Lodderomyces	Debaryomycetaceae	Serinales	Pichiomycetes		Ascomycota		59.4415	0.00151776	1/10000	True
GCA_023347045.1_ASM2334704v1	Chytridiomycetes sp.	10	GCA_000382785.1_Contig	Phyllosticta citricarpa	Phyllosticta	Phyllostictaceae	Botryosphaeriales	Dothideomycetes		Ascomycota		59.4415	0.00157022	1/10000	True
GCA_024708745.1_USC_Clado_1.0	Cladosporiales sp.	1	GCA_059336645.1_ASM5933664v1	Alternaria alternata	Alternaria	Pleosporaceae	Pleosporales	Dothideomycetes		Ascomycota		91.0103	0	819/10000	True
GCA_024708745.1_USC_Clado_1.0	Cladosporiales sp.	2	GCA_020284155.1_ASM2028415v1	Alternaria cf. alternata	Alternaria	Pleosporaceae	Pleosporales	Dothideomycetes		Ascomycota		90.9942	0	816/10000	True
GCA_024708745.1_USC_Clado_1.0	Cladosporiales sp.	3	GCA_059336575.1_ASM5933657v1	Alternaria alternata	Alternaria	Pleosporaceae	Pleosporales	Dothideomycetes		Ascomycota		90.9780	0	813/10000	True
GCA_024708745.1_USC_Clado_1.0	Cladosporiales sp.	4	GCA_057128055.1_ASM5712805v1	Alternaria alternata	Alternaria	Pleosporaceae	Pleosporales	Dothideomycetes		Ascomycota		90.9671	0	811/10000	True
GCA_024708745.1_USC_Clado_1.0	Cladosporiales sp.	5	GCA_022814545.1_ASM2281454v1	Alternaria angustiovoidea	Alternaria	Pleosporaceae	Pleosporales	Dothideomycetes		Ascomycota		90.9563	0	809/10000	True
GCA_024708745.1_USC_Clado_1.0	Cladosporiales sp.	6	GCA_004154765.1_ASM415476v1	Alternaria tenuissima	Alternaria	Pleosporaceae	Pleosporales	Dothideomycetes		Ascomycota		90.9508	0	808/10000	True
GCA_024708745.1_USC_Clado_1.0	Cladosporiales sp.	7	GCA_022344905.1_ASM2234490v1	Alternaria alternata	Alternaria	Pleosporaceae	Pleosporales	Dothideomycetes		Ascomycota		90.9508	0	808/10000	True
GCA_024708745.1_USC_Clado_1.0	Cladosporiales sp.	8	GCA_022345185.1_ASM2234518v1	Alternaria alternata	Alternaria	Pleosporaceae	Pleosporales	Dothideomycetes		Ascomycota		90.9508	0	808/10000	True
GCA_024708745.1_USC_Clado_1.0	Cladosporiales sp.	9	GCA_022344625.1_ASM2234462v1	Alternaria alternata	Alternaria	Pleosporaceae	Pleosporales	Dothideomycetes		Ascomycota		90.9453	0	807/10000	True
GCA_024708745.1_USC_Clado_1.0	Cladosporiales sp.	10	GCA_046563045.1_ASM4656304v1	Alternaria alternata	Alternaria	Pleosporaceae	Pleosporales	Dothideomycetes		Ascomycota		90.9344	0	805/10000	True
GCA_904855205.1_Cyphbasidiales_sp_Tagirdzhanova-0007_MAG	Cyphobasidiales sp. Tagirdzhanova-0007	1	GCA_037951295.1_ASM3795129v1	Ogataea sonorensis	Ogataea	Pichiaceae	Pichiales	Pichiomycetes		Ascomycota		67.9713	3.49417e-14	6/10000	True
GCA_904855205.1_Cyphbasidiales_sp_Tagirdzhanova-0007_MAG	Cyphobasidiales sp. Tagirdzhanova-0007	2	GCA_037951305.1_ASM3795130v1	Ogataea sonorensis	Ogataea	Pichiaceae	Pichiales	Pichiomycetes		Ascomycota		67.9713	3.49293e-14	6/10000	True
GCA_904855205.1_Cyphbasidiales_sp_Tagirdzhanova-0007_MAG	Cyphobasidiales sp. Tagirdzhanova-0007	3	GCA_037951315.1_ASM3795131v1	Ogataea sonorensis	Ogataea	Pichiaceae	Pichiales	Pichiomycetes		Ascomycota		67.9713	3.49069e-14	6/10000	True
GCA_904855205.1_Cyphbasidiales_sp_Tagirdzhanova-0007_MAG	Cyphobasidiales sp. Tagirdzhanova-0007	4	GCA_037951595.1_ASM3795159v1	Ogataea sonorensis	Ogataea	Pichiaceae	Pichiales	Pichiomycetes		Ascomycota		67.9713	3.88986e-14	6/10000	True
GCA_904855205.1_Cyphbasidiales_sp_Tagirdzhanova-0007_MAG	Cyphobasidiales sp. Tagirdzhanova-0007	5	GCA_055774055.1_ASM5577405v1	Sphaerulina musiva	Sphaerulina	Mycosphaerellaceae	Mycosphaerellales	Dothideomycetes		Ascomycota		67.9713	1.66194e-13	6/10000	True
GCA_904855205.1_Cyphbasidiales_sp_Tagirdzhanova-0007_MAG	Cyphobasidiales sp. Tagirdzhanova-0007	6	GCA_055774095.1_ASM5577409v1	Sphaerulina musiva	Sphaerulina	Mycosphaerellaceae	Mycosphaerellales	Dothideomycetes		Ascomycota		67.9713	1.66809e-13	6/10000	True
GCA_904855205.1_Cyphbasidiales_sp_Tagirdzhanova-0007_MAG	Cyphobasidiales sp. Tagirdzhanova-0007	7	GCA_060251845.1_ASM6025184v1	Wickerhamomyces sp. 25-WYM-469-1	Wickerhamomyces	Wickerhamomycetaceae	Phaffomycetales	Saccharomycetes		Ascomycota		67.9713	3.34263e-14	6/10000	True
GCA_904855205.1_Cyphbasidiales_sp_Tagirdzhanova-0007_MAG	Cyphobasidiales sp. Tagirdzhanova-0007	8	GCA_001599255.1_JCM_9445_assembly_v001	Wenyingozyma succiphila	Wenyingozyma	Pichiaceae	Pichiales	Pichiomycetes		Ascomycota		67.1035	9.55175e-12	5/10000	True
GCA_904855205.1_Cyphbasidiales_sp_Tagirdzhanova-0007_MAG	Cyphobasidiales sp. Tagirdzhanova-0007	9	GCA_003316565.1_ASM331656v1	Russula foetens	Russula	Russulaceae	Russulales	Agaricomycetes		Basidiomycota		67.1035	1.54866e-10	5/10000	True
GCA_904855205.1_Cyphbasidiales_sp_Tagirdzhanova-0007_MAG	Cyphobasidiales sp. Tagirdzhanova-0007	10	GCA_030557525.1_ASM3055752v1	Wenyingozyma succiphila	Wenyingozyma	Pichiaceae	Pichiales	Pichiomycetes		Ascomycota		67.1035	9.14631e-12	5/10000	True
GCA_003351005.1_ASM335100v1	Cystobasidiaceae sp. HBUAS51001	1	GCA_019775285.1_ASM1977528v1	Cystobasidium slooffiae	Cystobasidium	Cystobasidiaceae	Cystobasidiales	Cystobasidiomycetes		Basidiomycota		69.3402	3.34823e-17	8/10000	True
GCA_003351005.1_ASM335100v1	Cystobasidiaceae sp. HBUAS51001	2	GCA_019775515.1_ASM1977551v1	Cystobasidium slooffiae	Cystobasidium	Cystobasidiaceae	Cystobasidiales	Cystobasidiomycetes		Basidiomycota		69.3402	3.09972e-17	8/10000	True
GCA_003351005.1_ASM335100v1	Cystobasidiaceae sp. HBUAS51001	3	GCA_023628215.1_ASM2362821v1	Cystobasidium sp. R9020	Cystobasidium	Cystobasidiaceae	Cystobasidiales	Cystobasidiomycetes		Basidiomycota		69.3402	3.03435e-17	8/10000	True
GCA_003351005.1_ASM335100v1	Cystobasidiaceae sp. HBUAS51001	4	GCA_023628255.1_ASM2362825v1	Cystobasidium sp. 2NF920	Cystobasidium	Cystobasidiaceae	Cystobasidiales	Cystobasidiomycetes		Basidiomycota		69.3402	3.02752e-17	8/10000	True
GCA_003351005.1_ASM335100v1	Cystobasidiaceae sp. HBUAS51001	5	GCA_023628295.1_ASM2362829v1	Cystobasidium sp. P9004	Cystobasidium	Cystobasidiaceae	Cystobasidiales	Cystobasidiomycetes		Basidiomycota		69.3402	3.02472e-17	8/10000	True
GCA_003351005.1_ASM335100v1	Cystobasidiaceae sp. HBUAS51001	6	GCA_023628355.1_ASM2362835v1	Cystobasidium sp. 2NP905A	Cystobasidium	Cystobasidiaceae	Cystobasidiales	Cystobasidiomycetes		Basidiomycota		69.3402	3.02879e-17	8/10000	True
GCA_003351005.1_ASM335100v1	Cystobasidiaceae sp. HBUAS51001	7	GCA_019775485.1_ASM1977548v1	Cystobasidium slooffiae	Cystobasidium	Cystobasidiaceae	Cystobasidiales	Cystobasidiomycetes		Basidiomycota		68.7048	8.18447e-15	7/10000	True
GCA_003351005.1_ASM335100v1	Cystobasidiaceae sp. HBUAS51001	8	GCA_022813105.1_ASM2281310v1	Cystobasidium onofrii	Cystobasidium	Cystobasidiaceae	Cystobasidiales	Cystobasidiomycetes		Basidiomycota		68.7048	6.43529e-15	7/10000	True
GCA_003351005.1_ASM335100v1	Cystobasidiaceae sp. HBUAS51001	9	GCF_039999085.1_Rhomi1	Cystobasidium minutum	Cystobasidium	Cystobasidiaceae	Cystobasidiales	Cystobasidiomycetes		Basidiomycota		68.7048	6.24132e-15	7/10000	True
GCA_003351005.1_ASM335100v1	Cystobasidiaceae sp. HBUAS51001	10	GCA_000819925.1_ASM81992v1	Ustilago esculenta	Ustilago	Ustilaginaceae	Ustilaginales	Ustilaginomycetes		Basidiomycota		67.9713	1.18696e-12	6/10000	True
GCA_964257715.1_public_SRR7232212_concoct_bin.12	Cystobasidiomycetes sp.	1	GCA_030580275.1_ASM3058027v1	Groenewaldozyma sp. yHMH443	Groenewaldozyma	Trichomonascaceae	Dipodascales	Dipodascomycetes		Ascomycota		67.9713	3.24033e-14	6/10000	True
GCA_964257715.1_public_SRR7232212_concoct_bin.12	Cystobasidiomycetes sp.	2	GCA_000223075.2_EpiAma_1.0	Epichloe amarillans	Epichloe	Clavicipitaceae	Hypocreales	Sordariomycetes		Ascomycota		67.1035	1.0799e-10	5/10000	True
GCA_964257715.1_public_SRR7232212_concoct_bin.12	Cystobasidiomycetes sp.	3	GCA_000308955.1_ETyphina_1.0	Epichloe typhina	Epichloe	Clavicipitaceae	Hypocreales	Sordariomycetes		Ascomycota		67.1035	1.22415e-10	5/10000	True
GCA_964257715.1_public_SRR7232212_concoct_bin.12	Cystobasidiomycetes sp.	4	GCA_000877375.1_EamaE4668v1	Epichloe amarillans	Epichloe	Clavicipitaceae	Hypocreales	Sordariomycetes		Ascomycota		67.1035	1.20598e-10	5/10000	True
GCA_964257715.1_public_SRR7232212_concoct_bin.12	Cystobasidiomycetes sp.	5	GCA_001008055.1_ASM100805v1	Epichloe bromicola	Epichloe	Clavicipitaceae	Hypocreales	Sordariomycetes		Ascomycota		67.1035	8.66684e-11	5/10000	True
GCA_964257715.1_public_SRR7232212_concoct_bin.12	Cystobasidiomycetes sp.	6	GCA_001008065.1_ASM100806v1	Epichloe bromicola	Epichloe	Clavicipitaceae	Hypocreales	Sordariomycetes		Ascomycota		67.1035	1.10089e-10	5/10000	True
GCA_964257715.1_public_SRR7232212_concoct_bin.12	Cystobasidiomycetes sp.	7	GCA_002083735.1_Rhimi_ATCC11559_1	Rhizopus microsporus	Rhizopus	Rhizopodaceae	Mucorales	Mucoromycetes		Mucoromycota		67.1035	4.82333e-11	5/10000	True
GCA_964257715.1_public_SRR7232212_concoct_bin.12	Cystobasidiomycetes sp.	8	GCA_003707735.2_ASM370773v2	Candida freyschussii		Wickerhamomycetaceae	Phaffomycetales	Saccharomycetes		Ascomycota		67.1035	6.46064e-12	5/10000	True
GCA_964257715.1_public_SRR7232212_concoct_bin.12	Cystobasidiomycetes sp.	9	GCA_006680115.1_ASM668011v1	Rhizopus microsporus	Rhizopus	Rhizopodaceae	Mucorales	Mucoromycetes		Mucoromycota		67.1035	6.43347e-11	5/10000	True
GCA_964257715.1_public_SRR7232212_concoct_bin.12	Cystobasidiomycetes sp.	10	GCA_011762625.1_ASM1176262v1	Rhizopus microsporus	Rhizopus	Rhizopodaceae	Mucorales	Mucoromycetes		Mucoromycota		67.1035	4.82932e-11	5/10000	True
GCA_051047955.1_ASM5104795v1	Cystobasidiomycetes sp. EMM_F5	1	GCA_008802785.1_ASM880278v1	Symmetrospora coprosmae	Symmetrospora	Symmetrosporaceae		Cystobasidiomycetes		Basidiomycota		68.7048	4.47475e-16	7/10000	True
GCA_051047955.1_ASM5104795v1	Cystobasidiomycetes sp. EMM_F5	2	GCA_015852385.1_UCR_MclonAM1000_1.0	Podila clonocystis	Podila	Mortierellaceae	Mortierellales	Mortierellomycetes		Mortierellomycota		68.7048	2.62059e-15	7/10000	True
GCA_051047955.1_ASM5104795v1	Cystobasidiomycetes sp. EMM_F5	3	GCA_024345325.1_Cytuba9A-1_01	Cystobasidium tubakii	Cystobasidium	Cystobasidiaceae	Cystobasidiales	Cystobasidiomycetes		Basidiomycota		67.9713	1.7286e-13	6/10000	True
GCA_051047955.1_ASM5104795v1	Cystobasidiomycetes sp. EMM_F5	4	GCA_054471075.1_ASM5447107v1	Saccharomycotina sp. YJ-2025a						Ascomycota		67.9713	2.1641e-13	6/10000	True
GCA_051047955.1_ASM5104795v1	Cystobasidiomycetes sp. EMM_F5	5	GCA_054771755.1_JCM5354_assembly01	Erythrobasidium elongatum	Erythrobasidium	Erythrobasidiaceae	Erythrobasidiales	Cystobasidiomycetes		Basidiomycota		67.9713	1.21728e-13	6/10000	True
GCA_051047955.1_ASM5104795v1	Cystobasidiomycetes sp. EMM_F5	6	GCA_060229845.1_ASM6022984v1	Symmetrospora sp. CLIB4444	Symmetrospora	Symmetrosporaceae		Cystobasidiomycetes		Basidiomycota		67.9713	1.40833e-13	6/10000	True
GCA_051047955.1_ASM5104795v1	Cystobasidiomycetes sp. EMM_F5	7	GCF_039999085.1_Rhomi1	Cystobasidium minutum	Cystobasidium	Cystobasidiaceae	Cystobasidiales	Cystobasidiomycetes		Basidiomycota		67.9713	1.57251e-13	6/10000	True
GCA_051047955.1_ASM5104795v1	Cystobasidiomycetes sp. EMM_F5	8	GCA_014706365.1_ASM1470636v1	Colletotrichum australisinense	Colletotrichum	Glomerellaceae	Glomerellales	Sordariomycetes		Ascomycota		67.1035	2.36798e-10	5/10000	True
GCA_051047955.1_ASM5104795v1	Cystobasidiomycetes sp. EMM_F5	9	GCA_015852375.1_UCR_MclonKOD947_1.0	Podila clonocystis	Podila	Mortierellaceae	Mortierellales	Mortierellomycetes		Mortierellomycota		67.1035	1.42313e-10	5/10000	True
GCA_051047955.1_ASM5104795v1	Cystobasidiomycetes sp. EMM_F5	10	GCA_019022555.1_ASM1902255v1	Colletotrichum acutatum	Colletotrichum	Glomerellaceae	Glomerellales	Sordariomycetes		Ascomycota		67.1035	2.14107e-10	5/10000	True
GCA_023625755.1_ASM2362575v1	Debaryomycetaceae sp. 2NP920	1	GCA_023625715.1_ASM2362571v1	Debaryomycetaceae sp. NP9010		Debaryomycetaceae	Serinales	Pichiomycetes		Ascomycota		99.9990	0	9996/10000	True
GCA_023625755.1_ASM2362575v1	Debaryomycetaceae sp. 2NP920	2	GCA_023625735.1_ASM2362573v1	Debaryomycetaceae sp. Y9007B		Debaryomycetaceae	Serinales	Pichiomycetes		Ascomycota		99.9990	0	9996/10000	True
GCA_023625755.1_ASM2362575v1	Debaryomycetaceae sp. 2NP920	3	GCA_023625635.1_ASM2362563v1	Kurtzmaniella sp. PG3605	Kurtzmaniella	Debaryomycetaceae	Serinales	Pichiomycetes		Ascomycota		99.9988	0	9995/10000	True
GCA_023625755.1_ASM2362575v1	Debaryomycetaceae sp. 2NP920	4	GCA_023625775.1_ASM2362577v1	Debaryomycetaceae sp. 2NR913A		Debaryomycetaceae	Serinales	Pichiomycetes		Ascomycota		99.9852	0	9938/10000	True
GCA_023625755.1_ASM2362575v1	Debaryomycetaceae sp. 2NP920	5	GCA_023625675.1_ASM2362567v1	Kurtzmaniella sp. R2202	Kurtzmaniella	Debaryomycetaceae	Serinales	Pichiomycetes		Ascomycota		99.9149	0	9652/10000	True
GCA_023625755.1_ASM2362575v1	Debaryomycetaceae sp. 2NP920	6	GCA_023625695.1_ASM2362569v1	Debaryomycetaceae sp. 2NP930A		Debaryomycetaceae	Serinales	Pichiomycetes		Ascomycota		99.9139	0	9648/10000	True
GCA_023625755.1_ASM2362575v1	Debaryomycetaceae sp. 2NP920	7	GCA_037040735.1_ASM3704073v1	Spathaspora sp. P7602	Spathaspora	Debaryomycetaceae	Serinales	Pichiomycetes		Ascomycota		99.9038	0	9608/10000	True
GCA_023625755.1_ASM2362575v1	Debaryomycetaceae sp. 2NP920	8	GCA_032598715.1_ASM3259871v1	Debaryomycetaceae sp. JAC-2022a		Debaryomycetaceae	Serinales	Pichiomycetes		Ascomycota		99.8967	0	9580/10000	True
GCA_023625755.1_ASM2362575v1	Debaryomycetaceae sp. 2NP920	9	GCA_051530125.1_ASM5153012v1	Dujonia zeylanoides	Dujonia	Debaryomycetaceae	Serinales	Pichiomycetes		Ascomycota		99.8706	0	9478/10000	True
GCA_023625755.1_ASM2362575v1	Debaryomycetaceae sp. 2NP920	10	GCA_031851675.1_ASM3185167v1	Dujonia zeylanoides	Dujonia	Debaryomycetaceae	Serinales	Pichiomycetes		Ascomycota		99.8598	0	9436/10000	True
GCA_023625695.1_ASM2362569v1	Debaryomycetaceae sp. 2NP930A	1	GCA_023625675.1_ASM2362567v1	Kurtzmaniella sp. R2202	Kurtzmaniella	Debaryomycetaceae	Serinales	Pichiomycetes		Ascomycota		99.9971	0	9988/10000	True
GCA_023625695.1_ASM2362569v1	Debaryomycetaceae sp. 2NP930A	2	GCA_023625715.1_ASM2362571v1	Debaryomycetaceae sp. NP9010		Debaryomycetaceae	Serinales	Pichiomycetes		Ascomycota		99.9144	0	9650/10000	True
GCA_023625695.1_ASM2362569v1	Debaryomycetaceae sp. 2NP930A	3	GCA_023625735.1_ASM2362573v1	Debaryomycetaceae sp. Y9007B		Debaryomycetaceae	Serinales	Pichiomycetes		Ascomycota		99.9144	0	9650/10000	True
GCA_023625695.1_ASM2362569v1	Debaryomycetaceae sp. 2NP930A	4	GCA_023625635.1_ASM2362563v1	Kurtzmaniella sp. PG3605	Kurtzmaniella	Debaryomycetaceae	Serinales	Pichiomycetes		Ascomycota		99.9142	0	9649/10000	True
GCA_023625695.1_ASM2362569v1	Debaryomycetaceae sp. 2NP930A	5	GCA_023625755.1_ASM2362575v1	Debaryomycetaceae sp. 2NP920		Debaryomycetaceae	Serinales	Pichiomycetes		Ascomycota		99.9139	0	9648/10000	True
GCA_023625695.1_ASM2362569v1	Debaryomycetaceae sp. 2NP930A	6	GCA_032598715.1_ASM3259871v1	Debaryomycetaceae sp. JAC-2022a		Debaryomycetaceae	Serinales	Pichiomycetes		Ascomycota		99.9041	0	9609/10000	True
GCA_023625695.1_ASM2362569v1	Debaryomycetaceae sp. 2NP930A	7	GCA_023625775.1_ASM2362577v1	Debaryomycetaceae sp. 2NR913A		Debaryomycetaceae	Serinales	Pichiomycetes		Ascomycota		99.9005	0	9595/10000	True
GCA_023625695.1_ASM2362569v1	Debaryomycetaceae sp. 2NP930A	8	GCA_037040735.1_ASM3704073v1	Spathaspora sp. P7602	Spathaspora	Debaryomycetaceae	Serinales	Pichiomycetes		Ascomycota		99.8799	0	9514/10000	True
GCA_023625695.1_ASM2362569v1	Debaryomycetaceae sp. 2NP930A	9	GCA_031851675.1_ASM3185167v1	Dujonia zeylanoides	Dujonia	Debaryomycetaceae	Serinales	Pichiomycetes		Ascomycota		99.8650	0	9456/10000	True
GCA_023625695.1_ASM2362569v1	Debaryomycetaceae sp. 2NP930A	10	GCA_051530125.1_ASM5153012v1	Dujonia zeylanoides	Dujonia	Debaryomycetaceae	Serinales	Pichiomycetes		Ascomycota		99.8639	0	9452/10000	True
GCA_023625775.1_ASM2362577v1	Debaryomycetaceae sp. 2NR913A	1	GCA_023625755.1_ASM2362575v1	Debaryomycetaceae sp. 2NP920		Debaryomycetaceae	Serinales	Pichiomycetes		Ascomycota		99.9852	0	9938/10000	True
GCA_023625775.1_ASM2362577v1	Debaryomycetaceae sp. 2NR913A	2	GCA_023625715.1_ASM2362571v1	Debaryomycetaceae sp. NP9010		Debaryomycetaceae	Serinales	Pichiomycetes		Ascomycota		99.9842	0	9934/10000	True
GCA_023625775.1_ASM2362577v1	Debaryomycetaceae sp. 2NR913A	3	GCA_023625735.1_ASM2362573v1	Debaryomycetaceae sp. Y9007B		Debaryomycetaceae	Serinales	Pichiomycetes		Ascomycota		99.9842	0	9934/10000	True
GCA_023625775.1_ASM2362577v1	Debaryomycetaceae sp. 2NR913A	4	GCA_023625635.1_ASM2362563v1	Kurtzmaniella sp. PG3605	Kurtzmaniella	Debaryomycetaceae	Serinales	Pichiomycetes		Ascomycota		99.9840	0	9933/10000	True
GCA_023625775.1_ASM2362577v1	Debaryomycetaceae sp. 2NR913A	5	GCA_023625675.1_ASM2362567v1	Kurtzmaniella sp. R2202	Kurtzmaniella	Debaryomycetaceae	Serinales	Pichiomycetes		Ascomycota		99.9016	0	9599/10000	True
GCA_023625775.1_ASM2362577v1	Debaryomycetaceae sp. 2NR913A	6	GCA_023625695.1_ASM2362569v1	Debaryomycetaceae sp. 2NP930A		Debaryomycetaceae	Serinales	Pichiomycetes		Ascomycota		99.9005	0	9595/10000	True
GCA_023625775.1_ASM2362577v1	Debaryomycetaceae sp. 2NR913A	7	GCA_037040735.1_ASM3704073v1	Spathaspora sp. P7602	Spathaspora	Debaryomycetaceae	Serinales	Pichiomycetes		Ascomycota		99.8942	0	9570/10000	True
GCA_023625775.1_ASM2362577v1	Debaryomycetaceae sp. 2NR913A	8	GCA_032598715.1_ASM3259871v1	Debaryomycetaceae sp. JAC-2022a		Debaryomycetaceae	Serinales	Pichiomycetes		Ascomycota		99.8832	0	9527/10000	True
GCA_023625775.1_ASM2362577v1	Debaryomycetaceae sp. 2NR913A	9	GCA_051530125.1_ASM5153012v1	Dujonia zeylanoides	Dujonia	Debaryomycetaceae	Serinales	Pichiomycetes		Ascomycota		99.8567	0	9424/10000	True
GCA_023625775.1_ASM2362577v1	Debaryomycetaceae sp. 2NR913A	10	GCA_031851675.1_ASM3185167v1	Dujonia zeylanoides	Dujonia	Debaryomycetaceae	Serinales	Pichiomycetes		Ascomycota		99.8460	0	9383/10000	True
GCA_023625795.1_ASM2362579v1	Debaryomycetaceae sp. 2NR914	1	GCA_054123655.1_ASM5412365v1	Sporendonema sp.	Sporendonema	Gymnoascaceae	Onygenales	Eurotiomycetes		Ascomycota		74.1507	1.56924e-54	22/10000	True
GCA_023625795.1_ASM2362579v1	Debaryomycetaceae sp. 2NR914	2	GCA_982397225.1_27-FMI	Coccidioides immitis	Coccidioides	Onygenaceae	Onygenales	Eurotiomycetes		Ascomycota		72.9253	1.27145e-40	17/10000	True
GCA_023625795.1_ASM2362579v1	Debaryomycetaceae sp. 2NR914	3	GCA_982397405.1_T55-F	Ophidiomyces ophidiicola	Ophidiomyces	Onygenaceae	Onygenales	Eurotiomycetes		Ascomycota		72.9253	1.60221e-40	17/10000	True
GCA_023625795.1_ASM2362579v1	Debaryomycetaceae sp. 2NR914	4	GCA_054123415.1_ASM5412341v1	Sporendonema sp.	Sporendonema	Gymnoascaceae	Onygenales	Eurotiomycetes		Ascomycota		72.3303	1.29093e-36	15/10000	True
GCA_023625795.1_ASM2362579v1	Debaryomycetaceae sp. 2NR914	5	GCA_041956615.1_Malci1	Malbranchea cinnamomea	Malbranchea	Malbrancheaceae	Onygenales	Eurotiomycetes		Ascomycota		70.8553	8.2437e-25	11/10000	True
GCA_023625795.1_ASM2362579v1	Debaryomycetaceae sp. 2NR914	6	GCA_900128795.2_FCH_10_5	Malbranchea cinnamomea	Malbranchea	Malbrancheaceae	Onygenales	Eurotiomycetes		Ascomycota		70.8553	9.43948e-25	11/10000	True
GCA_023625795.1_ASM2362579v1	Debaryomycetaceae sp. 2NR914	7	GCA_001014755.1_ASM101475v1	Blastomyces silverae	Blastomyces	Ajellomycetaceae	Onygenales	Eurotiomycetes		Ascomycota		70.4019	7.79574e-22	10/10000	True
GCA_023625795.1_ASM2362579v1	Debaryomycetaceae sp. 2NR914	8	GCA_001931935.1_ASM193193v1	Aspergillus aff. floccosus IMV 01167	Aspergillus	Aspergillaceae	Eurotiales	Eurotiomycetes		Ascomycota		70.4019	1.14634e-21	10/10000	True
GCA_023625795.1_ASM2362579v1	Debaryomycetaceae sp. 2NR914	9	GCA_003206275.1_ASM320627v1	Blastomyces percursus	Blastomyces	Ajellomycetaceae	Onygenales	Eurotiomycetes		Ascomycota		70.4019	9.81775e-22	10/10000	True
GCA_023625795.1_ASM2362579v1	Debaryomycetaceae sp. 2NR914	10	GCA_003206785.1_ASM320678v1	Blastomyces percursus	Blastomyces	Ajellomycetaceae	Onygenales	Eurotiomycetes		Ascomycota		70.4019	9.18757e-22	10/10000	True
GCA_031081755.1_CAB1570	Debaryomycetaceae sp. CAB 1570	1	GCA_031081905.1_ZIM2471	Debaryomycetaceae sp. ZIM 2471		Debaryomycetaceae	Serinales	Pichiomycetes		Ascomycota		94.8178	0	2025/10000	True
GCA_031081755.1_CAB1570	Debaryomycetaceae sp. CAB 1570	2	GCA_031081785.1_UD68_643	Debaryomycetaceae sp. UCDFST 68-643		Debaryomycetaceae	Serinales	Pichiomycetes		Ascomycota		77.2204	7.09617e-132	42/10000	True
GCA_031081755.1_CAB1570	Debaryomycetaceae sp. CAB 1570	3	GCA_031081845.1_UD68_768_1	Debaryomycetaceae sp. UCDFST 68-768.1		Debaryomycetaceae	Serinales	Pichiomycetes		Ascomycota		77.2204	7.38945e-132	42/10000	True
GCA_031081755.1_CAB1570	Debaryomycetaceae sp. CAB 1570	4	GCA_030583445.1_ASM3058344v1	Debaryomyces nepalensis	Debaryomyces	Debaryomycetaceae	Serinales	Pichiomycetes		Ascomycota		72.0022	2.96858e-38	14/10000	True
GCA_031081755.1_CAB1570	Debaryomycetaceae sp. CAB 1570	5	GCA_030568515.1_ASM3056851v1	Suhomyces guaymorum	Suhomyces	Debaryomycetaceae	Serinales	Pichiomycetes		Ascomycota		71.2691	7.85004e-32	12/10000	True
GCA_031081755.1_CAB1570	Debaryomycetaceae sp. CAB 1570	6	GCA_030572695.1_ASM3057269v1	Scheffersomyces illinoinensis	Scheffersomyces	Debaryomycetaceae	Serinales	Pichiomycetes		Ascomycota		71.2691	1.22327e-31	12/10000	True
GCA_031081755.1_CAB1570	Debaryomycetaceae sp. CAB 1570	7	GCA_054123155.1_ASM5412315v1	Debaryomyces hansenii	Debaryomyces	Debaryomycetaceae	Serinales	Pichiomycetes		Ascomycota		71.2691	4.14257e-33	12/10000	True
GCA_031081755.1_CAB1570	Debaryomycetaceae sp. CAB 1570	8	GCA_054123835.1_ASM5412383v1	Debaryomyces hansenii	Debaryomyces	Debaryomycetaceae	Serinales	Pichiomycetes		Ascomycota		71.2691	8.09905e-33	12/10000	True
GCA_031081755.1_CAB1570	Debaryomycetaceae sp. CAB 1570	9	GCA_057382405.1_ASM5738240v1	Candida tropicalis	Candida	Debaryomycetaceae	Serinales	Pichiomycetes		Ascomycota		71.2691	1.13166e-31	12/10000	True
GCA_031081755.1_CAB1570	Debaryomycetaceae sp. CAB 1570	10	GCA_057382865.1_ASM5738286v1	Candida tropicalis	Candida	Debaryomycetaceae	Serinales	Pichiomycetes		Ascomycota		71.2691	1.16144e-31	12/10000	True
GCA_032598715.1_ASM3259871v1	Debaryomycetaceae sp. JAC-2022a	1	GCA_023625675.1_ASM2362567v1	Kurtzmaniella sp. R2202	Kurtzmaniella	Debaryomycetaceae	Serinales	Pichiomycetes		Ascomycota		99.9066	0	9619/10000	True
GCA_032598715.1_ASM3259871v1	Debaryomycetaceae sp. JAC-2022a	2	GCA_023625695.1_ASM2362569v1	Debaryomycetaceae sp. 2NP930A		Debaryomycetaceae	Serinales	Pichiomycetes		Ascomycota		99.9041	0	9609/10000	True
GCA_032598715.1_ASM3259871v1	Debaryomycetaceae sp. JAC-2022a	3	GCA_023625735.1_ASM2362573v1	Debaryomycetaceae sp. Y9007B		Debaryomycetaceae	Serinales	Pichiomycetes		Ascomycota		99.8978	0	9584/10000	True
GCA_032598715.1_ASM3259871v1	Debaryomycetaceae sp. JAC-2022a	4	GCA_023625635.1_ASM2362563v1	Kurtzmaniella sp. PG3605	Kurtzmaniella	Debaryomycetaceae	Serinales	Pichiomycetes		Ascomycota		99.8975	0	9583/10000	True
GCA_032598715.1_ASM3259871v1	Debaryomycetaceae sp. JAC-2022a	5	GCA_023625715.1_ASM2362571v1	Debaryomycetaceae sp. NP9010		Debaryomycetaceae	Serinales	Pichiomycetes		Ascomycota		99.8973	0	9582/10000	True
GCA_032598715.1_ASM3259871v1	Debaryomycetaceae sp. JAC-2022a	6	GCA_023625755.1_ASM2362575v1	Debaryomycetaceae sp. 2NP920		Debaryomycetaceae	Serinales	Pichiomycetes		Ascomycota		99.8967	0	9580/10000	True
GCA_032598715.1_ASM3259871v1	Debaryomycetaceae sp. JAC-2022a	7	GCA_023625775.1_ASM2362577v1	Debaryomycetaceae sp. 2NR913A		Debaryomycetaceae	Serinales	Pichiomycetes		Ascomycota		99.8832	0	9527/10000	True
GCA_032598715.1_ASM3259871v1	Debaryomycetaceae sp. JAC-2022a	8	GCA_051530125.1_ASM5153012v1	Dujonia zeylanoides	Dujonia	Debaryomycetaceae	Serinales	Pichiomycetes		Ascomycota		99.8768	0	9502/10000	True
GCA_032598715.1_ASM3259871v1	Debaryomycetaceae sp. JAC-2022a	9	GCA_037040735.1_ASM3704073v1	Spathaspora sp. P7602	Spathaspora	Debaryomycetaceae	Serinales	Pichiomycetes		Ascomycota		99.8683	0	9469/10000	True
GCA_032598715.1_ASM3259871v1	Debaryomycetaceae sp. JAC-2022a	10	GCA_031851675.1_ASM3185167v1	Dujonia zeylanoides	Dujonia	Debaryomycetaceae	Serinales	Pichiomycetes		Ascomycota		99.8631	0	9449/10000	True
GCA_023625715.1_ASM2362571v1	Debaryomycetaceae sp. NP9010	1	GCA_023625635.1_ASM2362563v1	Kurtzmaniella sp. PG3605	Kurtzmaniella	Debaryomycetaceae	Serinales	Pichiomycetes		Ascomycota		99.9998	0	9999/10000	True
GCA_023625715.1_ASM2362571v1	Debaryomycetaceae sp. NP9010	2	GCA_023625735.1_ASM2362573v1	Debaryomycetaceae sp. Y9007B		Debaryomycetaceae	Serinales	Pichiomycetes		Ascomycota		99.9995	0	9998/10000	True
GCA_023625715.1_ASM2362571v1	Debaryomycetaceae sp. NP9010	3	GCA_023625755.1_ASM2362575v1	Debaryomycetaceae sp. 2NP920		Debaryomycetaceae	Serinales	Pichiomycetes		Ascomycota		99.9990	0	9996/10000	True
GCA_023625715.1_ASM2362571v1	Debaryomycetaceae sp. NP9010	4	GCA_023625775.1_ASM2362577v1	Debaryomycetaceae sp. 2NR913A		Debaryomycetaceae	Serinales	Pichiomycetes		Ascomycota		99.9842	0	9934/10000	True
GCA_023625715.1_ASM2362571v1	Debaryomycetaceae sp. NP9010	5	GCA_023625675.1_ASM2362567v1	Kurtzmaniella sp. R2202	Kurtzmaniella	Debaryomycetaceae	Serinales	Pichiomycetes		Ascomycota		99.9154	0	9654/10000	True
GCA_023625715.1_ASM2362571v1	Debaryomycetaceae sp. NP9010	6	GCA_023625695.1_ASM2362569v1	Debaryomycetaceae sp. 2NP930A		Debaryomycetaceae	Serinales	Pichiomycetes		Ascomycota		99.9144	0	9650/10000	True
GCA_023625715.1_ASM2362571v1	Debaryomycetaceae sp. NP9010	7	GCA_037040735.1_ASM3704073v1	Spathaspora sp. P7602	Spathaspora	Debaryomycetaceae	Serinales	Pichiomycetes		Ascomycota		99.9033	0	9606/10000	True
GCA_023625715.1_ASM2362571v1	Debaryomycetaceae sp. NP9010	8	GCA_032598715.1_ASM3259871v1	Debaryomycetaceae sp. JAC-2022a		Debaryomycetaceae	Serinales	Pichiomycetes		Ascomycota		99.8973	0	9582/10000	True
GCA_023625715.1_ASM2362571v1	Debaryomycetaceae sp. NP9010	9	GCA_051530125.1_ASM5153012v1	Dujonia zeylanoides	Dujonia	Debaryomycetaceae	Serinales	Pichiomycetes		Ascomycota		99.8706	0	9478/10000	True
GCA_023625715.1_ASM2362571v1	Debaryomycetaceae sp. NP9010	10	GCA_031851675.1_ASM3185167v1	Dujonia zeylanoides	Dujonia	Debaryomycetaceae	Serinales	Pichiomycetes		Ascomycota		99.8603	0	9438/10000	True
GCA_031081785.1_UD68_643	Debaryomycetaceae sp. UCDFST 68-643	1	GCA_031081845.1_UD68_768_1	Debaryomycetaceae sp. UCDFST 68-768.1		Debaryomycetaceae	Serinales	Pichiomycetes		Ascomycota		99.7319	0	8962/10000	True
GCA_031081785.1_UD68_643	Debaryomycetaceae sp. UCDFST 68-643	2	GCA_031081905.1_ZIM2471	Debaryomycetaceae sp. ZIM 2471		Debaryomycetaceae	Serinales	Pichiomycetes		Ascomycota		77.8534	2.94171e-153	48/10000	True
GCA_031081785.1_UD68_643	Debaryomycetaceae sp. UCDFST 68-643	3	GCA_031081755.1_CAB1570	Debaryomycetaceae sp. CAB 1570		Debaryomycetaceae	Serinales	Pichiomycetes		Ascomycota		77.2204	7.09617e-132	42/10000	True
GCA_031081785.1_UD68_643	Debaryomycetaceae sp. UCDFST 68-643	4	GCA_030572155.1_ASM3057215v1	Suhomyces taliae	Suhomyces	Debaryomycetaceae	Serinales	Pichiomycetes		Ascomycota		72.0022	1.72511e-37	14/10000	True
GCA_031081785.1_UD68_643	Debaryomycetaceae sp. UCDFST 68-643	5	GCA_030574375.1_ASM3057437v1	Priceomyces castillae	Priceomyces	Debaryomycetaceae	Serinales	Pichiomycetes		Ascomycota		72.0022	2.09578e-38	14/10000	True
GCA_031081785.1_UD68_643	Debaryomycetaceae sp. UCDFST 68-643	6	GCA_003708665.2_ASM370866v2	Debaryomyces fabryi	Debaryomyces	Debaryomycetaceae	Serinales	Pichiomycetes		Ascomycota		71.6498	4.79189e-35	13/10000	True
GCA_031081785.1_UD68_643	Debaryomycetaceae sp. UCDFST 68-643	7	GCA_006942225.1_Dha_17914	Debaryomyces hansenii	Debaryomyces	Debaryomycetaceae	Serinales	Pichiomycetes		Ascomycota		71.6498	4.84368e-35	13/10000	True
GCA_031081785.1_UD68_643	Debaryomycetaceae sp. UCDFST 68-643	8	GCA_900007135.1_D_fabryi_PRJEB9676_v1	Debaryomyces fabryi	Debaryomyces	Debaryomycetaceae	Serinales	Pichiomycetes		Ascomycota		71.6498	5.28212e-35	13/10000	True
GCA_031081785.1_UD68_643	Debaryomycetaceae sp. UCDFST 68-643	9	GCF_001447935.2_debFab1.1	Debaryomyces fabryi	Debaryomyces	Debaryomycetaceae	Serinales	Pichiomycetes		Ascomycota		71.6498	4.16255e-35	13/10000	True
GCA_031081785.1_UD68_643	Debaryomycetaceae sp. UCDFST 68-643	10	GCA_000410855.1_Candida_lusitaniae_Genome_Assembly	Clavispora lusitaniae	Clavispora	Metschnikowiaceae	Serinales	Pichiomycetes		Ascomycota		71.2691	5.16325e-32	12/10000	True
GCA_031081845.1_UD68_768_1	Debaryomycetaceae sp. UCDFST 68-768.1	1	GCA_031081785.1_UD68_643	Debaryomycetaceae sp. UCDFST 68-643		Debaryomycetaceae	Serinales	Pichiomycetes		Ascomycota		99.7319	0	8962/10000	True
GCA_031081845.1_UD68_768_1	Debaryomycetaceae sp. UCDFST 68-768.1	2	GCA_031081905.1_ZIM2471	Debaryomycetaceae sp. ZIM 2471		Debaryomycetaceae	Serinales	Pichiomycetes		Ascomycota		77.8534	3.08105e-153	48/10000	True
GCA_031081845.1_UD68_768_1	Debaryomycetaceae sp. UCDFST 68-768.1	3	GCA_031081755.1_CAB1570	Debaryomycetaceae sp. CAB 1570		Debaryomycetaceae	Serinales	Pichiomycetes		Ascomycota		77.2204	7.38945e-132	42/10000	True
GCA_031081845.1_UD68_768_1	Debaryomycetaceae sp. UCDFST 68-768.1	4	GCA_003708665.2_ASM370866v2	Debaryomyces fabryi	Debaryomyces	Debaryomycetaceae	Serinales	Pichiomycetes		Ascomycota		72.0022	4.50819e-38	14/10000	True
GCA_031081845.1_UD68_768_1	Debaryomycetaceae sp. UCDFST 68-768.1	5	GCA_006942225.1_Dha_17914	Debaryomyces hansenii	Debaryomyces	Debaryomycetaceae	Serinales	Pichiomycetes		Ascomycota		72.0022	4.56074e-38	14/10000	True
GCA_031081845.1_UD68_768_1	Debaryomycetaceae sp. UCDFST 68-768.1	6	GCA_030572155.1_ASM3057215v1	Suhomyces taliae	Suhomyces	Debaryomycetaceae	Serinales	Pichiomycetes		Ascomycota		72.0022	1.75204e-37	14/10000	True
GCA_031081845.1_UD68_768_1	Debaryomycetaceae sp. UCDFST 68-768.1	7	GCA_030574375.1_ASM3057437v1	Priceomyces castillae	Priceomyces	Debaryomycetaceae	Serinales	Pichiomycetes		Ascomycota		72.0022	2.12389e-38	14/10000	True
GCA_031081845.1_UD68_768_1	Debaryomycetaceae sp. UCDFST 68-768.1	8	GCA_900007135.1_D_fabryi_PRJEB9676_v1	Debaryomyces fabryi	Debaryomyces	Debaryomycetaceae	Serinales	Pichiomycetes		Ascomycota		72.0022	5.00733e-38	14/10000	True
GCA_031081845.1_UD68_768_1	Debaryomycetaceae sp. UCDFST 68-768.1	9	GCF_001447935.2_debFab1.1	Debaryomyces fabryi	Debaryomyces	Debaryomycetaceae	Serinales	Pichiomycetes		Ascomycota		72.0022	3.8733e-38	14/10000	True
GCA_031081845.1_UD68_768_1	Debaryomycetaceae sp. UCDFST 68-768.1	10	GCA_003349505.1_ASM334950v1	Debaryomyces hansenii	Debaryomyces	Debaryomycetaceae	Serinales	Pichiomycetes		Ascomycota		71.6498	4.29214e-35	13/10000	True
GCA_023625735.1_ASM2362573v1	Debaryomycetaceae sp. Y9007B	1	GCA_023625635.1_ASM2362563v1	Kurtzmaniella sp. PG3605	Kurtzmaniella	Debaryomycetaceae	Serinales	Pichiomycetes		Ascomycota		99.9998	0	9999/10000	True
GCA_023625735.1_ASM2362573v1	Debaryomycetaceae sp. Y9007B	2	GCA_023625715.1_ASM2362571v1	Debaryomycetaceae sp. NP9010		Debaryomycetaceae	Serinales	Pichiomycetes		Ascomycota		99.9995	0	9998/10000	True
GCA_023625735.1_ASM2362573v1	Debaryomycetaceae sp. Y9007B	3	GCA_023625755.1_ASM2362575v1	Debaryomycetaceae sp. 2NP920		Debaryomycetaceae	Serinales	Pichiomycetes		Ascomycota		99.9990	0	9996/10000	True
GCA_023625735.1_ASM2362573v1	Debaryomycetaceae sp. Y9007B	4	GCA_023625775.1_ASM2362577v1	Debaryomycetaceae sp. 2NR913A		Debaryomycetaceae	Serinales	Pichiomycetes		Ascomycota		99.9842	0	9934/10000	True
GCA_023625735.1_ASM2362573v1	Debaryomycetaceae sp. Y9007B	5	GCA_023625675.1_ASM2362567v1	Kurtzmaniella sp. R2202	Kurtzmaniella	Debaryomycetaceae	Serinales	Pichiomycetes		Ascomycota		99.9159	0	9656/10000	True
GCA_023625735.1_ASM2362573v1	Debaryomycetaceae sp. Y9007B	6	GCA_023625695.1_ASM2362569v1	Debaryomycetaceae sp. 2NP930A		Debaryomycetaceae	Serinales	Pichiomycetes		Ascomycota		99.9144	0	9650/10000	True
GCA_023625735.1_ASM2362573v1	Debaryomycetaceae sp. Y9007B	7	GCA_037040735.1_ASM3704073v1	Spathaspora sp. P7602	Spathaspora	Debaryomycetaceae	Serinales	Pichiomycetes		Ascomycota		99.9033	0	9606/10000	True
GCA_023625735.1_ASM2362573v1	Debaryomycetaceae sp. Y9007B	8	GCA_032598715.1_ASM3259871v1	Debaryomycetaceae sp. JAC-2022a		Debaryomycetaceae	Serinales	Pichiomycetes		Ascomycota		99.8978	0	9584/10000	True
GCA_023625735.1_ASM2362573v1	Debaryomycetaceae sp. Y9007B	9	GCA_051530125.1_ASM5153012v1	Dujonia zeylanoides	Dujonia	Debaryomycetaceae	Serinales	Pichiomycetes		Ascomycota		99.8712	0	9480/10000	True
GCA_023625735.1_ASM2362573v1	Debaryomycetaceae sp. Y9007B	10	GCA_031851675.1_ASM3185167v1	Dujonia zeylanoides	Dujonia	Debaryomycetaceae	Serinales	Pichiomycetes		Ascomycota		99.8608	0	9440/10000	True
GCA_023625815.1_ASM2362581v1	Debaryomycetaceae sp. Y9007B-2	1	GCA_014839905.1_ASM1483990v1	Aphanoascus verrucosus	Aphanoascus	Onygenaceae	Onygenales	Eurotiomycetes		Ascomycota		89.0754	0	531/10000	True
GCA_023625815.1_ASM2362581v1	Debaryomycetaceae sp. Y9007B-2	2	GCA_059328725.1_NRL_VPCI_AV9	Aphanoascus verrucosus	Aphanoascus	Onygenaceae	Onygenales	Eurotiomycetes		Ascomycota		89.0498	0	528/10000	True
GCA_023625815.1_ASM2362581v1	Debaryomycetaceae sp. Y9007B-2	3	GCA_059328955.1_NRL_VPCI_AV5	Aphanoascus verrucosus	Aphanoascus	Onygenaceae	Onygenales	Eurotiomycetes		Ascomycota		89.0498	0	528/10000	True
GCA_023625815.1_ASM2362581v1	Debaryomycetaceae sp. Y9007B-2	4	GCA_059329105.1_NRL_VPCI_AV1	Aphanoascus verrucosus	Aphanoascus	Onygenaceae	Onygenales	Eurotiomycetes		Ascomycota		89.0498	0	528/10000	True
GCA_023625815.1_ASM2362581v1	Debaryomycetaceae sp. Y9007B-2	5	GCA_059328965.1_NRL_VPCI_AV4	Aphanoascus verrucosus	Aphanoascus	Onygenaceae	Onygenales	Eurotiomycetes		Ascomycota		89.0412	0	527/10000	True
GCA_023625815.1_ASM2362581v1	Debaryomycetaceae sp. Y9007B-2	6	GCA_059328735.1_NRL_VPCI_AV8	Aphanoascus verrucosus	Aphanoascus	Onygenaceae	Onygenales	Eurotiomycetes		Ascomycota		89.0326	0	526/10000	True
GCA_023625815.1_ASM2362581v1	Debaryomycetaceae sp. Y9007B-2	7	GCA_059328915.1_NRL_VPCI_AV6	Aphanoascus verrucosus	Aphanoascus	Onygenaceae	Onygenales	Eurotiomycetes		Ascomycota		89.0240	0	525/10000	True
GCA_023625815.1_ASM2362581v1	Debaryomycetaceae sp. Y9007B-2	8	GCA_059328745.1_NRL_VPCI_AV7	Aphanoascus verrucosus	Aphanoascus	Onygenaceae	Onygenales	Eurotiomycetes		Ascomycota		88.9807	0	520/10000	True
GCA_023625815.1_ASM2362581v1	Debaryomycetaceae sp. Y9007B-2	9	GCA_029850275.1_ASM2985027v1	Chrysosporium keratinophilum	Chrysosporium	Onygenaceae	Onygenales	Eurotiomycetes		Ascomycota		86.3843	0	295/10000	True
GCA_023625815.1_ASM2362581v1	Debaryomycetaceae sp. Y9007B-2	10	GCA_000149815.1_ASM14981v1	Coccidioides immitis	Coccidioides	Onygenaceae	Onygenales	Eurotiomycetes		Ascomycota		74.3619	1.51666e-58	23/10000	True
GCA_030580355.1_ASM3058035v1	Debaryomycetaceae sp. yHKB357	1	GCA_030581555.1_ASM3058155v1	Candida argentea		Debaryomycetaceae	Serinales	Pichiomycetes		Ascomycota		69.9006	7.38846e-23	9/10000	True
GCA_030580355.1_ASM3058035v1	Debaryomycetaceae sp. yHKB357	2	GCA_002370615.1_ASM237061v1	Metschnikowia aberdeeniae	Metschnikowia	Metschnikowiaceae	Serinales	Pichiomycetes		Ascomycota		68.7048	1.84284e-17	7/10000	True
GCA_030580355.1_ASM3058035v1	Debaryomycetaceae sp. yHKB357	3	GCA_002374675.1_ASM237467v1	Metschnikowia aberdeeniae	Metschnikowia	Metschnikowiaceae	Serinales	Pichiomycetes		Ascomycota		68.7048	1.82253e-17	7/10000	True
GCA_030580355.1_ASM3058035v1	Debaryomycetaceae sp. yHKB357	4	GCA_030566455.1_ASM3056645v1	Metschnikowia aberdeeniae	Metschnikowia	Metschnikowiaceae	Serinales	Pichiomycetes		Ascomycota		68.7048	1.7658e-17	7/10000	True
GCA_030580355.1_ASM3058035v1	Debaryomycetaceae sp. yHKB357	5	GCA_030568635.1_ASM3056863v1	Suhomyces caryicola	Suhomyces	Debaryomycetaceae	Serinales	Pichiomycetes		Ascomycota		68.7048	2.57978e-17	7/10000	True
GCA_030580355.1_ASM3058035v1	Debaryomycetaceae sp. yHKB357	6	GCA_030579015.1_ASM3057901v1	Zhuliangozyma blackwelliae	Zhuliangozyma	Debaryomycetaceae	Serinales	Pichiomycetes		Ascomycota		68.7048	2.31731e-17	7/10000	True
GCA_030580355.1_ASM3058035v1	Debaryomycetaceae sp. yHKB357	7	GCA_030579135.1_ASM3057913v1	Candida danieliae	Metschnikowia	Metschnikowiaceae	Serinales	Pichiomycetes		Ascomycota		68.7048	2.70188e-17	7/10000	True
GCA_030580355.1_ASM3058035v1	Debaryomycetaceae sp. yHKB357	8	GCA_001599155.1_JCM_1821_assembly_v001	Wickerhamia fluorescens	Wickerhamia	Debaryomycetaceae	Serinales	Pichiomycetes		Ascomycota		67.9713	1.89579e-14	6/10000	True
GCA_030580355.1_ASM3058035v1	Debaryomycetaceae sp. yHKB357	9	GCA_002374645.1_ASM237464v1	Metschnikowia shivogae	Metschnikowia	Metschnikowiaceae	Serinales	Pichiomycetes		Ascomycota		67.9713	9.52341e-15	6/10000	True
GCA_030580355.1_ASM3058035v1	Debaryomycetaceae sp. yHKB357	10	GCA_003706955.3_ASM370695v3	Sungouiella blattae	Sungouiella	Metschnikowiaceae	Serinales	Pichiomycetes		Ascomycota		67.9713	8.9773e-15	6/10000	True
GCA_031081905.1_ZIM2471	Debaryomycetaceae sp. ZIM 2471	1	GCA_031081755.1_CAB1570	Debaryomycetaceae sp. CAB 1570		Debaryomycetaceae	Serinales	Pichiomycetes		Ascomycota		94.8178	0	2025/10000	True
GCA_031081905.1_ZIM2471	Debaryomycetaceae sp. ZIM 2471	2	GCA_031081785.1_UD68_643	Debaryomycetaceae sp. UCDFST 68-643		Debaryomycetaceae	Serinales	Pichiomycetes		Ascomycota		77.8534	2.94171e-153	48/10000	True
GCA_031081905.1_ZIM2471	Debaryomycetaceae sp. ZIM 2471	3	GCA_031081845.1_UD68_768_1	Debaryomycetaceae sp. UCDFST 68-768.1		Debaryomycetaceae	Serinales	Pichiomycetes		Ascomycota		77.8534	3.08105e-153	48/10000	True
GCA_031081905.1_ZIM2471	Debaryomycetaceae sp. ZIM 2471	4	GCA_030583445.1_ASM3058344v1	Debaryomyces nepalensis	Debaryomyces	Debaryomycetaceae	Serinales	Pichiomycetes		Ascomycota		71.6498	3.28982e-35	13/10000	True
GCA_031081905.1_ZIM2471	Debaryomycetaceae sp. ZIM 2471	5	GCA_000239015.2_ASM23901v2	Debaryomyces hansenii	Debaryomyces	Debaryomycetaceae	Serinales	Pichiomycetes		Ascomycota		71.2691	3.28031e-32	12/10000	True
GCA_031081905.1_ZIM2471	Debaryomycetaceae sp. ZIM 2471	6	GCA_001682995.1_ASM168299v1	Debaryomyces hansenii	Debaryomyces	Debaryomycetaceae	Serinales	Pichiomycetes		Ascomycota		71.2691	3.5608e-32	12/10000	True
GCA_031081905.1_ZIM2471	Debaryomycetaceae sp. ZIM 2471	7	GCA_003708965.2_ASM370896v2	Debaryomyces subglobosus	Debaryomyces	Debaryomycetaceae	Serinales	Pichiomycetes		Ascomycota		71.2691	3.45859e-32	12/10000	True
GCA_031081905.1_ZIM2471	Debaryomycetaceae sp. ZIM 2471	8	GCA_023623415.1_ASM2362341v1	Candida tropicalis	Candida	Debaryomycetaceae	Serinales	Pichiomycetes		Ascomycota		71.2691	1.65817e-31	12/10000	True
GCA_031081905.1_ZIM2471	Debaryomycetaceae sp. ZIM 2471	9	GCA_023623695.1_ASM2362369v1	Candida tropicalis	Candida	Debaryomycetaceae	Serinales	Pichiomycetes		Ascomycota		71.2691	1.36885e-31	12/10000	True
GCA_031081905.1_ZIM2471	Debaryomycetaceae sp. ZIM 2471	10	GCA_025767625.1_ASM2576762v1	Candida tropicalis	Candida	Debaryomycetaceae	Serinales	Pichiomycetes		Ascomycota		71.2691	1.35208e-31	12/10000	True
GCA_057978275.1_Crustfungi11_Didyme	Didymellaceae sp. 537F	1	GCF_010093625.1_Macan1	Macroventuria anomochaeta	Macroventuria	Didymellaceae	Pleosporales	Dothideomycetes		Ascomycota		84.9367	0	216/10000	True
GCA_057978275.1_Crustfungi11_Didyme	Didymellaceae sp. 537F	2	GCA_935753355.1_ERR7747324_bin.10	uncultured Ascochyta		Didymellaceae	Pleosporales	Dothideomycetes		Ascomycota		83.9535	0	175/10000	True
GCA_057978275.1_Crustfungi11_Didyme	Didymellaceae sp. 537F	3	GCA_004835665.1_ASM483566v1	Phoma sp. XZ068	Phoma	Didymellaceae	Pleosporales	Dothideomycetes		Ascomycota		82.4494	0	127/10000	True
GCA_057978275.1_Crustfungi11_Didyme	Didymellaceae sp. 537F	4	GCA_039634435.1_ASM3963443v1	Ascochyta pisi	Ascochyta	Didymellaceae	Pleosporales	Dothideomycetes		Ascomycota		82.0636	0	117/10000	True
GCA_057978275.1_Crustfungi11_Didyme	Didymellaceae sp. 537F	5	GCA_026119825.1_ASM2611982v1	Ascochyta pisi	Ascochyta	Didymellaceae	Pleosporales	Dothideomycetes		Ascomycota		81.9413	0	114/10000	True
GCA_057978275.1_Crustfungi11_Didyme	Didymellaceae sp. 537F	6	GCA_024372665.1_FT15036	Ascochyta fabae	Ascochyta	Didymellaceae	Pleosporales	Dothideomycetes		Ascomycota		81.5539	1.77348e-310	105/10000	True
GCA_057978275.1_Crustfungi11_Didyme	Didymellaceae sp. 537F	7	GCA_024372685.1_206-15	Ascochyta fabae	Ascochyta	Didymellaceae	Pleosporales	Dothideomycetes		Ascomycota		81.5539	1.16042e-310	105/10000	True
GCA_057978275.1_Crustfungi11_Didyme	Didymellaceae sp. 537F	8	GCA_004335285.1_ASM433528v1	Ascochyta fabae	Ascochyta	Didymellaceae	Pleosporales	Dothideomycetes		Ascomycota		81.5088	3.62534e-313	104/10000	True
GCA_057978275.1_Crustfungi11_Didyme	Didymellaceae sp. 537F	9	GCA_004335155.2_ASM433515v2	Ascochyta viciae	Ascochyta	Didymellaceae	Pleosporales	Dothideomycetes		Ascomycota		81.4633	1.62271e-303	103/10000	True
GCA_057978275.1_Crustfungi11_Didyme	Didymellaceae sp. 537F	10	GCA_004011705.1_Alentis_Al4	Ascochyta lentis	Ascochyta	Didymellaceae	Pleosporales	Dothideomycetes		Ascomycota		81.4173	1.90735e-303	102/10000	True
GCA_032595095.1_ASM3259509v1	Didymellaceae sp. YAFEF048	1	GCA_015266435.1_ASM1526643v1	Epicoccum latusicollum	Epicoccum	Didymellaceae	Pleosporales	Dothideomycetes		Ascomycota		80.4447	1.6834e-244	83/10000	True
GCA_032595095.1_ASM3259509v1	Didymellaceae sp. YAFEF048	2	GCA_033444525.1_ASM3344452v1	Phoma sp. YAFEF320	Phoma	Didymellaceae	Pleosporales	Dothideomycetes		Ascomycota		80.3874	1.07455e-241	82/10000	True
GCA_032595095.1_ASM3259509v1	Didymellaceae sp. YAFEF048	3	GCA_057978465.1_Crustfungi9_Epicoc	Epicoccum sp. 537A	Epicoccum	Didymellaceae	Pleosporales	Dothideomycetes		Ascomycota		80.3874	1.97135e-241	82/10000	True
GCA_032595095.1_ASM3259509v1	Didymellaceae sp. YAFEF048	4	GCA_020272525.1_ASM2027252v1	Epicoccum sorghinum	Epicoccum	Didymellaceae	Pleosporales	Dothideomycetes		Ascomycota		80.3295	4.98913e-238	81/10000	True
GCA_032595095.1_ASM3259509v1	Didymellaceae sp. YAFEF048	5	GCA_040893085.1_ASM4089308v1	Epicoccum sorghinum	Epicoccum	Didymellaceae	Pleosporales	Dothideomycetes		Ascomycota		80.3295	3.20939e-238	81/10000	True
GCA_032595095.1_ASM3259509v1	Didymellaceae sp. YAFEF048	6	GCA_001879705.1_ASM187970v1	Epicoccum sorghinum	Epicoccum	Didymellaceae	Pleosporales	Dothideomycetes		Ascomycota		80.2708	1.5366e-234	80/10000	True
GCA_032595095.1_ASM3259509v1	Didymellaceae sp. YAFEF048	7	GCA_011058905.1_ASM1105890v1	Curvularia kusanoi	Curvularia	Pleosporaceae	Pleosporales	Dothideomycetes		Ascomycota		80.1512	6.72403e-228	78/10000	True
GCA_032595095.1_ASM3259509v1	Didymellaceae sp. YAFEF048	8	GCA_982397385.1_T58-F	Macroventuria anomochaeta	Macroventuria	Didymellaceae	Pleosporales	Dothideomycetes		Ascomycota		80.1512	2.11036e-228	78/10000	True
GCA_032595095.1_ASM3259509v1	Didymellaceae sp. YAFEF048	9	GCA_025677925.1_ASM2567792v1	Epicoccum latusicollum	Epicoccum	Didymellaceae	Pleosporales	Dothideomycetes		Ascomycota		80.0902	1.31256e-224	77/10000	True
GCA_032595095.1_ASM3259509v1	Didymellaceae sp. YAFEF048	10	GCA_040113005.1_ASM4011300v1	Epicoccum sorghinum	Epicoccum	Didymellaceae	Pleosporales	Dothideomycetes		Ascomycota		80.0902	1.42643e-225	77/10000	True
GCA_964255855.1_public_SRR14722213_metabat2_bin.1	Dothideomycetes sp.	1	GCA_049996175.1_ASM4999617v1	Mycosphaerellales sp. BF15			Mycosphaerellales	Dothideomycetes		Ascomycota		71.6498	4.67427e-30	13/10000	True
GCA_964255855.1_public_SRR14722213_metabat2_bin.1	Dothideomycetes sp.	2	GCA_035135055.1_ASM3513505v1	Oleoguttula mirabilis	Oleoguttula	Teratosphaeriaceae	Mycosphaerellales	Dothideomycetes		Ascomycota		69.3402	1.56506e-17	8/10000	True
GCA_964255855.1_public_SRR14722213_metabat2_bin.1	Dothideomycetes sp.	3	GCA_036872655.1_ASM3687265v1	Meristemomyces frigidus	Meristemomyces	Teratosphaeriaceae	Mycosphaerellales	Dothideomycetes		Ascomycota		69.3402	1.55029e-17	8/10000	True
GCA_964255855.1_public_SRR14722213_metabat2_bin.1	Dothideomycetes sp.	4	GCA_023621355.1_ASM2362135v1	Cladosporium sphaerospermum	Cladosporium	Cladosporiaceae	Cladosporiales	Dothideomycetes		Ascomycota		68.7048	3.72442e-15	7/10000	True
GCA_964255855.1_public_SRR14722213_metabat2_bin.1	Dothideomycetes sp.	5	GCA_052576325.1_ASM5257632v1	Cladosporium allicinum	Cladosporium	Cladosporiaceae	Cladosporiales	Dothideomycetes		Ascomycota		68.7048	5.03051e-15	7/10000	True
GCA_964255855.1_public_SRR14722213_metabat2_bin.1	Dothideomycetes sp.	6	GCA_000261425.2_UM843Vel2.0	Cladosporium sphaerospermum	Cladosporium	Cladosporiaceae	Cladosporiales	Dothideomycetes		Ascomycota		67.9713	7.93939e-13	6/10000	True
GCA_964255855.1_public_SRR14722213_metabat2_bin.1	Dothideomycetes sp.	7	GCA_018703675.1_ASM1870367v1	Cladosporium sp. SW67	Cladosporium	Cladosporiaceae	Cladosporiales	Dothideomycetes		Ascomycota		67.9713	7.51618e-13	6/10000	True
GCA_964255855.1_public_SRR14722213_metabat2_bin.1	Dothideomycetes sp.	8	GCA_019924415.1_ASM1992441v1	Aureobasidium melanogenum	Aureobasidium	Saccotheciaceae	Dothideales	Dothideomycetes		Ascomycota		67.9713	6.76677e-13	6/10000	True
GCA_964255855.1_public_SRR14722213_metabat2_bin.1	Dothideomycetes sp.	9	GCA_021014315.1_SQU_Amang_1.1	Aureobasidium mangrovei	Aureobasidium	Saccotheciaceae	Dothideales	Dothideomycetes		Ascomycota		67.9713	5.58385e-13	6/10000	True
GCA_964255855.1_public_SRR14722213_metabat2_bin.1	Dothideomycetes sp.	10	GCA_022575945.1_ASM2257594v1	Aureobasidium sp. TD-062	Aureobasidium	Saccotheciaceae	Dothideales	Dothideomycetes		Ascomycota		67.9713	5.13306e-13	6/10000	True
GCA_051311975.2_ASM5131197v2	Dothideomycetes sp. EMM_F3	1	GCA_054600455.1_NU459_1.0	Dothideomycetes sp. NU459				Dothideomycetes		Ascomycota		72.6371	5.28894e-39	16/10000	True
GCA_051311975.2_ASM5131197v2	Dothideomycetes sp. EMM_F3	2	GCA_017580825.2_ASM1758082v2	Aureobasidium zeae	Aureobasidium	Saccotheciaceae	Dothideales	Dothideomycetes		Ascomycota		72.3303	2.32608e-36	15/10000	True
GCA_051311975.2_ASM5131197v2	Dothideomycetes sp. EMM_F3	3	GCA_019677095.1_ASM1967709v1	Aureobasidium sp. SLJ-2021a	Aureobasidium	Saccotheciaceae	Dothideales	Dothideomycetes		Ascomycota		72.3303	4.02328e-36	15/10000	True
GCA_051311975.2_ASM5131197v2	Dothideomycetes sp. EMM_F3	4	GCA_019925495.1_ASM1992549v1	Ophiostoma fasciatum	Ophiostoma	Ophiostomataceae	Ophiostomatales	Sordariomycetes		Ascomycota		72.3303	1.63713e-36	15/10000	True
GCA_051311975.2_ASM5131197v2	Dothideomycetes sp. EMM_F3	5	GCA_026538705.1_ASM2653870v1	Aureobasidium sp. GC_Fusr_1	Aureobasidium	Saccotheciaceae	Dothideales	Dothideomycetes		Ascomycota		72.3303	4.62209e-36	15/10000	True
GCA_051311975.2_ASM5131197v2	Dothideomycetes sp. EMM_F3	6	GCA_019925035.1_ASM1992503v1	Aureobasidium melanogenum	Aureobasidium	Saccotheciaceae	Dothideales	Dothideomycetes		Ascomycota		72.0022	2.07349e-33	14/10000	True
GCA_051311975.2_ASM5131197v2	Dothideomycetes sp. EMM_F3	7	GCA_021014315.1_SQU_Amang_1.1	Aureobasidium mangrovei	Aureobasidium	Saccotheciaceae	Dothideales	Dothideomycetes		Ascomycota		72.0022	1.37077e-33	14/10000	True
GCA_051311975.2_ASM5131197v2	Dothideomycetes sp. EMM_F3	8	GCA_022575945.1_ASM2257594v1	Aureobasidium sp. TD-062	Aureobasidium	Saccotheciaceae	Dothideales	Dothideomycetes		Ascomycota		72.0022	1.12621e-33	14/10000	True
GCA_051311975.2_ASM5131197v2	Dothideomycetes sp. EMM_F3	9	GCA_029299085.1_OphIps_1.0	Ophiostoma ips	Ophiostoma	Ophiostomataceae	Ophiostomatales	Sordariomycetes		Ascomycota		72.0022	1.60081e-33	14/10000	True
GCA_051311975.2_ASM5131197v2	Dothideomycetes sp. EMM_F3	10	GCA_048593495.1_ASM4859349v1	Aureobasidium zeae	Aureobasidium	Saccotheciaceae	Dothideales	Dothideomycetes		Ascomycota		72.0022	1.17156e-33	14/10000	True
GCA_054600495.1_NU197_1.0	Dothideomycetes sp. NU197	1	GCA_963674455.1_LECACI7	Lecanosticta acicola	Lecanosticta	Mycosphaerellaceae	Mycosphaerellales	Dothideomycetes		Ascomycota		77.4410	4.13472e-118	44/10000	True
GCA_054600495.1_NU197_1.0	Dothideomycetes sp. NU197	2	GCA_002441625.1_B3_v1	Lecanosticta acicola	Lecanosticta	Mycosphaerellaceae	Mycosphaerellales	Dothideomycetes		Ascomycota		77.1061	3.83061e-107	41/10000	True
GCA_054600495.1_NU197_1.0	Dothideomycetes sp. NU197	3	GCA_000504345.2_ASM50434v2	Lecanosticta acicola	Lecanosticta	Mycosphaerellaceae	Mycosphaerellales	Dothideomycetes		Ascomycota		76.6192	1.47692e-97	37/10000	True
GCA_054600495.1_NU197_1.0	Dothideomycetes sp. NU197	4	GCA_054600615.1_NU332_1.0	Dothideomycetes sp. NU332				Dothideomycetes		Ascomycota		75.9302	6.95438e-82	32/10000	True
GCA_054600495.1_NU197_1.0	Dothideomycetes sp. NU197	5	GCA_002786045.1_ASM278604v1	Zasmidium angulare	Zasmidium	Mycosphaerellaceae	Mycosphaerellales	Dothideomycetes		Ascomycota		72.9253	9.46403e-39	17/10000	True
GCA_054600495.1_NU197_1.0	Dothideomycetes sp. NU197	6	GCF_010093935.1_Zasce1	Zasmidium cellare	Zasmidium	Mycosphaerellaceae	Mycosphaerellales	Dothideomycetes		Ascomycota		72.6371	4.11659e-36	16/10000	True
GCA_054600495.1_NU197_1.0	Dothideomycetes sp. NU197	7	GCA_035040045.1_WUR_ZasSy_1	Zasmidium cellare	Zasmidium	Mycosphaerellaceae	Mycosphaerellales	Dothideomycetes		Ascomycota		72.3303	3.36834e-33	15/10000	True
GCA_054600495.1_NU197_1.0	Dothideomycetes sp. NU197	8	GCA_060355315.1_ASM6035531v1	Septoria astericola	Septoria	Mycosphaerellaceae	Mycosphaerellales	Dothideomycetes		Ascomycota		71.6498	2.93221e-29	13/10000	True
GCA_054600495.1_NU197_1.0	Dothideomycetes sp. NU197	9	GCA_024760975.1_ASM2476097v1	Hortaea werneckii	Hortaea	Teratosphaeriaceae	Mycosphaerellales	Dothideomycetes		Ascomycota		71.2691	6.02666e-27	12/10000	True
GCA_054600495.1_NU197_1.0	Dothideomycetes sp. NU197	10	GCA_024761655.1_ASM2476165v1	Hortaea werneckii	Hortaea	Teratosphaeriaceae	Mycosphaerellales	Dothideomycetes		Ascomycota		71.2691	5.66053e-27	12/10000	True
GCA_027943355.1_NU200_1.0	Dothideomycetes sp. NU200	1	GCA_030412615.1_ASM3041261v1	Neodothiora pruni	Neodothiora	Dothioraceae	Dothideales	Dothideomycetes		Ascomycota		99.0770	0	7004/10000	True
GCA_027943355.1_NU200_1.0	Dothideomycetes sp. NU200	2	GCA_019925085.1_ASM1992508v1	Aureobasidium melanogenum	Aureobasidium	Saccotheciaceae	Dothideales	Dothideomycetes		Ascomycota		76.6192	1.78026e-99	37/10000	True
GCA_027943355.1_NU200_1.0	Dothideomycetes sp. NU200	3	GCA_051912055.1_ASM5191205v1	Aureobasidium pullulans	Aureobasidium	Saccotheciaceae	Dothideales	Dothideomycetes		Ascomycota		76.3555	4.10959e-93	35/10000	True
GCA_027943355.1_NU200_1.0	Dothideomycetes sp. NU200	4	GCA_037042735.1_ASM3704273v1	Aureobasidium sp. Y128-05A	Aureobasidium	Saccotheciaceae	Dothideales	Dothideomycetes		Ascomycota		76.2180	7.09323e-91	34/10000	True
GCA_027943355.1_NU200_1.0	Dothideomycetes sp. NU200	5	GCA_003574545.1_ASM357454v1	Aureobasidium pullulans	Aureobasidium	Saccotheciaceae	Dothideales	Dothideomycetes		Ascomycota		76.0763	6.17705e-87	33/10000	True
GCA_027943355.1_NU200_1.0	Dothideomycetes sp. NU200	6	GCA_014595575.1_ASM1459557v1	Aureobasidium melanogenum	Aureobasidium	Saccotheciaceae	Dothideales	Dothideomycetes		Ascomycota		75.6239	1.04013e-78	30/10000	True
GCA_027943355.1_NU200_1.0	Dothideomycetes sp. NU200	7	GCA_025604605.1_ASM2560460v1	Aureobasidium melanogenum	Aureobasidium	Saccotheciaceae	Dothideales	Dothideomycetes		Ascomycota		75.6239	1.03797e-78	30/10000	True
GCA_027943355.1_NU200_1.0	Dothideomycetes sp. NU200	8	GCA_037040395.1_ASM3704039v1	Aureobasidium sp. M94-06E	Aureobasidium	Saccotheciaceae	Dothideales	Dothideomycetes		Ascomycota		75.6239	9.03751e-79	30/10000	True
GCA_027943355.1_NU200_1.0	Dothideomycetes sp. NU200	9	GCA_059623515.1_ASM5962351v1	Aureobasidium melanogenum	Aureobasidium	Saccotheciaceae	Dothideales	Dothideomycetes		Ascomycota		75.6239	6.36999e-78	30/10000	True
GCA_027943355.1_NU200_1.0	Dothideomycetes sp. NU200	10	GCA_055774015.1_ASM5577401v1	Sphaerulina musiva	Sphaerulina	Mycosphaerellaceae	Mycosphaerellales	Dothideomycetes		Ascomycota		75.4629	9.61007e-76	29/10000	True
GCA_026013035.2_NU30_1.0	Dothideomycetes sp. NU30	1	GCA_004917485.1_ASM491748v1	Aureobasidium pullulans	Aureobasidium	Saccotheciaceae	Dothideales	Dothideomycetes		Ascomycota		76.2180	4.73425e-91	34/10000	True
GCA_026013035.2_NU30_1.0	Dothideomycetes sp. NU30	2	GCA_004918535.1_ASM491853v1	Aureobasidium pullulans	Aureobasidium	Saccotheciaceae	Dothideales	Dothideomycetes		Ascomycota		76.2180	3.79641e-93	34/10000	True
GCA_026013035.2_NU30_1.0	Dothideomycetes sp. NU30	3	GCA_903853725.1_AWRI4620	Aureobasidium uvarum	Aureobasidium	Saccotheciaceae	Dothideales	Dothideomycetes		Ascomycota		76.2180	1.31415e-91	34/10000	True
GCA_026013035.2_NU30_1.0	Dothideomycetes sp. NU30	4	GCA_004917115.1_ASM491711v1	Aureobasidium pullulans	Aureobasidium	Saccotheciaceae	Dothideales	Dothideomycetes		Ascomycota		76.0763	1.39951e-90	33/10000	True
GCA_026013035.2_NU30_1.0	Dothideomycetes sp. NU30	5	GCA_004917145.1_ASM491714v1	Aureobasidium pullulans	Aureobasidium	Saccotheciaceae	Dothideales	Dothideomycetes		Ascomycota		76.0763	8.88346e-88	33/10000	True
GCA_026013035.2_NU30_1.0	Dothideomycetes sp. NU30	6	GCA_004917335.1_ASM491733v1	Aureobasidium pullulans	Aureobasidium	Saccotheciaceae	Dothideales	Dothideomycetes		Ascomycota		76.0763	6.58686e-88	33/10000	True
GCA_026013035.2_NU30_1.0	Dothideomycetes sp. NU30	7	GCA_004917665.1_ASM491766v1	Aureobasidium pullulans	Aureobasidium	Saccotheciaceae	Dothideales	Dothideomycetes		Ascomycota		76.0763	5.62651e-88	33/10000	True
GCA_026013035.2_NU30_1.0	Dothideomycetes sp. NU30	8	GCA_004918115.1_ASM491811v1	Aureobasidium pullulans	Aureobasidium	Saccotheciaceae	Dothideales	Dothideomycetes		Ascomycota		76.0763	5.43865e-88	33/10000	True
GCA_026013035.2_NU30_1.0	Dothideomycetes sp. NU30	9	GCA_004918165.1_ASM491816v1	Aureobasidium pullulans	Aureobasidium	Saccotheciaceae	Dothideales	Dothideomycetes		Ascomycota		76.0763	6.47522e-88	33/10000	True
GCA_026013035.2_NU30_1.0	Dothideomycetes sp. NU30	10	GCA_004918195.1_ASM491819v1	Aureobasidium pullulans	Aureobasidium	Saccotheciaceae	Dothideales	Dothideomycetes		Ascomycota		76.0763	9.11781e-88	33/10000	True
GCA_054600615.1_NU332_1.0	Dothideomycetes sp. NU332	1	GCA_054600495.1_NU197_1.0	Dothideomycetes sp. NU197				Dothideomycetes		Ascomycota		75.9302	6.95438e-82	32/10000	True
GCA_054600615.1_NU332_1.0	Dothideomycetes sp. NU332	2	GCA_002441625.1_B3_v1	Lecanosticta acicola	Lecanosticta	Mycosphaerellaceae	Mycosphaerellales	Dothideomycetes		Ascomycota		75.4629	5.64402e-73	29/10000	True
GCA_054600615.1_NU332_1.0	Dothideomycetes sp. NU332	3	GCA_963674455.1_LECACI7	Lecanosticta acicola	Lecanosticta	Mycosphaerellaceae	Mycosphaerellales	Dothideomycetes		Ascomycota		75.4629	3.93913e-74	29/10000	True
GCA_054600615.1_NU332_1.0	Dothideomycetes sp. NU332	4	GCA_000504345.2_ASM50434v2	Lecanosticta acicola	Lecanosticta	Mycosphaerellaceae	Mycosphaerellales	Dothideomycetes		Ascomycota		75.1236	8.39788e-69	27/10000	True
GCA_054600615.1_NU332_1.0	Dothideomycetes sp. NU332	5	GCA_052324325.1_ASM5232432v1	Zasmidium fructicola	Zasmidium	Mycosphaerellaceae	Mycosphaerellales	Dothideomycetes		Ascomycota		73.1970	2.41952e-42	18/10000	True
GCA_054600615.1_NU332_1.0	Dothideomycetes sp. NU332	6	GCA_002786025.1_ASM278602v1	Zasmidium citrigriseum	Zasmidium	Mycosphaerellaceae	Mycosphaerellales	Dothideomycetes		Ascomycota		72.9253	7.67406e-39	17/10000	True
GCA_054600615.1_NU332_1.0	Dothideomycetes sp. NU332	7	GCA_035040045.1_WUR_ZasSy_1	Zasmidium cellare	Zasmidium	Mycosphaerellaceae	Mycosphaerellales	Dothideomycetes		Ascomycota		72.6371	2.18648e-36	16/10000	True
GCA_054600615.1_NU332_1.0	Dothideomycetes sp. NU332	8	GCF_010093935.1_Zasce1	Zasmidium cellare	Zasmidium	Mycosphaerellaceae	Mycosphaerellales	Dothideomycetes		Ascomycota		72.6371	1.03994e-36	16/10000	True
GCA_054600615.1_NU332_1.0	Dothideomycetes sp. NU332	9	GCA_041721165.1_ASM4172116v1	Cladosporium subtilissimum	Cladosporium	Cladosporiaceae	Cladosporiales	Dothideomycetes		Ascomycota		72.3303	2.16554e-35	15/10000	True
GCA_054600615.1_NU332_1.0	Dothideomycetes sp. NU332	10	GCA_002786045.1_ASM278604v1	Zasmidium angulare	Zasmidium	Mycosphaerellaceae	Mycosphaerellales	Dothideomycetes		Ascomycota		71.2691	2.0005e-26	12/10000	True
GCA_054600575.1_NU457_1.0	Dothideomycetes sp. NU457	1	GCA_004917595.1_ASM491759v1	Aureobasidium pullulans	Aureobasidium	Saccotheciaceae	Dothideales	Dothideomycetes		Ascomycota		72.0022	4.69956e-34	14/10000	True
GCA_054600575.1_NU457_1.0	Dothideomycetes sp. NU457	2	GCA_004917745.1_ASM491774v1	Aureobasidium pullulans	Aureobasidium	Saccotheciaceae	Dothideales	Dothideomycetes		Ascomycota		72.0022	4.66216e-34	14/10000	True
GCA_054600575.1_NU457_1.0	Dothideomycetes sp. NU457	3	GCA_004917795.1_ASM491779v1	Aureobasidium pullulans	Aureobasidium	Saccotheciaceae	Dothideales	Dothideomycetes		Ascomycota		72.0022	5.08785e-34	14/10000	True
GCA_054600575.1_NU457_1.0	Dothideomycetes sp. NU457	4	GCA_004918215.1_ASM491821v1	Aureobasidium pullulans	Aureobasidium	Saccotheciaceae	Dothideales	Dothideomycetes		Ascomycota		72.0022	4.47076e-34	14/10000	True
GCA_054600575.1_NU457_1.0	Dothideomycetes sp. NU457	5	GCA_004761955.1_ASM476195v1	Elsinoe australis	Elsinoe	Elsinoaceae	Myriangiales	Dothideomycetes		Ascomycota		71.6498	2.33869e-31	13/10000	True
GCA_054600575.1_NU457_1.0	Dothideomycetes sp. NU457	6	GCA_004761985.1_ASM476198v1	Elsinoe australis	Elsinoe	Elsinoaceae	Myriangiales	Dothideomycetes		Ascomycota		71.6498	2.32444e-31	13/10000	True
GCA_054600575.1_NU457_1.0	Dothideomycetes sp. NU457	7	GCA_004917115.1_ASM491711v1	Aureobasidium pullulans	Aureobasidium	Saccotheciaceae	Dothideales	Dothideomycetes		Ascomycota		71.6498	4.15731e-32	13/10000	True
GCA_054600575.1_NU457_1.0	Dothideomycetes sp. NU457	8	GCA_004917415.1_ASM491741v1	Aureobasidium pullulans	Aureobasidium	Saccotheciaceae	Dothideales	Dothideomycetes		Ascomycota		71.6498	2.99029e-31	13/10000	True
GCA_054600575.1_NU457_1.0	Dothideomycetes sp. NU457	9	GCA_004917425.1_ASM491742v1	Aureobasidium pullulans	Aureobasidium	Saccotheciaceae	Dothideales	Dothideomycetes		Ascomycota		71.6498	3.03136e-31	13/10000	True
GCA_054600575.1_NU457_1.0	Dothideomycetes sp. NU457	10	GCA_004917505.1_ASM491750v1	Aureobasidium pullulans	Aureobasidium	Saccotheciaceae	Dothideales	Dothideomycetes		Ascomycota		71.6498	3.31883e-31	13/10000	True
GCA_054600455.1_NU459_1.0	Dothideomycetes sp. NU459	1	GCA_055774095.1_ASM5577409v1	Sphaerulina musiva	Sphaerulina	Mycosphaerellaceae	Mycosphaerellales	Dothideomycetes		Ascomycota		76.7457	1.92248e-105	38/10000	True
GCA_054600455.1_NU459_1.0	Dothideomycetes sp. NU459	2	GCA_055774135.1_ASM5577413v1	Sphaerulina musiva	Sphaerulina	Mycosphaerellaceae	Mycosphaerellales	Dothideomycetes		Ascomycota		76.6192	1.302e-96	37/10000	True
GCA_054600455.1_NU459_1.0	Dothideomycetes sp. NU459	3	GCA_055774055.1_ASM5577405v1	Sphaerulina musiva	Sphaerulina	Mycosphaerellaceae	Mycosphaerellales	Dothideomycetes		Ascomycota		76.4892	3.7946e-99	36/10000	True
GCA_054600455.1_NU459_1.0	Dothideomycetes sp. NU459	4	GCA_055774035.1_ASM5577403v1	Sphaerulina musiva	Sphaerulina	Mycosphaerellaceae	Mycosphaerellales	Dothideomycetes		Ascomycota		76.2180	1.59754e-91	34/10000	True
GCA_054600455.1_NU459_1.0	Dothideomycetes sp. NU459	5	GCA_055774115.1_ASM5577411v1	Sphaerulina musiva	Sphaerulina	Mycosphaerellaceae	Mycosphaerellales	Dothideomycetes		Ascomycota		75.6239	9.1131e-77	30/10000	True
GCA_054600455.1_NU459_1.0	Dothideomycetes sp. NU459	6	GCA_024244255.1_ASM2424425v1	Aureobasidium subglaciale	Aureobasidium	Saccotheciaceae	Dothideales	Dothideomycetes		Ascomycota		73.6978	5.69634e-50	20/10000	True
GCA_054600455.1_NU459_1.0	Dothideomycetes sp. NU459	7	GCA_024244275.1_ASM2424427v1	Aureobasidium subglaciale	Aureobasidium	Saccotheciaceae	Dothideales	Dothideomycetes		Ascomycota		73.6978	6.86067e-50	20/10000	True
GCA_054600455.1_NU459_1.0	Dothideomycetes sp. NU459	8	GCA_024244225.1_ASM2424422v1	Aureobasidium subglaciale	Aureobasidium	Saccotheciaceae	Dothideales	Dothideomycetes		Ascomycota		73.4540	4.29788e-47	19/10000	True
GCA_054600455.1_NU459_1.0	Dothideomycetes sp. NU459	9	GCA_017580825.2_ASM1758082v2	Aureobasidium zeae	Aureobasidium	Saccotheciaceae	Dothideales	Dothideomycetes		Ascomycota		73.1970	1.08161e-44	18/10000	True
GCA_054600455.1_NU459_1.0	Dothideomycetes sp. NU459	10	GCA_021014315.1_SQU_Amang_1.1	Aureobasidium mangrovei	Aureobasidium	Saccotheciaceae	Dothideales	Dothideomycetes		Ascomycota		73.1970	1.17181e-44	18/10000	True
GCA_000836255.1_fungal_sp._No.11243_ver1.0	Dothideomycetidae sp. 11243	1	GCA_007556535.1_ASM755653v1	Elsinoe fawcettii	Elsinoe	Elsinoaceae	Myriangiales	Dothideomycetes		Ascomycota		70.4019	4.68507e-23	10/10000	True
GCA_000836255.1_fungal_sp._No.11243_ver1.0	Dothideomycetidae sp. 11243	2	GCA_007556565.1_ASM755656v1	Elsinoe fawcettii	Elsinoe	Elsinoaceae	Myriangiales	Dothideomycetes		Ascomycota		70.4019	5.63437e-23	10/10000	True
GCA_000836255.1_fungal_sp._No.11243_ver1.0	Dothideomycetidae sp. 11243	3	GCA_012977835.1_ASM1297783v1	Elsinoe fawcettii	Elsinoe	Elsinoaceae	Myriangiales	Dothideomycetes		Ascomycota		70.4019	5.24218e-23	10/10000	True
GCA_000836255.1_fungal_sp._No.11243_ver1.0	Dothideomycetidae sp. 11243	4	GCA_013372555.1_ASM1337255v1	Elsinoe arachidis	Elsinoe	Elsinoaceae	Myriangiales	Dothideomycetes		Ascomycota		69.9006	5.0272e-20	9/10000	True
GCA_000836255.1_fungal_sp._No.11243_ver1.0	Dothideomycetidae sp. 11243	5	GCA_016625505.1_ASM1662550v1	Elsinoe fawcettii	Elsinoe	Elsinoaceae	Myriangiales	Dothideomycetes		Ascomycota		69.9006	2.06272e-20	9/10000	True
GCA_000836255.1_fungal_sp._No.11243_ver1.0	Dothideomycetidae sp. 11243	6	GCA_016625515.1_ASM1662551v1	Elsinoe fawcettii	Elsinoe	Elsinoaceae	Myriangiales	Dothideomycetes		Ascomycota		69.9006	1.86787e-20	9/10000	True
GCA_000836255.1_fungal_sp._No.11243_ver1.0	Dothideomycetidae sp. 11243	7	GCA_016625525.1_ASM1662552v1	Elsinoe fawcettii	Elsinoe	Elsinoaceae	Myriangiales	Dothideomycetes		Ascomycota		69.9006	1.87237e-20	9/10000	True
GCA_000836255.1_fungal_sp._No.11243_ver1.0	Dothideomycetidae sp. 11243	8	GCA_017309325.2_ASM1730932v2	Elsinoe batatas	Elsinoe	Elsinoaceae	Myriangiales	Dothideomycetes		Ascomycota		69.9006	2.13902e-20	9/10000	True
GCA_000836255.1_fungal_sp._No.11243_ver1.0	Dothideomycetidae sp. 11243	9	GCA_036172615.1_CuVerr	Curvularia verruculosa	Curvularia	Pleosporaceae	Pleosporales	Dothideomycetes		Ascomycota		69.3402	1.22982e-17	8/10000	True
GCA_000836255.1_fungal_sp._No.11243_ver1.0	Dothideomycetidae sp. 11243	10	GCA_005959805.1_ASM595980v1	Elsinoe ampelina	Elsinoe	Elsinoaceae	Myriangiales	Dothideomycetes		Ascomycota		68.7048	2.56789e-15	7/10000	True
GCA_986194475.1_ilChaFerr1.microsporidian_1.1	Enterocytozoonidae sp. gmOTU24 Ox000445	1	GCA_030563805.1_ASM3056380v1	Ruyongia namnaoensis	Ruyongia	Wickerhamomycetaceae	Phaffomycetales	Saccharomycetes		Ascomycota		64.6720	4.52753e-08	3/10000	True
GCA_986194475.1_ilChaFerr1.microsporidian_1.1	Enterocytozoonidae sp. gmOTU24 Ox000445	2	GCA_050947565.1_ASM5094756v1	Hanseniaspora valbyensis	Hanseniaspora	Saccharomycodaceae	Saccharomycodales	Saccharomycetes		Ascomycota		64.6720	3.83201e-08	3/10000	True
GCA_986194475.1_ilChaFerr1.microsporidian_1.1	Enterocytozoonidae sp. gmOTU24 Ox000445	3	GCA_985805835.1_idNeuQuad1.microsporidian_1.1	Enterocytozoonidae sp. gmOTU27 Ox002306		Enterocytozoonidae				Microsporidia		64.6720	1.66368e-09	3/10000	True
GCA_986194475.1_ilChaFerr1.microsporidian_1.1	Enterocytozoonidae sp. gmOTU24 Ox000445	4	GCA_002370135.1_ASM237013v1	Metschnikowia kipukae	Metschnikowia	Metschnikowiaceae	Serinales	Pichiomycetes		Ascomycota		62.7417	1.87534e-05	2/10000	True
GCA_986194475.1_ilChaFerr1.microsporidian_1.1	Enterocytozoonidae sp. gmOTU24 Ox000445	5	GCA_002374635.1_ASM237463v1	Metschnikowia sp. 04-218.3	Metschnikowia	Metschnikowiaceae	Serinales	Pichiomycetes		Ascomycota		62.7417	2.23738e-05	2/10000	True
GCA_986194475.1_ilChaFerr1.microsporidian_1.1	Enterocytozoonidae sp. gmOTU24 Ox000445	6	GCA_002894445.1_ASM289444v1	Metschnikowia sp. AWRI3582	Metschnikowia	Metschnikowiaceae	Serinales	Pichiomycetes		Ascomycota		62.7417	2.06262e-05	2/10000	True
GCA_986194475.1_ilChaFerr1.microsporidian_1.1	Enterocytozoonidae sp. gmOTU24 Ox000445	7	GCA_003339405.1_UCD_Pnorv_NO1	Pichia norvegensis	Pichia	Pichiaceae	Pichiales	Pichiomycetes		Ascomycota		62.7417	1.70941e-05	2/10000	True
GCA_986194475.1_ilChaFerr1.microsporidian_1.1	Enterocytozoonidae sp. gmOTU24 Ox000445	8	GCA_003671575.3_ASM367157v3	Zygotorulaspora florentina	Zygotorulaspora	Saccharomycetaceae	Saccharomycetales	Saccharomycetes		Ascomycota		62.7417	1.84981e-05	2/10000	True
GCA_986194475.1_ilChaFerr1.microsporidian_1.1	Enterocytozoonidae sp. gmOTU24 Ox000445	9	GCA_003706505.3_ASM370650v3	Suhomyces pyralidae	Suhomyces	Debaryomycetaceae	Serinales	Pichiomycetes		Ascomycota		62.7417	1.96216e-05	2/10000	True
GCA_986194475.1_ilChaFerr1.microsporidian_1.1	Enterocytozoonidae sp. gmOTU24 Ox000445	10	GCA_003707205.3_ASM370720v3	Kregervanrija delftensis	Kregervanrija	Pichiaceae	Pichiales	Pichiomycetes		Ascomycota		62.7417	1.94091e-05	2/10000	True
GCA_985568305.1_iyOphElle1.microsporidian_1.1	Enterocytozoonidae sp. gmOTU25 NHMUK014425822	1	GCA_002549865.1_AtyMaFurf	Malassezia furfur	Malassezia	Malasseziaceae	Malasseziales	Malasseziomycetes		Basidiomycota		66.0414	1.76289e-11	4/10000	True
GCA_985568305.1_iyOphElle1.microsporidian_1.1	Enterocytozoonidae sp. gmOTU25 NHMUK014425822	2	GCA_023079105.1_ASM2307910v1	Malassezia furfur	Malassezia	Malasseziaceae	Malasseziales	Malasseziomycetes		Basidiomycota		66.0414	1.86081e-11	4/10000	True
GCA_985568305.1_iyOphElle1.microsporidian_1.1	Enterocytozoonidae sp. gmOTU25 NHMUK014425822	3	GCA_023510055.1_ASM2351005v1	Malassezia furfur	Malassezia	Malasseziaceae	Malasseziales	Malasseziomycetes		Basidiomycota		66.0414	1.80841e-11	4/10000	True
GCA_985568305.1_iyOphElle1.microsporidian_1.1	Enterocytozoonidae sp. gmOTU25 NHMUK014425822	4	GCA_001600635.1_JCM_10699_assembly_v001	Leucosporidium creatinivorum	Leucosporidium	Leucosporidiaceae	Leucosporidiales	Microbotryomycetes		Basidiomycota		64.6720	2.82819e-08	3/10000	True
GCA_985568305.1_iyOphElle1.microsporidian_1.1	Enterocytozoonidae sp. gmOTU25 NHMUK014425822	5	GCA_009938135.1_ASM993813v1	Malassezia furfur	Malassezia	Malasseziaceae	Malasseziales	Malasseziomycetes		Basidiomycota		64.6720	1.6132e-08	3/10000	True
GCA_985568305.1_iyOphElle1.microsporidian_1.1	Enterocytozoonidae sp. gmOTU25 NHMUK014425822	6	GCA_019207455.1_ASM1920745v1	Ogataea angusta	Ogataea	Pichiaceae	Pichiales	Pichiomycetes		Ascomycota		64.6720	1.69027e-08	3/10000	True
GCA_985568305.1_iyOphElle1.microsporidian_1.1	Enterocytozoonidae sp. gmOTU25 NHMUK014425822	7	GCA_019207505.1_ASM1920750v1	Ogataea angusta	Ogataea	Pichiaceae	Pichiales	Pichiomycetes		Ascomycota		64.6720	1.68684e-08	3/10000	True
GCA_985568305.1_iyOphElle1.microsporidian_1.1	Enterocytozoonidae sp. gmOTU25 NHMUK014425822	8	GCA_019207515.1_ASM1920751v1	Ogataea angusta	Ogataea	Pichiaceae	Pichiales	Pichiomycetes		Ascomycota		64.6720	1.68792e-08	3/10000	True
GCA_985568305.1_iyOphElle1.microsporidian_1.1	Enterocytozoonidae sp. gmOTU25 NHMUK014425822	9	GCA_019207525.1_ASM1920752v1	Ogataea angusta	Ogataea	Pichiaceae	Pichiales	Pichiomycetes		Ascomycota		64.6720	1.68847e-08	3/10000	True
GCA_985568305.1_iyOphElle1.microsporidian_1.1	Enterocytozoonidae sp. gmOTU25 NHMUK014425822	10	GCA_019207555.1_ASM1920755v1	Ogataea angusta	Ogataea	Pichiaceae	Pichiales	Pichiomycetes		Ascomycota		64.6720	1.68956e-08	3/10000	True
GCA_985568325.1_ihTemGrac1.microsporidian_1.1_alternate_haplotype	Enterocytozoonidae sp. gmOTU26 Ox002348	1	GCA_056153265.1_UG_MB_1.1	Microsporidia sp. MB						Microsporidia		67.1035	3.53262e-13	5/10000	True
GCA_985568325.1_ihTemGrac1.microsporidian_1.1_alternate_haplotype	Enterocytozoonidae sp. gmOTU26 Ox002348	2	GCA_049634765.1_KEMRI_ICIPE_Tes0708gam	Microsporidia sp. MB						Microsporidia		64.6720	5.64403e-08	3/10000	True
GCA_985568325.1_ihTemGrac1.microsporidian_1.1_alternate_haplotype	Enterocytozoonidae sp. gmOTU26 Ox002348	3	GCA_985568305.1_iyOphElle1.microsporidian_1.1	Enterocytozoonidae sp. gmOTU25 NHMUK014425822		Enterocytozoonidae				Microsporidia		64.6720	1.27732e-08	3/10000	True
GCA_985568325.1_ihTemGrac1.microsporidian_1.1_alternate_haplotype	Enterocytozoonidae sp. gmOTU26 Ox002348	4	GCA_985805835.1_idNeuQuad1.microsporidian_1.1	Enterocytozoonidae sp. gmOTU27 Ox002306		Enterocytozoonidae				Microsporidia		64.6720	2.39486e-09	3/10000	True
GCA_985568325.1_ihTemGrac1.microsporidian_1.1_alternate_haplotype	Enterocytozoonidae sp. gmOTU26 Ox002348	5	GCA_001005415.1_ASM100541v1	Starmerella apicola	Starmerella	Trichomonascaceae	Dipodascales	Dipodascomycetes		Ascomycota		62.7417	3.71943e-05	2/10000	True
GCA_985568325.1_ihTemGrac1.microsporidian_1.1_alternate_haplotype	Enterocytozoonidae sp. gmOTU26 Ox002348	6	GCA_001264815.1_ASM126481v1	Malassezia globosa	Malassezia	Malasseziaceae	Malasseziales	Malasseziomycetes		Basidiomycota		62.7417	3.44995e-05	2/10000	True
GCA_985568325.1_ihTemGrac1.microsporidian_1.1_alternate_haplotype	Enterocytozoonidae sp. gmOTU26 Ox002348	7	GCA_001950575.1_P_membrenifaciens-1.0	Pichia membranifaciens	Pichia	Pichiaceae	Pichiales	Pichiomycetes		Ascomycota		62.7417	4.13954e-05	2/10000	True
GCA_985568325.1_ihTemGrac1.microsporidian_1.1_alternate_haplotype	Enterocytozoonidae sp. gmOTU26 Ox002348	8	GCA_002068075.1_cb02	Yamadazyma aaseri	Yamadazyma	Debaryomycetaceae	Serinales	Pichiomycetes		Ascomycota		62.7417	3.92659e-05	2/10000	True
GCA_985568325.1_ihTemGrac1.microsporidian_1.1_alternate_haplotype	Enterocytozoonidae sp. gmOTU26 Ox002348	9	GCA_002118035.1_SsheATY839_1.0	Scheffersomyces shehatae	Scheffersomyces	Debaryomycetaceae	Serinales	Pichiomycetes		Ascomycota		62.7417	5.36653e-05	2/10000	True
GCA_985568325.1_ihTemGrac1.microsporidian_1.1_alternate_haplotype	Enterocytozoonidae sp. gmOTU26 Ox002348	10	GCA_002214935.1_ASM221493v1	Monosporozyma servazzii	Monosporozyma	Saccharomycetaceae	Saccharomycetales	Saccharomycetes		Ascomycota		62.7417	4.51926e-05	2/10000	True
GCA_985805835.1_idNeuQuad1.microsporidian_1.1	Enterocytozoonidae sp. gmOTU27 Ox002306	1	GCA_056153265.1_UG_MB_1.1	Microsporidia sp. MB						Microsporidia		64.6720	2.83603e-09	3/10000	True
GCA_985805835.1_idNeuQuad1.microsporidian_1.1	Enterocytozoonidae sp. gmOTU27 Ox002306	2	GCA_985568305.1_iyOphElle1.microsporidian_1.1	Enterocytozoonidae sp. gmOTU25 NHMUK014425822		Enterocytozoonidae				Microsporidia		64.6720	1.29094e-09	3/10000	True
GCA_985805835.1_idNeuQuad1.microsporidian_1.1	Enterocytozoonidae sp. gmOTU27 Ox002306	3	GCA_985568325.1_ihTemGrac1.microsporidian_1.1_alternate_haplotype	Enterocytozoonidae sp. gmOTU26 Ox002348		Enterocytozoonidae				Microsporidia		64.6720	2.39486e-09	3/10000	True
GCA_985805835.1_idNeuQuad1.microsporidian_1.1	Enterocytozoonidae sp. gmOTU27 Ox002306	4	GCA_986194475.1_ilChaFerr1.microsporidian_1.1	Enterocytozoonidae sp. gmOTU24 Ox000445		Enterocytozoonidae				Microsporidia		64.6720	1.66368e-09	3/10000	True
GCA_985805835.1_idNeuQuad1.microsporidian_1.1	Enterocytozoonidae sp. gmOTU27 Ox002306	5	GCA_000220195.1_ASM22019v1	Ophiognomonia clavigignenti-juglandacearum	Ophiognomonia	Gnomoniaceae	Diaporthales	Sordariomycetes		Ascomycota		62.7417	3.74978e-07	2/10000	True
GCA_985805835.1_idNeuQuad1.microsporidian_1.1	Enterocytozoonidae sp. gmOTU27 Ox002306	6	GCA_000931965.1_ASM93196v1	Rhodotorula mucilaginosa	Rhodotorula	Sporidiobolaceae	Sporidiobolales	Microbotryomycetes		Basidiomycota		62.7417	3.79151e-06	2/10000	True
GCA_985805835.1_idNeuQuad1.microsporidian_1.1	Enterocytozoonidae sp. gmOTU27 Ox002306	7	GCA_001456015.1_ASM145601v1	Rhodotorula toruloides	Rhodotorula	Sporidiobolaceae	Sporidiobolales	Microbotryomycetes		Basidiomycota		62.7417	3.98938e-06	2/10000	True
GCA_985805835.1_idNeuQuad1.microsporidian_1.1	Enterocytozoonidae sp. gmOTU27 Ox002306	8	GCA_001541205.1_Rhosp1	Rhodotorula sp. JG-1b	Rhodotorula	Sporidiobolaceae	Sporidiobolales	Microbotryomycetes		Basidiomycota		62.7417	3.78298e-06	2/10000	True
GCA_985805835.1_idNeuQuad1.microsporidian_1.1	Enterocytozoonidae sp. gmOTU27 Ox002306	9	GCA_001600795.1_JCM_11963_assembly_v001	Malassezia japonica	Malassezia	Malasseziaceae	Malasseziales	Malasseziomycetes		Basidiomycota		62.7417	3.22962e-06	2/10000	True
GCA_985805835.1_idNeuQuad1.microsporidian_1.1	Enterocytozoonidae sp. gmOTU27 Ox002306	10	GCA_001720245.2_ASM172024v2	Cryptococcus depauperatus	Cryptococcus	Cryptococcaceae	Tremellales	Tremellomycetes		Basidiomycota		62.7417	3.69637e-06	2/10000	True
GCA_023625935.1_ASM2362593v1	Eurotiales sp. R13A2	1	GCA_023625835.1_ASM2362583v1	Talaromyces sp. PB3601	Talaromyces	Trichocomaceae	Eurotiales	Eurotiomycetes		Ascomycota		99.4395	0	8001/10000	True
GCA_023625935.1_ASM2362593v1	Eurotiales sp. R13A2	2	GCA_023625855.1_ASM2362585v1	Eurotiales sp. R3503			Eurotiales	Eurotiomycetes		Ascomycota		99.4378	0	7996/10000	True
GCA_023625935.1_ASM2362593v1	Eurotiales sp. R13A2	3	GCA_982437875.1_ASM115	Talaromyces sp. ASM 115	Talaromyces	Trichocomaceae	Eurotiales	Eurotiomycetes		Ascomycota		83.4451	0	157/10000	True
GCA_023625935.1_ASM2362593v1	Eurotiales sp. R13A2	4	GCA_023721895.2_ASM2372189v2	Talaromyces albobiverticillius	Talaromyces	Trichocomaceae	Eurotiales	Eurotiomycetes		Ascomycota		78.4115	6.31839e-147	54/10000	True
GCA_023625935.1_ASM2362593v1	Eurotiales sp. R13A2	5	GCA_051820725.1_ASM5182072v1	Talaromyces sp. LRS-407	Talaromyces	Trichocomaceae	Eurotiales	Eurotiomycetes		Ascomycota		78.4115	3.63919e-147	54/10000	True
GCA_023625935.1_ASM2362593v1	Eurotiales sp. R13A2	6	GCA_046115495.1_ASM4611549v1	Talaromyces sp. DSF149	Talaromyces	Trichocomaceae	Eurotiales	Eurotiomycetes		Ascomycota		77.5475	1.65556e-120	45/10000	True
GCA_023625935.1_ASM2362593v1	Eurotiales sp. R13A2	7	GCA_011750695.1_ASM1175069v1	Penicillium sp. OUCMDZ-019	Penicillium	Aspergillaceae	Eurotiales	Eurotiomycetes		Ascomycota		76.7457	8.48383e-100	38/10000	True
GCA_023625935.1_ASM2362593v1	Eurotiales sp. R13A2	8	GCA_040669935.1_ASM4066993v1	Talaromyces sp. UPCC 4333	Talaromyces	Trichocomaceae	Eurotiales	Eurotiomycetes		Ascomycota		76.6192	9.19515e-97	37/10000	True
GCA_023625935.1_ASM2362593v1	Eurotiales sp. R13A2	9	GCA_051125915.1_assembly_CBS18551_v3	Talaromyces atroroseus	Talaromyces	Trichocomaceae	Eurotiales	Eurotiomycetes		Ascomycota		76.4892	5.51684e-94	36/10000	True
GCA_023625935.1_ASM2362593v1	Eurotiales sp. R13A2	10	GCF_001907595.1_ASM190759v1	Talaromyces atroroseus	Talaromyces	Trichocomaceae	Eurotiales	Eurotiomycetes		Ascomycota		76.4892	7.02604e-94	36/10000	True
GCA_023625855.1_ASM2362585v1	Eurotiales sp. R3503	1	GCA_023625835.1_ASM2362583v1	Talaromyces sp. PB3601	Talaromyces	Trichocomaceae	Eurotiales	Eurotiomycetes		Ascomycota		99.9789	0	9912/10000	True
GCA_023625855.1_ASM2362585v1	Eurotiales sp. R3503	2	GCA_023625935.1_ASM2362593v1	Eurotiales sp. R13A2			Eurotiales	Eurotiomycetes		Ascomycota		99.4378	0	7996/10000	True
GCA_023625855.1_ASM2362585v1	Eurotiales sp. R3503	3	GCA_982437875.1_ASM115	Talaromyces sp. ASM 115	Talaromyces	Trichocomaceae	Eurotiales	Eurotiomycetes		Ascomycota		83.5338	0	160/10000	True
GCA_023625855.1_ASM2362585v1	Eurotiales sp. R3503	4	GCA_023721895.2_ASM2372189v2	Talaromyces albobiverticillius	Talaromyces	Trichocomaceae	Eurotiales	Eurotiomycetes		Ascomycota		78.5837	2.87672e-153	56/10000	True
GCA_023625855.1_ASM2362585v1	Eurotiales sp. R3503	5	GCA_051820725.1_ASM5182072v1	Talaromyces sp. LRS-407	Talaromyces	Trichocomaceae	Eurotiales	Eurotiomycetes		Ascomycota		78.5837	1.62639e-153	56/10000	True
GCA_023625855.1_ASM2362585v1	Eurotiales sp. R3503	6	GCA_046115495.1_ASM4611549v1	Talaromyces sp. DSF149	Talaromyces	Trichocomaceae	Eurotiales	Eurotiomycetes		Ascomycota		77.6517	1.19907e-123	46/10000	True
GCA_023625855.1_ASM2362585v1	Eurotiales sp. R3503	7	GCA_011750695.1_ASM1175069v1	Penicillium sp. OUCMDZ-019	Penicillium	Aspergillaceae	Eurotiales	Eurotiomycetes		Ascomycota		76.6192	7.79196e-97	37/10000	True
GCA_023625855.1_ASM2362585v1	Eurotiales sp. R3503	8	GCA_040669935.1_ASM4066993v1	Talaromyces sp. UPCC 4333	Talaromyces	Trichocomaceae	Eurotiales	Eurotiomycetes		Ascomycota		76.3555	8.00062e-91	35/10000	True
GCA_023625855.1_ASM2362585v1	Eurotiales sp. R3503	9	GCA_051125915.1_assembly_CBS18551_v3	Talaromyces atroroseus	Talaromyces	Trichocomaceae	Eurotiales	Eurotiomycetes		Ascomycota		76.3555	4.89513e-91	35/10000	True
GCA_023625855.1_ASM2362585v1	Eurotiales sp. R3503	10	GCF_001907595.1_ASM190759v1	Talaromyces atroroseus	Talaromyces	Trichocomaceae	Eurotiales	Eurotiomycetes		Ascomycota		76.2180	5.88927e-88	34/10000	True
GCA_964255605.1_public_SRR14722135_concoct_merged.1	Eurotiomycetes sp.	1	GCA_022814105.1_ASM2281410v1	Ptychographa xylographoides	Ptychographa	Xylographaceae	Baeomycetales	Lecanoromycetes		Ascomycota		70.4019	9.83521e-23	10/10000	True
GCA_964255605.1_public_SRR14722135_concoct_merged.1	Eurotiomycetes sp.	2	GCA_964257075.1_private_T1868_concoct_bin.12	Ptychographa xylographoides	Ptychographa	Xylographaceae	Baeomycetales	Lecanoromycetes		Ascomycota		70.4019	7.0352e-23	10/10000	True
GCA_964255605.1_public_SRR14722135_concoct_merged.1	Eurotiomycetes sp.	3	GCA_022814355.1_ASM2281435v1	Acarospora aff. strigata	Acarospora	Acarosporaceae	Acarosporales	Lecanoromycetes		Ascomycota		69.9006	5.30553e-20	9/10000	True
GCA_964255605.1_public_SRR14722135_concoct_merged.1	Eurotiomycetes sp.	4	GCA_964256185.1_private_T1882_concoct_bin.24	Acarospora aff. strigata	Acarospora	Acarosporaceae	Acarosporales	Lecanoromycetes		Ascomycota		69.9006	2.42939e-20	9/10000	True
GCA_964255605.1_public_SRR14722135_concoct_merged.1	Eurotiomycetes sp.	5	GCA_002591385.1_Hirsu2	Cordyceps sp. RAO-2017	Cordyceps	Cordycipitaceae	Hypocreales	Sordariomycetes		Ascomycota		69.3402	2.32947e-17	8/10000	True
GCA_964255605.1_public_SRR14722135_concoct_merged.1	Eurotiomycetes sp.	6	GCA_017140155.1_ASM1714015v1	Fusarium devonianum	Fusarium	Nectriaceae	Hypocreales	Sordariomycetes		Ascomycota		69.3402	2.67061e-17	8/10000	True
GCA_964255605.1_public_SRR14722135_concoct_merged.1	Eurotiomycetes sp.	7	GCA_019827445.1_ASM1982744v1	Aspergillus tubingensis	Aspergillus	Aspergillaceae	Eurotiales	Eurotiomycetes		Ascomycota		69.3402	3.39818e-17	8/10000	True
GCA_964255605.1_public_SRR14722135_concoct_merged.1	Eurotiomycetes sp.	8	GCA_019925385.1_ASM1992538v1	Raffaelea deltoideospora	Raffaelea	Ophiostomataceae	Ophiostomatales	Sordariomycetes		Ascomycota		69.3402	2.21814e-17	8/10000	True
GCA_964255605.1_public_SRR14722135_concoct_merged.1	Eurotiomycetes sp.	9	GCA_033675085.1_ASM3367508v1	Recurvomyces mirabilis	Recurvomyces	Teratosphaeriaceae	Mycosphaerellales	Dothideomycetes		Ascomycota		69.3402	1.32627e-17	8/10000	True
GCA_964255605.1_public_SRR14722135_concoct_merged.1	Eurotiomycetes sp.	10	GCA_041260115.1_ASM4126011v1	Pewenomyces lalenivora	Pewenomyces	Coryneliaceae	Coryneliales	Eurotiomycetes		Ascomycota		69.3402	1.97604e-17	8/10000	True
GCA_002916945.1_ASM291694v1	Eurotiomycetes sp.	1	GCA_035927085.1_ASM3592708v1	Lithohypha guttulata	Lithohypha	Trichomeriaceae	Chaetothyriales	Eurotiomycetes		Ascomycota		95.0990	0	2175/10000	True
GCA_002916945.1_ASM291694v1	Eurotiomycetes sp.	2	GCA_035930045.1_ASM3593004v1	Exophiala xenobiotica	Exophiala	Herpotrichiellaceae	Chaetothyriales	Eurotiomycetes		Ascomycota		95.0954	0	2173/10000	True
GCA_002916945.1_ASM291694v1	Eurotiomycetes sp.	3	GCA_002917005.1_ASM291700v1	Eurotiomycetes sp.				Eurotiomycetes		Ascomycota		81.8579	0	112/10000	True
GCA_002916945.1_ASM291694v1	Eurotiomycetes sp.	4	GCA_002225475.1_ASM222547v1	Knufia petricola	Knufia	Trichomeriaceae	Chaetothyriales	Eurotiomycetes		Ascomycota		81.5088	2.01265e-317	104/10000	True
GCA_002916945.1_ASM291694v1	Eurotiomycetes sp.	5	GCA_002319055.1_ASM231905v1	Knufia petricola	Knufia	Trichomeriaceae	Chaetothyriales	Eurotiomycetes		Ascomycota		81.5088	2.28224e-317	104/10000	True
GCA_002916945.1_ASM291694v1	Eurotiomycetes sp.	6	GCA_057215485.1_KpA95_v1	Knufia petricola	Knufia	Trichomeriaceae	Chaetothyriales	Eurotiomycetes		Ascomycota		81.5088	5.56159e-317	104/10000	True
GCA_002916945.1_ASM291694v1	Eurotiomycetes sp.	7	GCA_022813615.2_Kobscura_JC1009	Knufia fluminis	Knufia	Trichomeriaceae	Chaetothyriales	Eurotiomycetes		Ascomycota		74.7580	1.54998e-61	25/10000	True
GCA_002916945.1_ASM291694v1	Eurotiomycetes sp.	8	GCF_036327395.1_ASM3632739v1	Knufia obscura	Knufia	Trichomeriaceae	Chaetothyriales	Eurotiomycetes		Ascomycota		74.3619	7.11765e-56	23/10000	True
GCA_002916945.1_ASM291694v1	Eurotiomycetes sp.	9	GCA_003503115.1_ASM350311v1	Parastagonospora avenae	Parastagonospora	Phaeosphaeriaceae	Pleosporales	Dothideomycetes		Ascomycota		73.9297	6.12941e-50	21/10000	True
GCA_002916945.1_ASM291694v1	Eurotiomycetes sp.	10	GCA_003502495.1_ASM350249v1	Parastagonospora avenae	Parastagonospora	Phaeosphaeriaceae	Pleosporales	Dothideomycetes		Ascomycota		73.6978	1.29672e-46	20/10000	True
GCA_002917005.1_ASM291700v1	Eurotiomycetes sp.	1	GCA_002319055.1_ASM231905v1	Knufia petricola	Knufia	Trichomeriaceae	Chaetothyriales	Eurotiomycetes		Ascomycota		94.7326	0	1982/10000	True
GCA_002917005.1_ASM291700v1	Eurotiomycetes sp.	2	GCA_057215485.1_KpA95_v1	Knufia petricola	Knufia	Trichomeriaceae	Chaetothyriales	Eurotiomycetes		Ascomycota		94.7306	0	1981/10000	True
GCA_002917005.1_ASM291700v1	Eurotiomycetes sp.	3	GCA_002225475.1_ASM222547v1	Knufia petricola	Knufia	Trichomeriaceae	Chaetothyriales	Eurotiomycetes		Ascomycota		94.7226	0	1977/10000	True
GCA_002917005.1_ASM291700v1	Eurotiomycetes sp.	4	GCA_035930045.1_ASM3593004v1	Exophiala xenobiotica	Exophiala	Herpotrichiellaceae	Chaetothyriales	Eurotiomycetes		Ascomycota		83.1682	0	148/10000	True
GCA_002917005.1_ASM291700v1	Eurotiomycetes sp.	5	GCA_035927085.1_ASM3592708v1	Lithohypha guttulata	Lithohypha	Trichomeriaceae	Chaetothyriales	Eurotiomycetes		Ascomycota		83.1044	0	146/10000	True
GCA_002917005.1_ASM291700v1	Eurotiomycetes sp.	6	GCA_002916945.1_ASM291694v1	Eurotiomycetes sp.				Eurotiomycetes		Ascomycota		81.8579	0	112/10000	True
GCA_002917005.1_ASM291700v1	Eurotiomycetes sp.	7	GCF_036327395.1_ASM3632739v1	Knufia obscura	Knufia	Trichomeriaceae	Chaetothyriales	Eurotiomycetes		Ascomycota		78.4115	1.84996e-153	54/10000	True
GCA_002917005.1_ASM291700v1	Eurotiomycetes sp.	8	GCA_022813615.2_Kobscura_JC1009	Knufia fluminis	Knufia	Trichomeriaceae	Chaetothyriales	Eurotiomycetes		Ascomycota		77.9511	2.10815e-137	49/10000	True
GCA_002917005.1_ASM291700v1	Eurotiomycetes sp.	9	GCA_035926935.1_ASM3592693v1	Lithohypha guttulata	Lithohypha	Trichomeriaceae	Chaetothyriales	Eurotiomycetes		Ascomycota		73.1970	2.0514e-44	18/10000	True
GCA_002917005.1_ASM291700v1	Eurotiomycetes sp.	10	GCA_035926905.1_ASM3592690v1	Lithohypha guttulata	Lithohypha	Trichomeriaceae	Chaetothyriales	Eurotiomycetes		Ascomycota		72.0022	2.05733e-33	14/10000	True
GCA_002917015.1_ASM291701v1	Eurotiomycetes sp.	1	GCA_003693665.1_ASM369366v1	Chaetothyriales sp. CBS 134920			Chaetothyriales	Eurotiomycetes		Ascomycota		71.2691	8.92007e-29	12/10000	True
GCA_002917015.1_ASM291701v1	Eurotiomycetes sp.	2	GCA_003709845.1_ASM370984v1	Chaetothyriales sp. CBS 134916			Chaetothyriales	Eurotiomycetes		Ascomycota		69.3402	7.54866e-18	8/10000	True
GCA_002917015.1_ASM291701v1	Eurotiomycetes sp.	3	GCA_000315335.1_EElymi1.0	Epichloe elymi	Epichloe	Clavicipitaceae	Hypocreales	Sordariomycetes		Ascomycota		68.7048	2.89155e-15	7/10000	True
GCA_002917015.1_ASM291701v1	Eurotiomycetes sp.	4	GCA_002591845.1_ASM259184v1	Epichloe elymi	Epichloe	Clavicipitaceae	Hypocreales	Sordariomycetes		Ascomycota		68.7048	1.73012e-15	7/10000	True
GCA_002917015.1_ASM291701v1	Eurotiomycetes sp.	5	GCA_009803635.1_ASM980363v1	Neurospora discreta	Neurospora	Sordariaceae	Sordariales	Sordariomycetes		Ascomycota		68.7048	6.01355e-15	7/10000	True
GCA_002917015.1_ASM291701v1	Eurotiomycetes sp.	6	GCA_009803645.1_ASM980364v1	Neurospora discreta	Neurospora	Sordariaceae	Sordariales	Sordariomycetes		Ascomycota		68.7048	6.1792e-15	7/10000	True
GCA_002917015.1_ASM291701v1	Eurotiomycetes sp.	7	GCA_009803655.1_ASM980365v1	Neurospora discreta	Neurospora	Sordariaceae	Sordariales	Sordariomycetes		Ascomycota		68.7048	6.01992e-15	7/10000	True
GCA_002917015.1_ASM291701v1	Eurotiomycetes sp.	8	GCA_009803685.1_ASM980368v1	Neurospora discreta	Neurospora	Sordariaceae	Sordariales	Sordariomycetes		Ascomycota		68.7048	6.23013e-15	7/10000	True
GCA_002917015.1_ASM291701v1	Eurotiomycetes sp.	9	GCA_009803715.1_ASM980371v1	Neurospora discreta	Neurospora	Sordariaceae	Sordariales	Sordariomycetes		Ascomycota		68.7048	5.97555e-15	7/10000	True
GCA_002917015.1_ASM291701v1	Eurotiomycetes sp.	10	GCA_009803745.1_ASM980374v1	Neurospora discreta	Neurospora	Sordariaceae	Sordariales	Sordariomycetes		Ascomycota		68.7048	6.13747e-15	7/10000	True
GCA_023347065.1_ASM2334706v1	fungal sp.	1	GCA_001664025.1_Hanva1_1	Hanseniaspora valbyensis	Hanseniaspora	Saccharomycodaceae	Saccharomycodales	Saccharomycetes		Ascomycota		64.6720	2.18014e-08	3/10000	True
GCA_023347065.1_ASM2334706v1	fungal sp.	2	GCA_030555675.1_ASM3055567v1	Vanderwaltozyma tropicalis	Vanderwaltozyma	Saccharomycetaceae	Saccharomycetales	Saccharomycetes		Ascomycota		64.6720	2.13107e-08	3/10000	True
GCA_023347065.1_ASM2334706v1	fungal sp.	3	GCA_030579655.1_ASM3057965v1	Liangdongia dryadoides	Liangdongia	Wickerhamomycetaceae	Phaffomycetales	Saccharomycetes		Ascomycota		64.6720	2.28179e-08	3/10000	True
GCA_023347065.1_ASM2334706v1	fungal sp.	4	GCA_000827425.1_Scleroderma_citrinum_Foug_A_v1.0	Scleroderma citrinum	Scleroderma	Sclerodermataceae	Boletales	Agaricomycetes		Basidiomycota		62.7417	1.80181e-05	2/10000	True
GCA_023347065.1_ASM2334706v1	fungal sp.	5	GCA_001747045.1_ASM174704v1	Hanseniaspora osmophila	Hanseniaspora	Saccharomycodaceae	Saccharomycodales	Saccharomycetes		Ascomycota		62.7417	1.28731e-05	2/10000	True
GCA_023347065.1_ASM2334706v1	fungal sp.	6	GCA_002008015.1_ASM200801v1	Candida boidinii	Ogataea	Pichiaceae	Pichiales	Pichiomycetes		Ascomycota		62.7417	1.5068e-05	2/10000	True
GCA_023347065.1_ASM2334706v1	fungal sp.	7	GCA_002008075.1_ASM200807v1	Candida boidinii	Ogataea	Pichiaceae	Pichiales	Pichiomycetes		Ascomycota		62.7417	1.50647e-05	2/10000	True
GCA_023347065.1_ASM2334706v1	fungal sp.	8	GCA_002104945.1_Piromyces_sp._finnis_v3.0	Piromyces finnis	Piromyces	Neocallimastigaceae	Neocallimastigales	Neocallimastigomycetes		Neocallimastigomycota		62.7417	1.8039e-05	2/10000	True
GCA_023347065.1_ASM2334706v1	fungal sp.	9	GCA_002195965.1_LenEdo135A1.0	Lentinula edodes	Lentinula	Omphalotaceae	Agaricales	Agaricomycetes		Basidiomycota		62.7417	1.70637e-05	2/10000	True
GCA_023347065.1_ASM2334706v1	fungal sp.	10	GCA_003706615.3_ASM370661v3	Gotozyma montana	Gotozyma	Phaffomycetaceae	Phaffomycetales	Saccharomycetes		Ascomycota		62.7417	1.32928e-05	2/10000	True
GCA_054392365.1_ASM5439236v1	fungal sp. IPV F-433	1	GCA_033297235.1_Thian1	Trichocladium antarcticum	Trichocladium	Chaetomiaceae	Sordariales	Sordariomycetes		Ascomycota		79.7729	1.25273e-203	72/10000	True
GCA_054392365.1_ASM5439236v1	fungal sp. IPV F-433	2	GCA_033296695.1_Stalo1	Staphylotrichum tortipilum	Staphylotrichum	Chaetomiaceae	Sordariales	Sordariomycetes		Ascomycota		79.2891	2.48075e-183	65/10000	True
GCA_054392365.1_ASM5439236v1	fungal sp. IPV F-433	3	GCF_000226115.1_ASM22611v1	Thermothielavioides terrestris	Thermothielavioides	Chaetomiaceae	Sordariales	Sordariomycetes		Ascomycota		79.2891	2.21445e-182	65/10000	True
GCA_054392365.1_ASM5439236v1	fungal sp. IPV F-433	4	GCA_900343105.1_Thte_LPH172	Thermothielavioides terrestris	Thermothielavioides	Chaetomiaceae	Sordariales	Sordariomycetes		Ascomycota		79.1412	4.35841e-176	63/10000	True
GCA_054392365.1_ASM5439236v1	fungal sp. IPV F-433	5	GCA_023628475.1_ASM2362847v1	Chaetomiaceae sp. PF1801		Chaetomiaceae	Sordariales	Sordariomycetes		Ascomycota		78.9103	3.58273e-168	60/10000	True
GCA_054392365.1_ASM5439236v1	fungal sp. IPV F-433	6	GCA_017139535.1_ASM1713953v1	Trichocladium uniseriatum	Trichocladium	Chaetomiaceae	Sordariales	Sordariomycetes		Ascomycota		78.8308	3.46725e-165	59/10000	True
GCA_054392365.1_ASM5439236v1	fungal sp. IPV F-433	7	GCA_041956425.1_Humhy1	Humicola hyalothermophila	Humicola	Chaetomiaceae	Sordariales	Sordariomycetes		Ascomycota		78.8308	2.5451e-167	59/10000	True
GCA_054392365.1_ASM5439236v1	fungal sp. IPV F-433	8	GCA_041956545.1_Thefe1	Thermothelomyces fergusii	Thermothelomyces	Chaetomiaceae	Sordariales	Sordariomycetes		Ascomycota		78.6675	6.4262e-160	57/10000	True
GCA_054392365.1_ASM5439236v1	fungal sp. IPV F-433	9	GCA_041956415.1_Chaol1	Chaetomium olivicolor	Chaetomium	Chaetomiaceae	Sordariales	Sordariomycetes		Ascomycota		78.3229	2.26641e-145	53/10000	True
GCA_054392365.1_ASM5439236v1	fungal sp. IPV F-433	10	GCA_033575675.1_Thihy1	Parathielavia hyrcaniae	Parathielavia	Chaetomiaceae	Sordariales	Sordariomycetes		Ascomycota		77.9511	1.02282e-133	49/10000	True
GCA_000292665.1_ASM29266v1	Helotiales sp. EF0021	1	GCA_003988865.1_ASM398886v1	Phialocephala sp. D728	Phialocephala	Mollisiaceae	Helotiales	Leotiomycetes		Ascomycota		74.1507	6.45293e-50	22/10000	True
GCA_000292665.1_ASM29266v1	Helotiales sp. EF0021	2	GCA_900073065.1_PAC_version_1	Phialocephala subalpina	Phialocephala	Mollisiaceae	Helotiales	Leotiomycetes		Ascomycota		74.1507	1.42118e-48	22/10000	True
GCA_000292665.1_ASM29266v1	Helotiales sp. EF0021	3	GCA_009613015.1_ASM961301v1	Mollisiaceae sp. DMI_Dod_QoI		Mollisiaceae	Helotiales	Leotiomycetes		Ascomycota		73.4540	1.41327e-42	19/10000	True
GCA_000292665.1_ASM29266v1	Helotiales sp. EF0021	4	GCA_002554605.1_Helotiales_sp._F229_1.0	Helotiales sp. F229			Helotiales	Leotiomycetes		Ascomycota		72.6371	4.83216e-33	16/10000	True
GCA_000292665.1_ASM29266v1	Helotiales sp. EF0021	5	GCA_049997395.1_ASM4999739v1	Pezicula sp. G233_23	Pezicula	Dermateaceae	Helotiales	Leotiomycetes		Ascomycota		72.6371	1.84544e-35	16/10000	True
GCA_000292665.1_ASM29266v1	Helotiales sp. EF0021	6	GCA_049997435.1_ASM4999743v1	Pezicula sp. G284_23	Pezicula	Dermateaceae	Helotiales	Leotiomycetes		Ascomycota		72.3303	9.06478e-33	15/10000	True
GCA_000292665.1_ASM29266v1	Helotiales sp. EF0021	7	GCA_979196395.1_Neo_genome_v1	Phlyctema vagabunda	Phlyctema	Dermateaceae	Helotiales	Leotiomycetes		Ascomycota		72.3303	8.63233e-33	15/10000	True
GCA_000292665.1_ASM29266v1	Helotiales sp. EF0021	8	GCA_049999005.1_ASM4999900v1	Pezicula sp. G255_23	Pezicula	Dermateaceae	Helotiales	Leotiomycetes		Ascomycota		71.6498	7.28028e-28	13/10000	True
GCA_000292665.1_ASM29266v1	Helotiales sp. EF0021	9	GCF_007821495.1_CFIA_Lhya_EG2017	Lachnellula hyalina	Lachnellula	Lachnaceae	Helotiales	Leotiomycetes		Ascomycota		71.6498	2.67661e-28	13/10000	True
GCA_000292665.1_ASM29266v1	Helotiales sp. EF0021	10	GCA_058969415.1_ASM5896941v1	Cadophora sp. M2B	Cadophora	Ploettnerulaceae	Helotiales	Leotiomycetes		Ascomycota		71.2691	6.41846e-25	12/10000	True
GCA_002554605.1_Helotiales_sp._F229_1.0	Helotiales sp. F229	1	GCA_003073865.1_Cadsp1	Cadophora sp. DSE1049	Cadophora	Ploettnerulaceae	Helotiales	Leotiomycetes		Ascomycota		82.3748	0	125/10000	True
GCA_002554605.1_Helotiales_sp._F229_1.0	Helotiales sp. F229	2	GCA_020726505.1_Lepor2	Leptodontidium sp. MPI-SDFR-AT-0119	Leptodontidium	Leptodontidiaceae	Helotiales	Leotiomycetes		Ascomycota		81.0820	1.87772e-247	95/10000	True
GCA_002554605.1_Helotiales_sp._F229_1.0	Helotiales sp. F229	3	GCA_020747065.1_Phimu1	Cadophora sp. MPI-SDFR-AT-0126	Cadophora	Ploettnerulaceae	Helotiales	Leotiomycetes		Ascomycota		80.8791	2.32555e-243	91/10000	True
GCA_002554605.1_Helotiales_sp._F229_1.0	Helotiales sp. F229	4	GCA_026120085.1_ASM2612008v1	Cadophora luteo-olivacea	Cadophora	Ploettnerulaceae	Helotiales	Leotiomycetes		Ascomycota		80.5571	6.48535e-228	85/10000	True
GCA_002554605.1_Helotiales_sp._F229_1.0	Helotiales sp. F229	5	GCA_021432625.1_Leptod1	Leptodontidium sp. 2 PMI_412	Leptodontidium	Leptodontidiaceae	Helotiales	Leotiomycetes		Ascomycota		80.4447	2.12152e-212	83/10000	True
GCA_002554605.1_Helotiales_sp._F229_1.0	Helotiales sp. F229	6	GCA_017365405.1_ASM1736540v1	Cadophora malorum	Cadophora	Ploettnerulaceae	Helotiales	Leotiomycetes		Ascomycota		79.7067	1.48341e-184	71/10000	True
GCA_002554605.1_Helotiales_sp._F229_1.0	Helotiales sp. F229	7	GCA_900079555.1_Mo12	Cadophora malorum	Cadophora	Ploettnerulaceae	Helotiales	Leotiomycetes		Ascomycota		79.7067	4.45633e-185	71/10000	True
GCA_002554605.1_Helotiales_sp._F229_1.0	Helotiales sp. F229	8	GCA_017366145.1_ASM1736614v1	Cadophora sp. M221	Cadophora	Ploettnerulaceae	Helotiales	Leotiomycetes		Ascomycota		79.6396	2.46467e-178	70/10000	True
GCA_002554605.1_Helotiales_sp._F229_1.0	Helotiales sp. F229	9	GCA_051170865.1_LIEC_Clut_1.0	Cadophora luteo-olivacea	Cadophora	Ploettnerulaceae	Helotiales	Leotiomycetes		Ascomycota		79.4325	1.4864e-171	67/10000	True
GCA_002554605.1_Helotiales_sp._F229_1.0	Helotiales sp. F229	10	GCA_937872245.1_ERR868449_bin.23_CONCOCT_v1.1_MAG	Cadophora sp. DSE1049	Cadophora	Ploettnerulaceae	Helotiales	Leotiomycetes		Ascomycota		79.4325	1.91286e-173	67/10000	True
GCA_029293655.1_ASM2929365v1	Herpotrichiellaceae sp.	1	GCA_029293645.1_ASM2929364v1	Ascomycota sp.						Ascomycota		88.9281	0	514/10000	True
GCA_029293655.1_ASM2929365v1	Herpotrichiellaceae sp.	2	GCA_029293605.1_ASM2929360v1	Herpotrichiellaceae sp.		Herpotrichiellaceae	Chaetothyriales	Eurotiomycetes		Ascomycota		86.7889	0	322/10000	True
GCA_029293655.1_ASM2929365v1	Herpotrichiellaceae sp.	3	GCA_009805765.1_ASM980576v1	Hanseniaspora uvarum	Hanseniaspora	Saccharomycodaceae	Saccharomycodales	Saccharomycetes		Ascomycota		64.6720	2.88934e-08	3/10000	True
GCA_029293655.1_ASM2929365v1	Herpotrichiellaceae sp.	4	GCA_013365065.1_LMA-1028_V2	Geotrichum candidum	Geotrichum	Dipodascaceae	Dipodascales	Dipodascomycetes		Ascomycota		64.6720	5.26796e-08	3/10000	True
GCA_029293655.1_ASM2929365v1	Herpotrichiellaceae sp.	5	GCA_054122635.1_ASM5412263v1	Geotrichum candidum	Geotrichum	Dipodascaceae	Dipodascales	Dipodascomycetes		Ascomycota		64.6720	5.03658e-08	3/10000	True
GCA_029293655.1_ASM2929365v1	Herpotrichiellaceae sp.	6	GCA_054123755.1_ASM5412375v1	Geotrichum candidum	Geotrichum	Dipodascaceae	Dipodascales	Dipodascomycetes		Ascomycota		64.6720	4.99395e-08	3/10000	True
GCA_029293655.1_ASM2929365v1	Herpotrichiellaceae sp.	7	GCA_054125655.1_ASM5412565v1	Geotrichum candidum	Geotrichum	Dipodascaceae	Dipodascales	Dipodascomycetes		Ascomycota		64.6720	5.06687e-08	3/10000	True
GCA_029293655.1_ASM2929365v1	Herpotrichiellaceae sp.	8	GCA_000775265.3_ASM77526v3	Hanseniaspora uvarum	Hanseniaspora	Saccharomycodaceae	Saccharomycodales	Saccharomycetes		Ascomycota		62.7417	1.49122e-05	2/10000	True
GCA_029293655.1_ASM2929365v1	Herpotrichiellaceae sp.	9	GCA_001402995.1_New2.3_08062011	Geotrichum candidum	Geotrichum	Dipodascaceae	Dipodascales	Dipodascomycetes		Ascomycota		62.7417	2.33027e-05	2/10000	True
GCA_029293655.1_ASM2929365v1	Herpotrichiellaceae sp.	10	GCA_001747055.1_ASM174705v1	Hanseniaspora uvarum	Hanseniaspora	Saccharomycodaceae	Saccharomycodales	Saccharomycetes		Ascomycota		62.7417	1.5656e-05	2/10000	True
GCA_029293605.1_ASM2929360v1	Herpotrichiellaceae sp.	1	GCA_029293645.1_ASM2929364v1	Ascomycota sp.						Ascomycota		89.7732	0	620/10000	True
GCA_029293605.1_ASM2929360v1	Herpotrichiellaceae sp.	2	GCA_029293655.1_ASM2929365v1	Herpotrichiellaceae sp.		Herpotrichiellaceae	Chaetothyriales	Eurotiomycetes		Ascomycota		86.7889	0	322/10000	True
GCA_029293605.1_ASM2929360v1	Herpotrichiellaceae sp.	3	GCA_019924955.1_ASM1992495v1	Aureobasidium sp. EXF-3399	Aureobasidium	Saccotheciaceae	Dothideales	Dothideomycetes		Ascomycota		64.6720	3.79214e-08	3/10000	True
GCA_029293605.1_ASM2929360v1	Herpotrichiellaceae sp.	4	GCA_025963445.1_ASM2596344v1	Trichoglossum hirsutum	Trichoglossum	Geoglossaceae	Geoglossales	Geoglossomycetes		Ascomycota		64.6720	4.05635e-08	3/10000	True
GCA_029293605.1_ASM2929360v1	Herpotrichiellaceae sp.	5	GCA_050403045.1_Rs_ruineniae_JCM8097v1	Rhodosporidiobolus ruineniae	Rhodosporidiobolus	Sporidiobolaceae	Sporidiobolales	Microbotryomycetes		Basidiomycota		64.6720	3.77053e-08	3/10000	True
GCA_029293605.1_ASM2929360v1	Herpotrichiellaceae sp.	6	GCF_000721765.1_Aureobasidium_pullulans_var._namibiae_CBS_147.97_v1.0	Aureobasidium namibiae	Aureobasidium	Saccotheciaceae	Dothideales	Dothideomycetes		Ascomycota		64.6720	3.78985e-08	3/10000	True
GCA_029293605.1_ASM2929360v1	Herpotrichiellaceae sp.	7	GCF_041956625.1_Talth1	Thermomyces dupontii	Thermomyces	Trichocomaceae	Eurotiales	Eurotiomycetes		Ascomycota		64.6720	3.47046e-08	3/10000	True
GCA_029293605.1_ASM2929360v1	Herpotrichiellaceae sp.	8	GCA_001307345.1_ASM130734v1	Aspergillus westerdijkiae	Aspergillus	Aspergillaceae	Eurotiales	Eurotiomycetes		Ascomycota		62.7417	1.98207e-05	2/10000	True
GCA_029293605.1_ASM2929360v1	Herpotrichiellaceae sp.	9	GCA_001599795.1_JCM_6030_assembly_v001	Exophiala calicioides	Exophiala	Herpotrichiellaceae	Chaetothyriales	Eurotiomycetes		Ascomycota		62.7417	1.98481e-05	2/10000	True
GCA_029293605.1_ASM2929360v1	Herpotrichiellaceae sp.	10	GCA_002018265.1_ASM201826v1	Ceratocystis harringtonii	Ceratocystis	Ceratocystidaceae	Microascales	Sordariomycetes		Ascomycota		62.7417	1.86864e-05	2/10000	True
GCA_029293295.1_ASM2929329v1	Herpotrichiellaceae sp.	1	GCA_029293375.1_ASM2929337v1	Herpotrichiellaceae sp.		Herpotrichiellaceae	Chaetothyriales	Eurotiomycetes		Ascomycota		91.1425	0	844/10000	True
GCA_029293295.1_ASM2929329v1	Herpotrichiellaceae sp.	2	GCA_029293275.1_ASM2929327v1	Herpotrichiellaceae sp.		Herpotrichiellaceae	Chaetothyriales	Eurotiomycetes		Ascomycota		88.3139	0	449/10000	True
GCA_029293295.1_ASM2929329v1	Herpotrichiellaceae sp.	3	GCA_056513255.1_ASM5651325v1	Epibryon bryophilum	Epibryon	Epibryaceae	Chaetothyriales	Eurotiomycetes		Ascomycota		87.2898	0	359/10000	True
GCA_029293295.1_ASM2929329v1	Herpotrichiellaceae sp.	4	GCA_040207545.1_ASM4020754v1	Cladophialophora brunneola	Cladophialophora	Herpotrichiellaceae	Chaetothyriales	Eurotiomycetes		Ascomycota		74.9443	2.2093e-78	26/10000	True
GCA_029293295.1_ASM2929329v1	Herpotrichiellaceae sp.	5	GCA_056513135.1_ASM5651313v1	Cladophialophora minutissima	Cladophialophora	Herpotrichiellaceae	Chaetothyriales	Eurotiomycetes		Ascomycota		72.6371	1.12094e-45	16/10000	True
GCA_029293295.1_ASM2929329v1	Herpotrichiellaceae sp.	6	GCA_056513155.1_ASM5651315v1	Cladophialophora humicola	Cladophialophora	Herpotrichiellaceae	Chaetothyriales	Eurotiomycetes		Ascomycota		72.3303	1.58821e-42	15/10000	True
GCA_029293295.1_ASM2929329v1	Herpotrichiellaceae sp.	7	GCA_056513245.1_ASM5651324v1	Epibryon turfosorum	Epibryon	Epibryaceae	Chaetothyriales	Eurotiomycetes		Ascomycota		70.8553	6.64998e-30	11/10000	True
GCA_029293295.1_ASM2929329v1	Herpotrichiellaceae sp.	8	GCA_056513265.1_ASM5651326v1	Epibryon interlamellare	Epibryon	Epibryaceae	Chaetothyriales	Eurotiomycetes		Ascomycota		70.4019	4.2784e-27	10/10000	True
GCA_029293295.1_ASM2929329v1	Herpotrichiellaceae sp.	9	GCA_056513125.1_ASM5651312v1	Cladophialophora sylvestris	Cladophialophora	Herpotrichiellaceae	Chaetothyriales	Eurotiomycetes		Ascomycota		67.1035	1.0878e-12	5/10000	True
GCA_029293295.1_ASM2929329v1	Herpotrichiellaceae sp.	10	GCA_963921895.1_CBS139747_annotated_assembly	Sporothrix thermara	Sporothrix	Ophiostomataceae	Ophiostomatales	Sordariomycetes		Ascomycota		67.1035	1.24156e-12	5/10000	True
GCA_029293375.1_ASM2929337v1	Herpotrichiellaceae sp.	1	GCA_029293295.1_ASM2929329v1	Herpotrichiellaceae sp.		Herpotrichiellaceae	Chaetothyriales	Eurotiomycetes		Ascomycota		91.1425	0	844/10000	True
GCA_029293375.1_ASM2929337v1	Herpotrichiellaceae sp.	2	GCA_029293275.1_ASM2929327v1	Herpotrichiellaceae sp.		Herpotrichiellaceae	Chaetothyriales	Eurotiomycetes		Ascomycota		87.9764	0	417/10000	True
GCA_029293375.1_ASM2929337v1	Herpotrichiellaceae sp.	3	GCA_056513255.1_ASM5651325v1	Epibryon bryophilum	Epibryon	Epibryaceae	Chaetothyriales	Eurotiomycetes		Ascomycota		84.8054	0	210/10000	True
GCA_029293375.1_ASM2929337v1	Herpotrichiellaceae sp.	4	GCA_040207545.1_ASM4020754v1	Cladophialophora brunneola	Cladophialophora	Herpotrichiellaceae	Chaetothyriales	Eurotiomycetes		Ascomycota		70.8553	6.02485e-32	11/10000	True
GCA_029293375.1_ASM2929337v1	Herpotrichiellaceae sp.	5	GCA_056513155.1_ASM5651315v1	Cladophialophora humicola	Cladophialophora	Herpotrichiellaceae	Chaetothyriales	Eurotiomycetes		Ascomycota		70.8553	4.65247e-32	11/10000	True
GCA_029293375.1_ASM2929337v1	Herpotrichiellaceae sp.	6	GCA_056513135.1_ASM5651313v1	Cladophialophora minutissima	Cladophialophora	Herpotrichiellaceae	Chaetothyriales	Eurotiomycetes		Ascomycota		69.3402	1.39895e-22	8/10000	True
GCA_029293375.1_ASM2929337v1	Herpotrichiellaceae sp.	7	GCA_056513125.1_ASM5651312v1	Cladophialophora sylvestris	Cladophialophora	Herpotrichiellaceae	Chaetothyriales	Eurotiomycetes		Ascomycota		66.0414	9.89502e-11	4/10000	True
GCA_029293375.1_ASM2929337v1	Herpotrichiellaceae sp.	8	GCA_056513245.1_ASM5651324v1	Epibryon turfosorum	Epibryon	Epibryaceae	Chaetothyriales	Eurotiomycetes		Ascomycota		66.0414	1.08452e-10	4/10000	True
GCA_029293375.1_ASM2929337v1	Herpotrichiellaceae sp.	9	GCA_021436995.1_ASM2143699v1	Aspergillus protuberus	Aspergillus	Aspergillaceae	Eurotiales	Eurotiomycetes		Ascomycota		64.6720	6.05292e-08	3/10000	True
GCA_029293375.1_ASM2929337v1	Herpotrichiellaceae sp.	10	GCA_023624915.1_ASM2362491v1	Aspergillus amoenus	Aspergillus	Aspergillaceae	Eurotiales	Eurotiomycetes		Ascomycota		64.6720	5.9755e-08	3/10000	True
GCA_029293275.1_ASM2929327v1	Herpotrichiellaceae sp.	1	GCA_029293295.1_ASM2929329v1	Herpotrichiellaceae sp.		Herpotrichiellaceae	Chaetothyriales	Eurotiomycetes		Ascomycota		88.3139	0	449/10000	True
GCA_029293275.1_ASM2929327v1	Herpotrichiellaceae sp.	2	GCA_029293375.1_ASM2929337v1	Herpotrichiellaceae sp.		Herpotrichiellaceae	Chaetothyriales	Eurotiomycetes		Ascomycota		87.9764	0	417/10000	True
GCA_029293275.1_ASM2929327v1	Herpotrichiellaceae sp.	3	GCA_056513255.1_ASM5651325v1	Epibryon bryophilum	Epibryon	Epibryaceae	Chaetothyriales	Eurotiomycetes		Ascomycota		81.6866	0	108/10000	True
GCA_029293275.1_ASM2929327v1	Herpotrichiellaceae sp.	4	GCA_040207545.1_ASM4020754v1	Cladophialophora brunneola	Cladophialophora	Herpotrichiellaceae	Chaetothyriales	Eurotiomycetes		Ascomycota		69.3402	2.38819e-24	8/10000	True
GCA_029293275.1_ASM2929327v1	Herpotrichiellaceae sp.	5	GCA_056513155.1_ASM5651315v1	Cladophialophora humicola	Cladophialophora	Herpotrichiellaceae	Chaetothyriales	Eurotiomycetes		Ascomycota		67.9713	6.983e-18	6/10000	True
GCA_029293275.1_ASM2929327v1	Herpotrichiellaceae sp.	6	GCA_056513135.1_ASM5651313v1	Cladophialophora minutissima	Cladophialophora	Herpotrichiellaceae	Chaetothyriales	Eurotiomycetes		Ascomycota		67.1035	1.02115e-14	5/10000	True
GCA_029293275.1_ASM2929327v1	Herpotrichiellaceae sp.	7	GCA_056513245.1_ASM5651324v1	Epibryon turfosorum	Epibryon	Epibryaceae	Chaetothyriales	Eurotiomycetes		Ascomycota		67.1035	1.09407e-14	5/10000	True
GCA_029293275.1_ASM2929327v1	Herpotrichiellaceae sp.	8	GCA_056513125.1_ASM5651312v1	Cladophialophora sylvestris	Cladophialophora	Herpotrichiellaceae	Chaetothyriales	Eurotiomycetes		Ascomycota		66.0414	1.23216e-11	4/10000	True
GCA_029293275.1_ASM2929327v1	Herpotrichiellaceae sp.	9	GCA_056513265.1_ASM5651326v1	Epibryon interlamellare	Epibryon	Epibryaceae	Chaetothyriales	Eurotiomycetes		Ascomycota		66.0414	1.21317e-11	4/10000	True
GCA_029293275.1_ASM2929327v1	Herpotrichiellaceae sp.	10	GCA_003705185.2_ASM370518v2	Ambrosiozyma ambrosiae	Ambrosiozyma	Pichiaceae	Pichiales	Pichiomycetes		Ascomycota		64.6720	1.00381e-08	3/10000	True
GCA_049996315.1_ASM4999631v1	Herpotrichiellaceae sp. BF7	1	GCA_016109495.1_ASM1610949v1	Phialophora tarda	Phialophora	Herpotrichiellaceae	Chaetothyriales	Eurotiomycetes		Ascomycota		73.4540	1.02821e-44	19/10000	True
GCA_049996315.1_ASM4999631v1	Herpotrichiellaceae sp. BF7	2	GCA_016110145.1_ASM1611014v1	Capronia americana	Capronia	Herpotrichiellaceae	Chaetothyriales	Eurotiomycetes		Ascomycota		73.1970	6.40078e-42	18/10000	True
GCA_049996315.1_ASM4999631v1	Herpotrichiellaceae sp. BF7	3	GCA_016110205.1_ASM1611020v1	Capronia americana	Capronia	Herpotrichiellaceae	Chaetothyriales	Eurotiomycetes		Ascomycota		73.1970	6.76298e-42	18/10000	True
GCA_049996315.1_ASM4999631v1	Herpotrichiellaceae sp. BF7	4	GCA_016109475.1_ASM1610947v1	Phialophora verrucosa	Phialophora	Herpotrichiellaceae	Chaetothyriales	Eurotiomycetes		Ascomycota		72.9253	2.97774e-39	17/10000	True
GCA_049996315.1_ASM4999631v1	Herpotrichiellaceae sp. BF7	5	GCA_016109565.1_ASM1610956v1	Phialophora macrospora	Phialophora	Herpotrichiellaceae	Chaetothyriales	Eurotiomycetes		Ascomycota		72.9253	1.09798e-39	17/10000	True
GCA_049996315.1_ASM4999631v1	Herpotrichiellaceae sp. BF7	6	GCA_016109935.1_ASM1610993v1	Phialophora verrucosa	Phialophora	Herpotrichiellaceae	Chaetothyriales	Eurotiomycetes		Ascomycota		72.9253	2.42506e-39	17/10000	True
GCA_049996315.1_ASM4999631v1	Herpotrichiellaceae sp. BF7	7	GCA_016109975.1_ASM1610997v1	Phialophora macrospora	Phialophora	Herpotrichiellaceae	Chaetothyriales	Eurotiomycetes		Ascomycota		72.9253	1.1367e-39	17/10000	True
GCA_049996315.1_ASM4999631v1	Herpotrichiellaceae sp. BF7	8	GCA_025434005.1_ASM2543400v1	Phialophora verrucosa	Phialophora	Herpotrichiellaceae	Chaetothyriales	Eurotiomycetes		Ascomycota		72.9253	2.26547e-39	17/10000	True
GCA_049996315.1_ASM4999631v1	Herpotrichiellaceae sp. BF7	9	GCA_049996295.1_ASM4999629v1	Herpotrichiellaceae sp. BF8		Herpotrichiellaceae	Chaetothyriales	Eurotiomycetes		Ascomycota		72.9253	1.79228e-38	17/10000	True
GCA_049996315.1_ASM4999631v1	Herpotrichiellaceae sp. BF7	10	GCA_016109465.1_ASM1610946v1	Phialophora verrucosa	Phialophora	Herpotrichiellaceae	Chaetothyriales	Eurotiomycetes		Ascomycota		72.6371	1.19613e-36	16/10000	True
GCA_049996295.1_ASM4999629v1	Herpotrichiellaceae sp. BF8	1	GCA_030247875.1_UCR_TK_41	Cladophialophora chaetospira	Cladophialophora	Herpotrichiellaceae	Chaetothyriales	Eurotiomycetes		Ascomycota		84.8496	0	212/10000	True
GCA_049996295.1_ASM4999629v1	Herpotrichiellaceae sp. BF8	2	GCA_016110105.1_ASM1611010v1	Capronia americana	Capronia	Herpotrichiellaceae	Chaetothyriales	Eurotiomycetes		Ascomycota		76.4892	1.19377e-90	36/10000	True
GCA_049996295.1_ASM4999629v1	Herpotrichiellaceae sp. BF8	3	GCA_016110225.1_ASM1611022v1	Capronia americana	Capronia	Herpotrichiellaceae	Chaetothyriales	Eurotiomycetes		Ascomycota		76.4892	1.37416e-90	36/10000	True
GCA_049996295.1_ASM4999629v1	Herpotrichiellaceae sp. BF8	4	GCA_016110145.1_ASM1611014v1	Capronia americana	Capronia	Herpotrichiellaceae	Chaetothyriales	Eurotiomycetes		Ascomycota		76.3555	1.31577e-87	35/10000	True
GCA_049996295.1_ASM4999629v1	Herpotrichiellaceae sp. BF8	5	GCA_016110205.1_ASM1611020v1	Capronia americana	Capronia	Herpotrichiellaceae	Chaetothyriales	Eurotiomycetes		Ascomycota		76.3555	1.49288e-87	35/10000	True
GCA_049996295.1_ASM4999629v1	Herpotrichiellaceae sp. BF8	6	GCA_016110115.1_ASM1611011v1	Capronia americana	Capronia	Herpotrichiellaceae	Chaetothyriales	Eurotiomycetes		Ascomycota		76.0763	7.22614e-82	33/10000	True
GCA_049996295.1_ASM4999629v1	Herpotrichiellaceae sp. BF8	7	GCA_016110135.1_ASM1611013v1	Capronia americana	Capronia	Herpotrichiellaceae	Chaetothyriales	Eurotiomycetes		Ascomycota		76.0763	4.47089e-82	33/10000	True
GCA_049996295.1_ASM4999629v1	Herpotrichiellaceae sp. BF8	8	GCA_016110215.1_ASM1611021v1	Capronia americana	Capronia	Herpotrichiellaceae	Chaetothyriales	Eurotiomycetes		Ascomycota		75.6239	2.58515e-73	30/10000	True
GCA_049996295.1_ASM4999629v1	Herpotrichiellaceae sp. BF8	9	GCA_016110025.1_ASM1611002v1	Phialophora expanda	Phialophora	Herpotrichiellaceae	Chaetothyriales	Eurotiomycetes		Ascomycota		75.2963	3.71766e-68	28/10000	True
GCA_049996295.1_ASM4999629v1	Herpotrichiellaceae sp. BF8	10	GCA_016109585.1_ASM1610958v1	Phialophora expanda	Phialophora	Herpotrichiellaceae	Chaetothyriales	Eurotiomycetes		Ascomycota		75.1236	1.99931e-65	27/10000	True
GCA_000315175.1_Herpo1.0	Herpotrichiellaceae sp. UM238	1	GCF_036327395.1_ASM3632739v1	Knufia obscura	Knufia	Trichomeriaceae	Chaetothyriales	Eurotiomycetes		Ascomycota		71.2691	3.88432e-27	12/10000	True
GCA_000315175.1_Herpo1.0	Herpotrichiellaceae sp. UM238	2	GCA_035927085.1_ASM3592708v1	Lithohypha guttulata	Lithohypha	Trichomeriaceae	Chaetothyriales	Eurotiomycetes		Ascomycota		70.4019	8.66875e-22	10/10000	True
GCA_000315175.1_Herpo1.0	Herpotrichiellaceae sp. UM238	3	GCA_035930045.1_ASM3593004v1	Exophiala xenobiotica	Exophiala	Herpotrichiellaceae	Chaetothyriales	Eurotiomycetes		Ascomycota		70.4019	8.73561e-22	10/10000	True
GCA_000315175.1_Herpo1.0	Herpotrichiellaceae sp. UM238	4	GCA_057215485.1_KpA95_v1	Knufia petricola	Knufia	Trichomeriaceae	Chaetothyriales	Eurotiomycetes		Ascomycota		70.4019	3.0593e-22	10/10000	True
GCA_000315175.1_Herpo1.0	Herpotrichiellaceae sp. UM238	5	GCA_002225475.1_ASM222547v1	Knufia petricola	Knufia	Trichomeriaceae	Chaetothyriales	Eurotiomycetes		Ascomycota		69.9006	8.8371e-20	9/10000	True
GCA_000315175.1_Herpo1.0	Herpotrichiellaceae sp. UM238	6	GCA_002319055.1_ASM231905v1	Knufia petricola	Knufia	Trichomeriaceae	Chaetothyriales	Eurotiomycetes		Ascomycota		69.9006	8.92269e-20	9/10000	True
GCA_000315175.1_Herpo1.0	Herpotrichiellaceae sp. UM238	7	GCA_002917005.1_ASM291700v1	Eurotiomycetes sp.				Eurotiomycetes		Ascomycota		69.3402	1.66145e-17	8/10000	True
GCA_000315175.1_Herpo1.0	Herpotrichiellaceae sp. UM238	8	GCA_022813615.2_Kobscura_JC1009	Knufia fluminis	Knufia	Trichomeriaceae	Chaetothyriales	Eurotiomycetes		Ascomycota		69.3402	3.63403e-17	8/10000	True
GCA_000315175.1_Herpo1.0	Herpotrichiellaceae sp. UM238	9	GCA_002916945.1_ASM291694v1	Eurotiomycetes sp.				Eurotiomycetes		Ascomycota		68.7048	1.59925e-14	7/10000	True
GCA_000315175.1_Herpo1.0	Herpotrichiellaceae sp. UM238	10	GCA_003693665.1_ASM369366v1	Chaetothyriales sp. CBS 134920			Chaetothyriales	Eurotiomycetes		Ascomycota		68.7048	2.10543e-15	7/10000	True
GCA_029290895.1_ASM2929089v1	Hypocreaceae sp.	1	GCA_048182565.1_ASM4818256v1	Trichoderma asperellum	Trichoderma	Hypocreaceae	Hypocreales	Sordariomycetes		Ascomycota		99.2649	0	7497/10000	True
GCA_029290895.1_ASM2929089v1	Hypocreaceae sp.	2	GCA_051820545.1_ASM5182054v1	Trichoderma sp. T77	Trichoderma	Hypocreaceae	Hypocreales	Sordariomycetes		Ascomycota		99.2539	0	7467/10000	True
GCA_029290895.1_ASM2929089v1	Hypocreaceae sp.	3	GCA_037954425.1_ASM3795442v1	Trichoderma asperellum	Trichoderma	Hypocreaceae	Hypocreales	Sordariomycetes		Ascomycota		99.2319	0	7407/10000	True
GCA_029290895.1_ASM2929089v1	Hypocreaceae sp.	4	GCA_036173025.1_ASM3617302v1	Trichoderma asperellum	Trichoderma	Hypocreaceae	Hypocreales	Sordariomycetes		Ascomycota		99.1268	0	7130/10000	True
GCA_029290895.1_ASM2929089v1	Hypocreaceae sp.	5	GCA_026401225.1_ASM2640122v1	Trichoderma asperelloides	Trichoderma	Hypocreaceae	Hypocreales	Sordariomycetes		Ascomycota		99.1264	0	7129/10000	True
GCA_029290895.1_ASM2929089v1	Hypocreaceae sp.	6	GCA_021066465.1_ASM2106646v1	Trichoderma asperelloides	Trichoderma	Hypocreaceae	Hypocreales	Sordariomycetes		Ascomycota		99.1237	0	7122/10000	True
GCA_029290895.1_ASM2929089v1	Hypocreaceae sp.	7	GCA_037041575.1_ASM3704157v1	Trichoderma asperelloides	Trichoderma	Hypocreaceae	Hypocreales	Sordariomycetes		Ascomycota		99.1198	0	7112/10000	True
GCA_029290895.1_ASM2929089v1	Hypocreaceae sp.	8	GCA_023628755.1_ASM2362875v1	Trichoderma asperellum	Trichoderma	Hypocreaceae	Hypocreales	Sordariomycetes		Ascomycota		99.1123	0	7093/10000	True
GCA_029290895.1_ASM2929089v1	Hypocreaceae sp.	9	GCA_054127785.1_ASM5412778v1	Trichoderma asperellum	Trichoderma	Hypocreaceae	Hypocreales	Sordariomycetes		Ascomycota		99.0846	0	7023/10000	True
GCA_029290895.1_ASM2929089v1	Hypocreaceae sp.	10	GCA_013423425.1_Tasp_IC-1_01	Trichoderma asperellum	Trichoderma	Hypocreaceae	Hypocreales	Sordariomycetes		Ascomycota		99.0790	0	7009/10000	True
GCA_029290855.1_ASM2929085v1	Hypocreaceae sp.	1	GCA_048182565.1_ASM4818256v1	Trichoderma asperellum	Trichoderma	Hypocreaceae	Hypocreales	Sordariomycetes		Ascomycota		94.0645	0	1679/10000	True
GCA_029290855.1_ASM2929085v1	Hypocreaceae sp.	2	GCA_037041575.1_ASM3704157v1	Trichoderma asperelloides	Trichoderma	Hypocreaceae	Hypocreales	Sordariomycetes		Ascomycota		94.0279	0	1664/10000	True
GCA_029290855.1_ASM2929085v1	Hypocreaceae sp.	3	GCA_051820545.1_ASM5182054v1	Trichoderma sp. T77	Trichoderma	Hypocreaceae	Hypocreales	Sordariomycetes		Ascomycota		93.9860	0	1647/10000	True
GCA_029290855.1_ASM2929085v1	Hypocreaceae sp.	4	GCA_026401225.1_ASM2640122v1	Trichoderma asperelloides	Trichoderma	Hypocreaceae	Hypocreales	Sordariomycetes		Ascomycota		93.9835	0	1646/10000	True
GCA_029290855.1_ASM2929085v1	Hypocreaceae sp.	5	GCA_037954425.1_ASM3795442v1	Trichoderma asperellum	Trichoderma	Hypocreaceae	Hypocreales	Sordariomycetes		Ascomycota		93.9636	0	1638/10000	True
GCA_029290855.1_ASM2929085v1	Hypocreaceae sp.	6	GCA_052084505.1_ASM5208450v1	Trichoderma asperelloides	Trichoderma	Hypocreaceae	Hypocreales	Sordariomycetes		Ascomycota		93.9335	0	1626/10000	True
GCA_029290855.1_ASM2929085v1	Hypocreaceae sp.	7	GCA_023628755.1_ASM2362875v1	Trichoderma asperellum	Trichoderma	Hypocreaceae	Hypocreales	Sordariomycetes		Ascomycota		93.9031	0	1614/10000	True
GCA_029290855.1_ASM2929085v1	Hypocreaceae sp.	8	GCA_036173025.1_ASM3617302v1	Trichoderma asperellum	Trichoderma	Hypocreaceae	Hypocreales	Sordariomycetes		Ascomycota		93.8878	0	1608/10000	True
GCA_029290855.1_ASM2929085v1	Hypocreaceae sp.	9	GCA_021066465.1_ASM2106646v1	Trichoderma asperelloides	Trichoderma	Hypocreaceae	Hypocreales	Sordariomycetes		Ascomycota		93.8853	0	1607/10000	True
GCA_029290855.1_ASM2929085v1	Hypocreaceae sp.	10	GCA_054127785.1_ASM5412778v1	Trichoderma asperellum	Trichoderma	Hypocreaceae	Hypocreales	Sordariomycetes		Ascomycota		93.8674	0	1600/10000	True
GCA_029290815.1_ASM2929081v1	Hypocreaceae sp.	1	GCA_049345875.1_ASM4934587v1	Trichoderma asperellum	Trichoderma	Hypocreaceae	Hypocreales	Sordariomycetes		Ascomycota		96.5931	0	3236/10000	True
GCA_029290815.1_ASM2929081v1	Hypocreaceae sp.	2	GCF_020647865.1_ASM2064786v1	Trichoderma asperellum	Trichoderma	Hypocreaceae	Hypocreales	Sordariomycetes		Ascomycota		96.5897	0	3233/10000	True
GCA_029290815.1_ASM2929081v1	Hypocreaceae sp.	3	GCA_020736895.1_ASM2073689v1	Trichoderma asperellum	Trichoderma	Hypocreaceae	Hypocreales	Sordariomycetes		Ascomycota		96.5256	0	3176/10000	True
GCA_029290815.1_ASM2929081v1	Hypocreaceae sp.	4	GCA_034769445.1_ASM3476944v1	Trichoderma asperellum	Trichoderma	Hypocreaceae	Hypocreales	Sordariomycetes		Ascomycota		96.5187	0	3170/10000	True
GCA_029290815.1_ASM2929081v1	Hypocreaceae sp.	5	GCF_003025105.1_Trias_v._1.0	Trichoderma asperellum	Trichoderma	Hypocreaceae	Hypocreales	Sordariomycetes		Ascomycota		96.5153	0	3167/10000	True
GCA_029290815.1_ASM2929081v1	Hypocreaceae sp.	6	GCA_059628285.1_ASM5962828v1	Trichoderma asperellum	Trichoderma	Hypocreaceae	Hypocreales	Sordariomycetes		Ascomycota		96.5027	0	3156/10000	True
GCA_029290815.1_ASM2929081v1	Hypocreaceae sp.	7	GCA_019594945.1_ASM1959494v1	Trichoderma asperellum	Trichoderma	Hypocreaceae	Hypocreales	Sordariomycetes		Ascomycota		96.5004	0	3154/10000	True
GCA_029290815.1_ASM2929081v1	Hypocreaceae sp.	8	GCA_026401105.1_ASM2640110v1	Trichoderma asperellum	Trichoderma	Hypocreaceae	Hypocreales	Sordariomycetes		Ascomycota		96.4970	0	3151/10000	True
GCA_029290815.1_ASM2929081v1	Hypocreaceae sp.	9	GCA_000733085.3_TriAsp_1.0	Trichoderma asperellum	Trichoderma	Hypocreaceae	Hypocreales	Sordariomycetes		Ascomycota		96.4866	0	3142/10000	True
GCA_029290815.1_ASM2929081v1	Hypocreaceae sp.	10	GCA_037177835.1_ASM3717783v1	Trichoderma asperellum	Trichoderma	Hypocreaceae	Hypocreales	Sordariomycetes		Ascomycota		96.4820	0	3138/10000	True
GCA_964026325.1_ERR7163067_concoct_90_euk	Hypocreales sp.	1	GCA_051528495.1_YNP90	Simplicillium subtropicum	Simplicillium	Cordycipitaceae	Hypocreales	Sordariomycetes		Ascomycota		99.2811	0	7542/10000	True
GCA_964026325.1_ERR7163067_concoct_90_euk	Hypocreales sp.	2	GCA_051529195.1_YNP58	Simplicillium lanosoniveum	Simplicillium	Cordycipitaceae	Hypocreales	Sordariomycetes		Ascomycota		91.5340	0	923/10000	True
GCA_964026325.1_ERR7163067_concoct_90_euk	Hypocreales sp.	3	GCA_051529135.1_YNP60	Simplicillium lanosoniveum	Simplicillium	Cordycipitaceae	Hypocreales	Sordariomycetes		Ascomycota		91.4913	0	914/10000	True
GCA_964026325.1_ERR7163067_concoct_90_euk	Hypocreales sp.	4	GCA_051529175.1_YNP59	Simplicillium lanosoniveum	Simplicillium	Cordycipitaceae	Hypocreales	Sordariomycetes		Ascomycota		91.3947	0	894/10000	True
GCA_964026325.1_ERR7163067_concoct_90_euk	Hypocreales sp.	5	GCA_051528555.1_YNP89	Simplicillium lanosoniveum	Simplicillium	Cordycipitaceae	Hypocreales	Sordariomycetes		Ascomycota		91.3849	0	892/10000	True
GCA_964026325.1_ERR7163067_concoct_90_euk	Hypocreales sp.	6	GCA_022702485.1_ASM2270248v1	Simplicillium sp. C3G150-2	Simplicillium	Cordycipitaceae	Hypocreales	Sordariomycetes		Ascomycota		90.1797	0	679/10000	True
GCA_964026325.1_ERR7163067_concoct_90_euk	Hypocreales sp.	7	GCA_037575625.1_SCNU_Pxan_1.0	Podosphaera xanthii	Podosphaera	Erysiphaceae	Helotiales	Leotiomycetes		Ascomycota		86.5686	0	307/10000	True
GCA_964026325.1_ERR7163067_concoct_90_euk	Hypocreales sp.	8	GCA_019843555.1_ASM1984355v1	Simplicillium aogashimaense	Simplicillium	Cordycipitaceae	Hypocreales	Sordariomycetes		Ascomycota		84.2638	0	187/10000	True
GCA_964026325.1_ERR7163067_concoct_90_euk	Hypocreales sp.	9	GCA_028455935.1_ASM2845593v1	Simplicillium aogashimaense	Simplicillium	Cordycipitaceae	Hypocreales	Sordariomycetes		Ascomycota		84.2638	0	187/10000	True
GCA_964026325.1_ERR7163067_concoct_90_euk	Hypocreales sp.	10	GCA_012273805.1_ASM1227380v1	Simplicillium aogashimaense	Simplicillium	Cordycipitaceae	Hypocreales	Sordariomycetes		Ascomycota		84.2135	0	185/10000	True
GCA_029295655.1_ASM2929565v1	Hypocreales sp.	1	GCA_029295265.1_ASM2929526v1	Sordariomycetes sp.				Sordariomycetes		Ascomycota		93.0994	0	1330/10000	True
GCA_029295655.1_ASM2929565v1	Hypocreales sp.	2	GCA_029295075.1_ASM2929507v1	Sordariomycetes sp.				Sordariomycetes		Ascomycota		93.0867	0	1326/10000	True
GCA_029295655.1_ASM2929565v1	Hypocreales sp.	3	GCA_029295175.1_ASM2929517v1	Sordariomycetes sp.				Sordariomycetes		Ascomycota		88.7665	0	496/10000	True
GCA_029295655.1_ASM2929565v1	Hypocreales sp.	4	GCA_029294915.1_ASM2929491v1	Sordariomycetes sp.				Sordariomycetes		Ascomycota		85.2896	0	233/10000	True
GCA_029295655.1_ASM2929565v1	Hypocreales sp.	5	GCA_000590965.1_pch_scV1	Phaeomoniella chlamydospora	Phaeomoniella	Phaeomoniellaceae	Phaeomoniellales	Eurotiomycetes		Ascomycota		77.6517	5.95924e-144	46/10000	True
GCA_029295655.1_ASM2929565v1	Hypocreales sp.	6	GCA_001006345.1_UCRPA7V1.0	Phaeomoniella chlamydospora	Phaeomoniella	Phaeomoniellaceae	Phaeomoniellales	Eurotiomycetes		Ascomycota		77.5475	2.51492e-140	45/10000	True
GCA_029295655.1_ASM2929565v1	Hypocreales sp.	7	GCA_004155245.1_ASM415524v1	Ramularia coccinea	Ramularia	Mycosphaerellaceae	Mycosphaerellales	Dothideomycetes		Ascomycota		69.3402	4.75773e-20	8/10000	True
GCA_029295655.1_ASM2929565v1	Hypocreales sp.	8	GCA_013461505.1_ASM1346150v1	Ramularia coccinea	Ramularia	Mycosphaerellaceae	Mycosphaerellales	Dothideomycetes		Ascomycota		69.3402	5.15587e-20	8/10000	True
GCA_029295655.1_ASM2929565v1	Hypocreales sp.	9	GCA_016808195.1_ASM1680819v1	Cytospora chrysosperma	Cytospora	Cytosporaceae	Diaporthales	Sordariomycetes		Ascomycota		69.3402	6.12057e-20	8/10000	True
GCA_029295655.1_ASM2929565v1	Hypocreales sp.	10	GCA_023375675.1_ASM2337567v1	Cytospora piceicola	Cytospora	Cytosporaceae	Diaporthales	Sordariomycetes		Ascomycota		69.3402	7.2124e-20	8/10000	True
GCA_029290695.1_ASM2929069v1	Hypocreales sp.	1	GCA_001600555.1_JCM_11844_assembly_v001	Albophoma yamanashiensis	Albophoma	Ophiocordycipitaceae	Hypocreales	Sordariomycetes		Ascomycota		69.9006	9.78014e-24	9/10000	True
GCA_029290695.1_ASM2929069v1	Hypocreales sp.	2	GCA_024340785.1_ASM2434078v1	Tolypocladium amazonense	Tolypocladium	Ophiocordycipitaceae	Hypocreales	Sordariomycetes		Ascomycota		69.9006	8.17751e-24	9/10000	True
GCA_029290695.1_ASM2929069v1	Hypocreales sp.	3	GCA_051623215.1_EHU_AYaman_Ill_Nano	Albophoma yamanashiensis	Albophoma	Ophiocordycipitaceae	Hypocreales	Sordariomycetes		Ascomycota		69.9006	9.71494e-24	9/10000	True
GCA_029290695.1_ASM2929069v1	Hypocreales sp.	4	GCA_003025155.1_Trilo3	Trichoderma longibrachiatum	Trichoderma	Hypocreaceae	Hypocreales	Sordariomycetes		Ascomycota		69.3402	7.89633e-21	8/10000	True
GCA_029290695.1_ASM2929069v1	Hypocreales sp.	5	GCA_900080695.1_O.bispora_draftGenome_ver1.0	Ophiocordyceps bispora	Ophiocordyceps	Ophiocordycipitaceae	Hypocreales	Sordariomycetes		Ascomycota		69.3402	1.45895e-22	8/10000	True
GCA_029290695.1_ASM2929069v1	Hypocreales sp.	6	GCA_000332775.1_smf2.v1.0	Trichoderma longibrachiatum	Trichoderma	Hypocreaceae	Hypocreales	Sordariomycetes		Ascomycota		68.7048	5.35561e-18	7/10000	True
GCA_029290695.1_ASM2929069v1	Hypocreales sp.	7	GCA_001950475.1_JCM_1883_assembly_v001	Trichoderma koningii	Trichoderma	Hypocreaceae	Hypocreales	Sordariomycetes		Ascomycota		68.7048	5.48643e-18	7/10000	True
GCA_029290695.1_ASM2929069v1	Hypocreales sp.	8	GCA_021186515.1_ASM2118651v1	Trichoderma harzianum	Trichoderma	Hypocreaceae	Hypocreales	Sordariomycetes		Ascomycota		68.7048	5.46476e-18	7/10000	True
GCA_029290695.1_ASM2929069v1	Hypocreales sp.	9	GCA_023628815.1_ASM2362881v1	Trichoderma longibrachiatum	Trichoderma	Hypocreaceae	Hypocreales	Sordariomycetes		Ascomycota		68.7048	5.41681e-18	7/10000	True
GCA_029290695.1_ASM2929069v1	Hypocreales sp.	10	GCA_024341135.1_ASM2434113v1	Tolypocladium album	Tolypocladium	Ophiocordycipitaceae	Hypocreales	Sordariomycetes		Ascomycota		68.7048	4.97415e-18	7/10000	True
GCA_051170975.1_iisc_KLYLS	Hypocreales sp. KLYLS	1	GCA_058369715.1_StYLS	Hypocreales sp. StYLS			Hypocreales	Sordariomycetes		Ascomycota		96.5797	0	3224/10000	True
GCA_051170975.1_iisc_KLYLS	Hypocreales sp. KLYLS	2	GCA_002939055.1_ASM293905v1	Hypocreales sp. Mo6-1			Hypocreales	Sordariomycetes		Ascomycota		79.5716	8.28773e-207	69/10000	True
GCA_051170975.1_iisc_KLYLS	Hypocreales sp. KLYLS	3	GCA_004142005.1_ASM414200v1	Hirsutella rhossiliensis	Hirsutella	Ophiocordycipitaceae	Hypocreales	Sordariomycetes		Ascomycota		79.5026	2.77513e-195	68/10000	True
GCA_051170975.1_iisc_KLYLS	Hypocreales sp. KLYLS	4	GCA_027405775.1_UoM1_assembly	Ophiocordyceps robertsii	Ophiocordyceps	Ophiocordycipitaceae	Hypocreales	Sordariomycetes		Ascomycota		79.0655	1.69064e-171	62/10000	True
GCA_051170975.1_iisc_KLYLS	Hypocreales sp. KLYLS	5	GCF_020360975.1_ASM2036097v1	Hirsutella rhossiliensis	Hirsutella	Ophiocordycipitaceae	Hypocreales	Sordariomycetes		Ascomycota		78.9886	5.00203e-169	61/10000	True
GCA_051170975.1_iisc_KLYLS	Hypocreales sp. KLYLS	6	GCA_027405785.1_UoM4_assembly	Ophiocordyceps robertsii	Ophiocordyceps	Ophiocordycipitaceae	Hypocreales	Sordariomycetes		Ascomycota		78.9103	1.02972e-164	60/10000	True
GCA_051170975.1_iisc_KLYLS	Hypocreales sp. KLYLS	7	GCA_050872005.1_ASM5087200v1	Purpureocillium sp. XYC-2025d	Purpureocillium	Ophiocordycipitaceae	Hypocreales	Sordariomycetes		Ascomycota		78.9103	1.39625e-174	60/10000	True
GCA_051170975.1_iisc_KLYLS	Hypocreales sp. KLYLS	8	GCA_012934285.1_ASM1293428v1	Ophiocordyceps sinensis	Ophiocordyceps	Ophiocordycipitaceae	Hypocreales	Sordariomycetes		Ascomycota		78.8308	3.71076e-161	59/10000	True
GCA_051170975.1_iisc_KLYLS	Hypocreales sp. KLYLS	9	GCA_002077885.1_OphSin1229	Ophiocordyceps sinensis	Ophiocordyceps	Ophiocordycipitaceae	Hypocreales	Sordariomycetes		Ascomycota		78.7498	5.26459e-158	58/10000	True
GCA_051170975.1_iisc_KLYLS	Hypocreales sp. KLYLS	10	GCA_020137565.1_ASM2013756v1	Ophiocordyceps sinensis	Ophiocordyceps	Ophiocordycipitaceae	Hypocreales	Sordariomycetes		Ascomycota		78.6675	1.28413e-154	57/10000	True
GCA_033060795.1_pgTrit_morethan500	Hypocreales sp. ML197-S3	1	GCA_039700845.1_ASM3970084v1	Alternaria alternata	Alternaria	Pleosporaceae	Pleosporales	Dothideomycetes		Ascomycota		99.7775	0	9127/10000	True
GCA_033060795.1_pgTrit_morethan500	Hypocreales sp. ML197-S3	2	GCA_023628775.1_ASM2362877v1	Lecanicillium sp. S3808	Lecanicillium	Cordycipitaceae	Hypocreales	Sordariomycetes		Ascomycota		99.5323	0	8289/10000	True
GCA_033060795.1_pgTrit_morethan500	Hypocreales sp. ML197-S3	3	GCA_002242745.2_ASM224274v2	Lecanicillium sp. LEC01	Lecanicillium	Cordycipitaceae	Hypocreales	Sordariomycetes		Ascomycota		88.0953	0	428/10000	True
GCA_033060795.1_pgTrit_morethan500	Hypocreales sp. ML197-S3	4	GCA_003056565.1_ASM305656v1	Lecanicillium sp. MT-2017a	Lecanicillium	Cordycipitaceae	Hypocreales	Sordariomycetes		Ascomycota		79.5716	1.6741e-198	69/10000	True
GCA_033060795.1_pgTrit_morethan500	Hypocreales sp. ML197-S3	5	GCA_003056585.1_ASM305658v1	Lecanicillium sp. MT-2017a	Lecanicillium	Cordycipitaceae	Hypocreales	Sordariomycetes		Ascomycota		79.5716	1.68251e-198	69/10000	True
GCA_033060795.1_pgTrit_morethan500	Hypocreales sp. ML197-S3	6	GCA_003056605.2_AZ2_2.1	Lecanicillium sp. MT-2017a	Lecanicillium	Cordycipitaceae	Hypocreales	Sordariomycetes		Ascomycota		79.5716	1.73204e-198	69/10000	True
GCA_033060795.1_pgTrit_morethan500	Hypocreales sp. ML197-S3	7	GCA_051527325.1_YNP40	Lecanicillium coprophilum	Lecanicillium	Cordycipitaceae	Hypocreales	Sordariomycetes		Ascomycota		78.7498	2.82112e-163	58/10000	True
GCA_033060795.1_pgTrit_morethan500	Hypocreales sp. ML197-S3	8	GCA_030787415.1_ASM3078741v1	Beauveria pseudobassiana	Beauveria	Cordycipitaceae	Hypocreales	Sordariomycetes		Ascomycota		74.3619	1.55723e-56	23/10000	True
GCA_033060795.1_pgTrit_morethan500	Hypocreales sp. ML197-S3	9	GCA_030784625.1_ASM3078462v1	Beauveria pseudobassiana	Beauveria	Cordycipitaceae	Hypocreales	Sordariomycetes		Ascomycota		73.9297	8.24396e-51	21/10000	True
GCA_033060795.1_pgTrit_morethan500	Hypocreales sp. ML197-S3	10	GCA_030787215.1_ASM3078721v1	Beauveria pseudobassiana	Beauveria	Cordycipitaceae	Hypocreales	Sordariomycetes		Ascomycota		73.9297	7.57747e-51	21/10000	True
GCA_002939055.1_ASM293905v1	Hypocreales sp. Mo6-1	1	GCA_051528675.1_YNP81	Ophiocordyceps aphodii	Ophiocordyceps	Ophiocordycipitaceae	Hypocreales	Sordariomycetes		Ascomycota		82.8398	0	138/10000	True
GCA_002939055.1_ASM293905v1	Hypocreales sp. Mo6-1	2	GCA_050872005.1_ASM5087200v1	Purpureocillium sp. XYC-2025d	Purpureocillium	Ophiocordycipitaceae	Hypocreales	Sordariomycetes		Ascomycota		80.8269	3.14455e-275	90/10000	True
GCA_002939055.1_ASM293905v1	Hypocreales sp. Mo6-1	3	GCA_024340025.1_ASM2434002v1	Tolypocladium tundrense	Tolypocladium	Ophiocordycipitaceae	Hypocreales	Sordariomycetes		Ascomycota		80.3295	7.2039e-244	81/10000	True
GCA_002939055.1_ASM293905v1	Hypocreales sp. Mo6-1	4	GCA_023972975.1_ASM2397297v1	Tolypocladium cylindrosporum	Tolypocladium	Ophiocordycipitaceae	Hypocreales	Sordariomycetes		Ascomycota		80.2708	3.56711e-240	80/10000	True
GCA_002939055.1_ASM293905v1	Hypocreales sp. Mo6-1	5	GCA_024340505.1_ASM2434050v1	Tolypocladium nubicola	Tolypocladium	Ophiocordycipitaceae	Hypocreales	Sordariomycetes		Ascomycota		80.2708	5.94445e-242	80/10000	True
GCA_002939055.1_ASM293905v1	Hypocreales sp. Mo6-1	6	GCA_024340765.1_ASM2434076v1	Tolypocladium cylindrosporum	Tolypocladium	Ophiocordycipitaceae	Hypocreales	Sordariomycetes		Ascomycota		80.2708	6.22907e-240	80/10000	True
GCA_002939055.1_ASM293905v1	Hypocreales sp. Mo6-1	7	GCA_051527655.1_YNP25	Tolypocladium cylindrosporum	Tolypocladium	Ophiocordycipitaceae	Hypocreales	Sordariomycetes		Ascomycota		80.2708	3.40909e-240	80/10000	True
GCA_002939055.1_ASM293905v1	Hypocreales sp. Mo6-1	8	GCA_000750105.3_ASM75010v3	Tolypocladium sp. Sup5 PDA-1	Tolypocladium	Ophiocordycipitaceae	Hypocreales	Sordariomycetes		Ascomycota		80.0284	1.66269e-223	76/10000	True
GCA_002939055.1_ASM293905v1	Hypocreales sp. Mo6-1	9	GCA_024340515.1_ASM2434051v1	Tolypocladium geodes	Tolypocladium	Ophiocordycipitaceae	Hypocreales	Sordariomycetes		Ascomycota		80.0284	2.37391e-224	76/10000	True
GCA_002939055.1_ASM293905v1	Hypocreales sp. Mo6-1	10	GCA_003945575.1_ASM394557v1	Tolypocladium inflatum	Tolypocladium	Ophiocordycipitaceae	Hypocreales	Sordariomycetes		Ascomycota		79.9024	4.96683e-220	74/10000	True
GCA_040955585.1_ASM4095558v1	Hypocreales sp. O35	1	GCA_002991585.1_ASM299158v1	Ilyonectria mors-panacis	Ilyonectria	Nectriaceae	Hypocreales	Sordariomycetes		Ascomycota		73.4540	2.39634e-42	19/10000	True
GCA_040955585.1_ASM4095558v1	Hypocreales sp. O35	2	GCA_003385255.1_ASM338525v1	Corinectria fuckeliana	Corinectria	Nectriaceae	Hypocreales	Sordariomycetes		Ascomycota		73.4540	5.64639e-44	19/10000	True
GCA_040955585.1_ASM4095558v1	Hypocreales sp. O35	3	GCA_019137255.1_ASM1913725v1	Corinectria fuckeliana	Corinectria	Nectriaceae	Hypocreales	Sordariomycetes		Ascomycota		73.4540	1.22625e-43	19/10000	True
GCA_040955585.1_ASM4095558v1	Hypocreales sp. O35	4	GCA_045528745.1_TL_CF_CBS239.29	Corinectria fuckeliana	Corinectria	Nectriaceae	Hypocreales	Sordariomycetes		Ascomycota		73.4540	2.85175e-44	19/10000	True
GCA_040955585.1_ASM4095558v1	Hypocreales sp. O35	5	GCA_013420875.1_ASM1342087v1	Thelonectria rubi	Thelonectria	Nectriaceae	Hypocreales	Sordariomycetes		Ascomycota		73.1970	8.30796e-41	18/10000	True
GCA_040955585.1_ASM4095558v1	Hypocreales sp. O35	6	GCA_013756995.1_ASM1375699v1	Neonectria neomacrospora	Neonectria	Nectriaceae	Hypocreales	Sordariomycetes		Ascomycota		73.1970	7.47528e-41	18/10000	True
GCA_040955585.1_ASM4095558v1	Hypocreales sp. O35	7	GCA_030370815.1_UoG_IMP.RR3A14-1_1.0	Ilyonectria mors-panacis	Ilyonectria	Nectriaceae	Hypocreales	Sordariomycetes		Ascomycota		73.1970	1.16915e-39	18/10000	True
GCA_040955585.1_ASM4095558v1	Hypocreales sp. O35	8	GCA_030370895.1_UoG_IMP.RD3U14-8_1.0	Ilyonectria mors-panacis	Ilyonectria	Nectriaceae	Hypocreales	Sordariomycetes		Ascomycota		73.1970	1.05838e-39	18/10000	True
GCA_040955585.1_ASM4095558v1	Hypocreales sp. O35	9	GCA_030370915.1_UoG_IMP.RD3U14-5_1.0	Ilyonectria mors-panacis	Ilyonectria	Nectriaceae	Hypocreales	Sordariomycetes		Ascomycota		73.1970	1.2015e-39	18/10000	True
GCA_040955585.1_ASM4095558v1	Hypocreales sp. O35	10	GCA_030370945.1_UoG_IMP.ND4Z15_1.0	Ilyonectria mors-panacis	Ilyonectria	Nectriaceae	Hypocreales	Sordariomycetes		Ascomycota		73.1970	1.18131e-39	18/10000	True
GCA_058369715.1_StYLS	Hypocreales sp. StYLS	1	GCA_051170975.1_iisc_KLYLS	Hypocreales sp. KLYLS			Hypocreales	Sordariomycetes		Ascomycota		96.5797	0	3224/10000	True
GCA_058369715.1_StYLS	Hypocreales sp. StYLS	2	GCA_004142005.1_ASM414200v1	Hirsutella rhossiliensis	Hirsutella	Ophiocordycipitaceae	Hypocreales	Sordariomycetes		Ascomycota		79.8381	2.81699e-213	73/10000	True
GCA_058369715.1_StYLS	Hypocreales sp. StYLS	3	GCA_002939055.1_ASM293905v1	Hypocreales sp. Mo6-1			Hypocreales	Sordariomycetes		Ascomycota		79.6396	2.51616e-211	70/10000	True
GCA_058369715.1_StYLS	Hypocreales sp. StYLS	4	GCF_020360975.1_ASM2036097v1	Hirsutella rhossiliensis	Hirsutella	Ophiocordycipitaceae	Hypocreales	Sordariomycetes		Ascomycota		79.5716	2.77458e-196	69/10000	True
GCA_058369715.1_StYLS	Hypocreales sp. StYLS	5	GCA_050872005.1_ASM5087200v1	Purpureocillium sp. XYC-2025d	Purpureocillium	Ophiocordycipitaceae	Hypocreales	Sordariomycetes		Ascomycota		79.3613	1.02024e-195	66/10000	True
GCA_058369715.1_StYLS	Hypocreales sp. StYLS	6	GCA_027405775.1_UoM1_assembly	Ophiocordyceps robertsii	Ophiocordyceps	Ophiocordycipitaceae	Hypocreales	Sordariomycetes		Ascomycota		79.2158	2.10992e-179	64/10000	True
GCA_058369715.1_StYLS	Hypocreales sp. StYLS	7	GCA_027405785.1_UoM4_assembly	Ophiocordyceps robertsii	Ophiocordyceps	Ophiocordycipitaceae	Hypocreales	Sordariomycetes		Ascomycota		79.2158	6.05727e-179	64/10000	True
GCA_058369715.1_StYLS	Hypocreales sp. StYLS	8	GCA_002591385.1_Hirsu2	Cordyceps sp. RAO-2017	Cordyceps	Cordycipitaceae	Hypocreales	Sordariomycetes		Ascomycota		78.8308	1.61564e-171	59/10000	True
GCA_058369715.1_StYLS	Hypocreales sp. StYLS	9	GCA_012934285.1_ASM1293428v1	Ophiocordyceps sinensis	Ophiocordyceps	Ophiocordycipitaceae	Hypocreales	Sordariomycetes		Ascomycota		78.8308	1.25298e-162	59/10000	True
GCA_058369715.1_StYLS	Hypocreales sp. StYLS	10	GCA_002077885.1_OphSin1229	Ophiocordyceps sinensis	Ophiocordyceps	Ophiocordycipitaceae	Hypocreales	Sordariomycetes		Ascomycota		78.7498	1.87813e-159	58/10000	True
GCA_027569635.1_ASM2756963v1	Lasiosphaeriaceae sp. G1095	1	GCA_033439775.1_Poddi1	Podospora didyma	Podospora	Podosporaceae	Sordariales	Sordariomycetes		Ascomycota		79.6396	1.1839e-188	70/10000	True
GCA_027569635.1_ASM2756963v1	Lasiosphaeriaceae sp. G1095	2	GCA_033439765.1_Lasov1	Lasiosphaeria ovina	Lasiosphaeria	Lasiosphaeriaceae	Sordariales	Sordariomycetes		Ascomycota		75.9302	8.14869e-76	32/10000	True
GCA_027569635.1_ASM2756963v1	Lasiosphaeriaceae sp. G1095	3	GCF_030549165.1_Lasmin1	Lasiosphaeria miniovina	Lasiosphaeria	Lasiosphaeriaceae	Sordariales	Sordariomycetes		Ascomycota		75.1236	1.66594e-62	27/10000	True
GCA_027569635.1_ASM2756963v1	Lasiosphaeriaceae sp. G1095	4	GCA_030685255.1_Schcon1	Podospora conica	Podospora	Podosporaceae	Sordariales	Sordariomycetes		Ascomycota		74.3619	2.29456e-52	23/10000	True
GCA_027569635.1_ASM2756963v1	Lasiosphaeriaceae sp. G1095	5	GCA_033439745.1_Lashi1	Lasiosphaeria hispida	Lasiosphaeria	Lasiosphaeriaceae	Sordariales	Sordariomycetes		Ascomycota		73.9297	8.99793e-47	21/10000	True
GCA_027569635.1_ASM2756963v1	Lasiosphaeriaceae sp. G1095	6	GCA_050707055.1_ASM5070705v1	Podospora tetraspora	Podospora	Podosporaceae	Sordariales	Sordariomycetes		Ascomycota		73.9297	3.52125e-49	21/10000	True
GCA_027569635.1_ASM2756963v1	Lasiosphaeriaceae sp. G1095	7	GCA_050705275.1_ASM5070527v1	Podospora tetraspora	Podospora	Podosporaceae	Sordariales	Sordariomycetes		Ascomycota		73.6978	2.18137e-46	20/10000	True
GCA_027569635.1_ASM2756963v1	Lasiosphaeriaceae sp. G1095	8	GCA_050706075.1_ASM5070607v1	Schizothecium sp. GE-2024h	Schizothecium	Schizotheciaceae	Sordariales	Sordariomycetes		Ascomycota		73.6978	2.44284e-46	20/10000	True
GCA_027569635.1_ASM2756963v1	Lasiosphaeriaceae sp. G1095	9	GCA_050706195.1_ASM5070619v1	Podospora tetraspora	Podospora	Podosporaceae	Sordariales	Sordariomycetes		Ascomycota		73.6978	2.52391e-46	20/10000	True
GCA_027569635.1_ASM2756963v1	Lasiosphaeriaceae sp. G1095	10	GCA_050706335.1_ASM5070633v1	Schizothecium sp. GE-2024h	Schizothecium	Schizotheciaceae	Sordariales	Sordariomycetes		Ascomycota		73.6978	2.33505e-46	20/10000	True
GCA_964254455.1_public_SRR14722160_concoct_bin.3	Lecanorales sp.	1	GCA_033220425.1_Lene_EWU_01	Lepraria neglecta	Lepraria	Stereocaulaceae	Lecanorales	Lecanoromycetes		Ascomycota		77.9511	9.64357e-133	49/10000	True
GCA_964254455.1_public_SRR14722160_concoct_bin.3	Lecanorales sp.	2	GCA_042464665.1_ASM4246466v1	Lepraria finkii	Lepraria	Stereocaulaceae	Lecanorales	Lecanoromycetes		Ascomycota		76.6192	1.30247e-96	37/10000	True
GCA_964254455.1_public_SRR14722160_concoct_bin.3	Lecanorales sp.	3	GCA_964257485.1_public_SRR14722018_metabat2_bin.2	Lepraria oxybapha	Lepraria	Stereocaulaceae	Lecanorales	Lecanoromycetes		Ascomycota		76.6192	1.97327e-103	37/10000	True
GCA_964254455.1_public_SRR14722160_concoct_bin.3	Lecanorales sp.	4	GCA_937857285.1_SRR13685173_bin.1_CONCOCT_v1.1_MAG	Lepraria sp.	Lepraria	Stereocaulaceae	Lecanorales	Lecanoromycetes		Ascomycota		76.3555	7.03698e-97	35/10000	True
GCA_964254455.1_public_SRR14722160_concoct_bin.3	Lecanorales sp.	5	GCA_964254625.1_public_SRR14722272_metabat2_bin.6	Lepraria leprolomopsis	Lepraria	Stereocaulaceae	Lecanorales	Lecanoromycetes		Ascomycota		76.3555	1.1959e-92	35/10000	True
GCA_964254455.1_public_SRR14722160_concoct_bin.3	Lecanorales sp.	6	GCA_042464655.1_ASM4246465v1	Stereocaulon virgatum	Stereocaulon	Stereocaulaceae	Lecanorales	Lecanoromycetes		Ascomycota		75.7795	1.52419e-79	31/10000	True
GCA_964254455.1_public_SRR14722160_concoct_bin.3	Lecanorales sp.	7	GCA_964254575.1_public_SRR14722041_metabat2_bin.10	Stereocaulon dactylophyllum	Stereocaulon	Stereocaulaceae	Lecanorales	Lecanoromycetes		Ascomycota		75.7795	2.99972e-81	31/10000	True
GCA_964254455.1_public_SRR14722160_concoct_bin.3	Lecanorales sp.	8	GCA_018257865.1_ASM1825786v1	Stereocaulon alpinum	Stereocaulon	Stereocaulaceae	Lecanorales	Lecanoromycetes		Ascomycota		75.2963	3.07584e-70	28/10000	True
GCA_964254455.1_public_SRR14722160_concoct_bin.3	Lecanorales sp.	9	GCA_964255445.1_public_SRR14722319_metabat2_bin.1	Cladonia furcata	Cladonia	Cladoniaceae	Lecanorales	Lecanoromycetes		Ascomycota		72.9253	1.31892e-40	17/10000	True
GCA_964254455.1_public_SRR14722160_concoct_bin.3	Lecanorales sp.	10	GCA_937857105.1_SRR13685129_bin.54_CONCOCT_v1.1_MAG	Cladonia sp.	Cladonia	Cladoniaceae	Lecanorales	Lecanoromycetes		Ascomycota		72.3303	2.48853e-35	15/10000	True
GCA_937857895.1_SRR13685132_bin.23_CONCOCT_v1.1_MAG	Lecanoromycetes sp.	1	GCA_964256505.1_public_SRR14721987_metabat2_bin.1	Lecanora subimmergens	Lecanora	Lecanoraceae	Lecanorales	Lecanoromycetes		Ascomycota		99.8657	0	9459/10000	True
GCA_937857895.1_SRR13685132_bin.23_CONCOCT_v1.1_MAG	Lecanoromycetes sp.	2	GCA_964255375.1_public_SRR14722078_concoct_bin.17	Lecanora oreinoides	Lecanora	Lecanoraceae	Lecanorales	Lecanoromycetes		Ascomycota		72.3303	1.6977e-35	15/10000	True
GCA_937857895.1_SRR13685132_bin.23_CONCOCT_v1.1_MAG	Lecanoromycetes sp.	3	GCA_964254475.1_public_SRR14722154_metabat2_bin.3	Lecanora strobilina	Lecanora	Lecanoraceae	Lecanorales	Lecanoromycetes		Ascomycota		71.2691	9.01681e-28	12/10000	True
GCA_937857895.1_SRR13685132_bin.23_CONCOCT_v1.1_MAG	Lecanoromycetes sp.	4	GCA_964255525.1_public_SRR14722232_concoct_bin.14	Lecanora rugosella	Lecanora	Lecanoraceae	Lecanorales	Lecanoromycetes		Ascomycota		71.2691	3.9568e-28	12/10000	True
GCA_937857895.1_SRR13685132_bin.23_CONCOCT_v1.1_MAG	Lecanoromycetes sp.	5	GCA_964256165.1_public_SRR14722163_concoct_bin.11	Lecanora atra	Lecanora	Lecanoraceae	Lecanorales	Lecanoromycetes		Ascomycota		71.2691	8.24281e-28	12/10000	True
GCA_937857895.1_SRR13685132_bin.23_CONCOCT_v1.1_MAG	Lecanoromycetes sp.	6	GCA_964257245.1_public_SRR14721962_metabat2_bin.6	Ramalina petrina	Ramalina	Ramalinaceae	Lecanorales	Lecanoromycetes		Ascomycota		71.2691	2.88378e-28	12/10000	True
GCA_937857895.1_SRR13685132_bin.23_CONCOCT_v1.1_MAG	Lecanoromycetes sp.	7	GCA_964254635.1_public_SRR14722309_metabat2_bin.1	Lecanora markjohnstonii	Lecanora	Lecanoraceae	Lecanorales	Lecanoromycetes		Ascomycota		70.4019	1.75296e-22	10/10000	True
GCA_937857895.1_SRR13685132_bin.23_CONCOCT_v1.1_MAG	Lecanoromycetes sp.	8	GCA_009733775.1_ASM973377v1	Alectoria sarmentosa	Alectoria	Parmeliaceae	Lecanorales	Lecanoromycetes		Ascomycota		69.9006	2.26579e-19	9/10000	True
GCA_937857895.1_SRR13685132_bin.23_CONCOCT_v1.1_MAG	Lecanoromycetes sp.	9	GCA_051942125.1_KEW_Prte	Psora testacea	Psora	Psoraceae	Lecanorales	Lecanoromycetes		Ascomycota		69.9006	2.67804e-20	9/10000	True
GCA_937857895.1_SRR13685132_bin.23_CONCOCT_v1.1_MAG	Lecanoromycetes sp.	10	GCA_964254905.1_private_VT31_metabat2_bin.4	Bryoria fremontii	Bryoria	Parmeliaceae	Lecanorales	Lecanoromycetes		Ascomycota		69.9006	1.41701e-19	9/10000	True
GCA_035521555.1_Uapishka_2	Lecanoromycetidae sp. Uapishka_2	1	GCA_022814085.1_ASM2281408v1	Puttea exsequens	Puttea		Lecanorales	Lecanoromycetes		Ascomycota		69.3402	1.9259e-17	8/10000	True
GCA_035521555.1_Uapishka_2	Lecanoromycetidae sp. Uapishka_2	2	GCA_937857905.1_SRR13685131_bin.26_CONCOCT_v1.1_MAG	uncultured Alectoria		Parmeliaceae	Lecanorales	Lecanoromycetes		Ascomycota		69.3402	3.58979e-17	8/10000	True
GCA_035521555.1_Uapishka_2	Lecanoromycetidae sp. Uapishka_2	3	GCA_964255445.1_public_SRR14722319_metabat2_bin.1	Cladonia furcata	Cladonia	Cladoniaceae	Lecanorales	Lecanoromycetes		Ascomycota		69.3402	2.77032e-17	8/10000	True
GCA_035521555.1_Uapishka_2	Lecanoromycetidae sp. Uapishka_2	4	GCA_964257365.1_private_T1888_metabat2_bin.51	Puttea exsequens	Puttea		Lecanorales	Lecanoromycetes		Ascomycota		69.3402	1.82636e-17	8/10000	True
GCA_035521555.1_Uapishka_2	Lecanoromycetidae sp. Uapishka_2	5	GCA_000150555.1_ASM15055v1	Coccidioides posadasii	Coccidioides	Onygenaceae	Onygenales	Eurotiomycetes		Ascomycota		68.7048	5.51749e-15	7/10000	True
GCA_035521555.1_Uapishka_2	Lecanoromycetidae sp. Uapishka_2	6	GCA_018257855.2_ASM1825785v2	Cladonia borealis	Cladonia	Cladoniaceae	Lecanorales	Lecanoromycetes		Ascomycota		68.7048	1.4993e-14	7/10000	True
GCA_035521555.1_Uapishka_2	Lecanoromycetidae sp. Uapishka_2	7	GCA_059794255.1_ASM5979425v1	Crespoa schelpei	Crespoa	Parmeliaceae	Lecanorales	Lecanoromycetes		Ascomycota		68.7048	4.95746e-16	7/10000	True
GCA_035521555.1_Uapishka_2	Lecanoromycetidae sp. Uapishka_2	8	GCA_964255555.1_public_SRR5808930_metabat2_bin.9	Evernia prunastri	Evernia	Parmeliaceae	Lecanorales	Lecanoromycetes		Ascomycota		68.7048	1.53735e-14	7/10000	True
GCA_035521555.1_Uapishka_2	Lecanoromycetidae sp. Uapishka_2	9	GCA_964255965.1_private_X12_concoct_bin.4	Alectoria sarmentosa	Alectoria	Parmeliaceae	Lecanorales	Lecanoromycetes		Ascomycota		68.7048	9.78566e-15	7/10000	True
GCA_035521555.1_Uapishka_2	Lecanoromycetidae sp. Uapishka_2	10	GCA_964256155.1_public_SRR14722140_metabat2_bin.5	Platismatia tuckermanii	Platismatia	Parmeliaceae	Lecanorales	Lecanoromycetes		Ascomycota		68.7048	6.51547e-15	7/10000	True
GCA_964256305.1_public_SRR14722188_metabat2_bin.28	leotiomyceta sp.	1	GCA_964256245.1_public_SRR14722176_concoct_bin.30	Verrucariales sp.			Verrucariales	Eurotiomycetes		Ascomycota		76.2180	1.00407e-101	34/10000	True
GCA_964256305.1_public_SRR14722188_metabat2_bin.28	leotiomyceta sp.	2	GCA_026025805.1_ASM2602580v1	Thelocarpon impressellum	Thelocarpon	Thelocarpaceae	Thelocarpales			Ascomycota		72.9253	2.81313e-46	17/10000	True
GCA_964256305.1_public_SRR14722188_metabat2_bin.28	leotiomyceta sp.	3	GCA_001676865.1_ASM167686v1	Ceratocystiopsis minuta	Ceratocystiopsis	Ophiostomataceae	Ophiostomatales	Sordariomycetes		Ascomycota		71.2691	2.55436e-31	12/10000	True
GCA_964256305.1_public_SRR14722188_metabat2_bin.28	leotiomyceta sp.	4	GCA_026025795.1_ASM2602579v1	Thelocarpon superellum	Thelocarpon	Thelocarpaceae	Thelocarpales			Ascomycota		70.8553	1.46847e-28	11/10000	True
GCA_964256305.1_public_SRR14722188_metabat2_bin.28	leotiomyceta sp.	5	GCA_001455505.1_ASM145550v1	Leptographium lundbergii	Leptographium	Ophiostomataceae	Ophiostomatales	Sordariomycetes		Ascomycota		69.9006	1.82607e-22	9/10000	True
GCA_964256305.1_public_SRR14722188_metabat2_bin.28	leotiomyceta sp.	6	GCA_059058375.1_ASM5905837v1	Leptographium truncatum	Leptographium	Ophiostomataceae	Ophiostomatales	Sordariomycetes		Ascomycota		69.9006	2.15072e-22	9/10000	True
GCA_964256305.1_public_SRR14722188_metabat2_bin.28	leotiomyceta sp.	7	GCA_019925685.1_ASM1992568v1	Ceratocystiopsis sp. VPRI43766	Ceratocystiopsis	Ophiostomataceae	Ophiostomatales	Sordariomycetes		Ascomycota		69.3402	5.66733e-20	8/10000	True
GCA_964256305.1_public_SRR14722188_metabat2_bin.28	leotiomyceta sp.	8	GCF_000281105.1_Coni_apol_CBS100218_V1	Coniosporium apollinis	Coniosporium			Dothideomycetes		Ascomycota		69.3402	1.21566e-19	8/10000	True
GCA_964256305.1_public_SRR14722188_metabat2_bin.28	leotiomyceta sp.	9	GCA_001938055.1_ASM193805v1	Grosmannia penicillata	Grosmannia	Ophiostomataceae	Ophiostomatales	Sordariomycetes		Ascomycota		68.7048	5.12533e-17	7/10000	True
GCA_964256305.1_public_SRR14722188_metabat2_bin.28	leotiomyceta sp.	10	GCA_002778075.1_ASM277807v1	Grosmannia penicillata	Grosmannia	Ophiostomataceae	Ophiostomatales	Sordariomycetes		Ascomycota		68.7048	5.62201e-17	7/10000	True
GCA_043791855.1_ASM4379185v1	Leotiomycetes sp. Styx10C10m-37	1	GCA_035926935.1_ASM3592693v1	Lithohypha guttulata	Lithohypha	Trichomeriaceae	Chaetothyriales	Eurotiomycetes		Ascomycota		69.3402	1.32847e-17	8/10000	True
GCA_043791855.1_ASM4379185v1	Leotiomycetes sp. Styx10C10m-37	2	GCA_002104945.1_Piromyces_sp._finnis_v3.0	Piromyces finnis	Piromyces	Neocallimastigaceae	Neocallimastigales	Neocallimastigomycetes		Neocallimastigomycota		68.7048	3.98967e-14	7/10000	True
GCA_043791855.1_ASM4379185v1	Leotiomycetes sp. Styx10C10m-37	3	GCA_030770415.1_LANL_DS1613_1.0	Pleoardoris graminearum	Pleoardoris	Didymosphaeriaceae	Pleosporales	Dothideomycetes		Ascomycota		68.7048	1.17336e-13	7/10000	True
GCA_043791855.1_ASM4379185v1	Leotiomycetes sp. Styx10C10m-37	4	GCA_035926885.1_ASM3592688v1	Lithohypha guttulata	Lithohypha	Trichomeriaceae	Chaetothyriales	Eurotiomycetes		Ascomycota		68.7048	3.40659e-15	7/10000	True
GCA_043791855.1_ASM4379185v1	Leotiomycetes sp. Styx10C10m-37	5	GCF_036872675.1_ASM3687267v1	Lithohypha guttulata	Lithohypha	Trichomeriaceae	Chaetothyriales	Eurotiomycetes		Ascomycota		68.7048	3.37784e-15	7/10000	True
GCA_043791855.1_ASM4379185v1	Leotiomycetes sp. Styx10C10m-37	6	GCA_004367935.1_ASM436793v1	Colletotrichum sidae	Colletotrichum	Glomerellaceae	Glomerellales	Sordariomycetes		Ascomycota		67.9713	1.19129e-11	6/10000	True
GCA_043791855.1_ASM4379185v1	Leotiomycetes sp. Styx10C10m-37	7	GCA_013423095.1_ASM1342309v1	Pyricularia oryzae	Pyricularia	Pyriculariaceae	Magnaporthales	Sordariomycetes		Ascomycota		67.9713	3.03545e-12	6/10000	True
GCA_043791855.1_ASM4379185v1	Leotiomycetes sp. Styx10C10m-37	8	GCA_033171785.1_ASM3317178v1	Xylaria bambusicola	Xylaria	Xylariaceae	Xylariales	Sordariomycetes		Ascomycota		67.9713	1.04839e-11	6/10000	True
GCA_043791855.1_ASM4379185v1	Leotiomycetes sp. Styx10C10m-37	9	GCA_054127445.1_ASM5412744v1	Trichoderma hamatum	Trichoderma	Hypocreaceae	Hypocreales	Sordariomycetes		Ascomycota		67.9713	3.19103e-12	6/10000	True
GCA_043791855.1_ASM4379185v1	Leotiomycetes sp. Styx10C10m-37	10	GCA_056883185.1_ASM5688318v1	Xylaria sp. XSP14	Xylaria	Xylariaceae	Xylariales	Sordariomycetes		Ascomycota		67.9713	5.2294e-12	6/10000	True
GCA_964255695.1_public_SRR14722165_metabat2_bin.16	Leprocaulales sp.	1	GCA_964257295.1_public_SRR14721974_metabat2_bin.1	Hypotrachyna catawbiensis	Hypotrachyna	Parmeliaceae	Lecanorales	Lecanoromycetes		Ascomycota		67.9713	1.79496e-13	6/10000	True
GCA_964255695.1_public_SRR14722165_metabat2_bin.16	Leprocaulales sp.	2	GCA_023647215.1_KEW_Xsp2	Xanthoria sp. 2 TBL-2021	Xanthoria	Teloschistaceae	Teloschistales	Lecanoromycetes		Ascomycota		67.1035	8.84209e-11	5/10000	True
GCA_964255695.1_public_SRR14722165_metabat2_bin.16	Leprocaulales sp.	3	GCA_051941485.1_KEW_Casp2	cf. Caloplaca sp. 2 TL-2023	Caloplaca	Teloschistaceae	Teloschistales	Lecanoromycetes		Ascomycota		67.1035	9.0591e-11	5/10000	True
GCA_964255695.1_public_SRR14722165_metabat2_bin.16	Leprocaulales sp.	4	GCA_964255385.1_public_SRR14722086_metabat2_bin.14	Lichinales sp.			Lichinales	Lichinomycetes		Ascomycota		67.1035	3.02594e-11	5/10000	True
GCA_964255695.1_public_SRR14722165_metabat2_bin.16	Leprocaulales sp.	5	GCA_964257415.1_public_SRR14721959_metabat2_bin.2	Ionaspis lacustris	Ionaspis	Hymeneliaceae	Hymeneliales	Lecanoromycetes		Ascomycota		67.1035	2.5163e-11	5/10000	True
GCA_964255695.1_public_SRR14722165_metabat2_bin.16	Leprocaulales sp.	6	GCA_004380135.1_ASM438013v1	Stemphylium vesicarium	Stemphylium	Pleosporaceae	Pleosporales	Dothideomycetes		Ascomycota		66.0414	1.85159e-08	4/10000	True
GCA_964255695.1_public_SRR14722165_metabat2_bin.16	Leprocaulales sp.	7	GCA_022814085.1_ASM2281408v1	Puttea exsequens	Puttea		Lecanorales	Lecanoromycetes		Ascomycota		66.0414	1.09676e-08	4/10000	True
GCA_964255695.1_public_SRR14722165_metabat2_bin.16	Leprocaulales sp.	8	GCA_030406955.1_ASM3040695v1	Beauveria bassiana	Beauveria	Cordycipitaceae	Hypocreales	Sordariomycetes		Ascomycota		66.0414	1.4761e-08	4/10000	True
GCA_964255695.1_public_SRR14722165_metabat2_bin.16	Leprocaulales sp.	9	GCA_030406965.1_ASM3040696v1	Beauveria bassiana	Beauveria	Cordycipitaceae	Hypocreales	Sordariomycetes		Ascomycota		66.0414	1.41617e-08	4/10000	True
GCA_964255695.1_public_SRR14722165_metabat2_bin.16	Leprocaulales sp.	10	GCA_030772495.1_ASM3077249v1	Beauveria bassiana	Beauveria	Cordycipitaceae	Hypocreales	Sordariomycetes		Ascomycota		66.0414	1.57213e-08	4/10000	True
GCA_964255385.1_public_SRR14722086_metabat2_bin.14	Lichinales sp.	1	GCA_000223175.2_ClPasp_1.0	Claviceps paspali	Claviceps	Clavicipitaceae	Hypocreales	Sordariomycetes		Ascomycota		69.3402	6.77761e-18	8/10000	True
GCA_964255385.1_public_SRR14722086_metabat2_bin.14	Lichinales sp.	2	GCA_011319275.2_ASM1131927v2	Echinosphaeria canescens	Echinosphaeria	Helminthosphaeriaceae	Sordariales	Sordariomycetes		Ascomycota		69.3402	7.77136e-18	8/10000	True
GCA_964255385.1_public_SRR14722086_metabat2_bin.14	Lichinales sp.	3	GCA_013168865.1_ASM1316886v1	Claviceps paspali	Claviceps	Clavicipitaceae	Hypocreales	Sordariomycetes		Ascomycota		69.3402	7.21911e-18	8/10000	True
GCA_964255385.1_public_SRR14722086_metabat2_bin.14	Lichinales sp.	4	GCA_013435705.1_ASM1343570v1	Claviceps paspali	Claviceps	Clavicipitaceae	Hypocreales	Sordariomycetes		Ascomycota		69.3402	7.34898e-18	8/10000	True
GCA_964255385.1_public_SRR14722086_metabat2_bin.14	Lichinales sp.	5	GCA_026054615.1_ASM2605461v1	Peltula sp. TS41687	Peltula	Phylliscaceae	Lichinales	Lichinomycetes		Ascomycota		69.3402	5.28264e-18	8/10000	True
GCA_964255385.1_public_SRR14722086_metabat2_bin.14	Lichinales sp.	6	GCA_029300415.1_ASM2930041v1	Ascomycota sp.						Ascomycota		69.3402	2.86744e-18	8/10000	True
GCA_964255385.1_public_SRR14722086_metabat2_bin.14	Lichinales sp.	7	GCA_029606135.1_ASM2960613v1	Paecilomyces variotii	Paecilomyces	Thermoascaceae	Eurotiales	Eurotiomycetes		Ascomycota		69.3402	6.95345e-18	8/10000	True
GCA_964255385.1_public_SRR14722086_metabat2_bin.14	Lichinales sp.	8	GCA_900108815.1_ASM90010881v1	Geosmithia morbida	Geosmithia	Bionectriaceae	Hypocreales	Sordariomycetes		Ascomycota		69.3402	5.3785e-18	8/10000	True
GCA_964255385.1_public_SRR14722086_metabat2_bin.14	Lichinales sp.	9	GCA_900322975.1_Pse_flocc_v1	Pseudozyma flocculosa	Pseudozyma	Ustilaginaceae	Ustilaginales	Ustilaginomycetes		Basidiomycota		69.3402	5.79879e-18	8/10000	True
GCA_964255385.1_public_SRR14722086_metabat2_bin.14	Lichinales sp.	10	GCA_964256205.1_public_SRR14722164_metabat2_bin.2	Lecidea tessellata	Lecidea	Lecideaceae	Lecideales	Lecanoromycetes		Ascomycota		69.3402	3.88191e-18	8/10000	True
GCA_046254935.1_ASM4625493v1	Lobulomycetales sp.	1	GCA_000347475.1_Ppaxilli_v.1.0	Penicillium paxilli	Penicillium	Aspergillaceae	Eurotiales	Eurotiomycetes		Ascomycota		67.1035	2.90398e-11	5/10000	True
GCA_046254935.1_ASM4625493v1	Lobulomycetales sp.	2	GCA_001600595.1_JCM_10691_assembly_v001	Apiotrichum veenhuisii	Apiotrichum	Trichosporonaceae	Trichosporonales	Tremellomycetes		Basidiomycota		67.1035	2.55651e-11	5/10000	True
GCA_046254935.1_ASM4625493v1	Lobulomycetales sp.	3	GCA_003690965.1_ASM369096v1	Venturia pyrina	Venturia	Venturiaceae	Venturiales	Dothideomycetes		Ascomycota		67.1035	2.97651e-11	5/10000	True
GCA_046254935.1_ASM4625493v1	Lobulomycetales sp.	4	GCA_021527695.1_ASM2152769v1	Naematelia aurantialba	Naematelia	Naemateliaceae	Tremellales	Tremellomycetes		Basidiomycota		67.1035	1.33101e-11	5/10000	True
GCA_046254935.1_ASM4625493v1	Lobulomycetales sp.	5	GCA_030557545.1_ASM3055754v1	Ogataea salicorniae	Ogataea	Pichiaceae	Pichiales	Pichiomycetes		Ascomycota		67.1035	5.56012e-12	5/10000	True
GCA_046254935.1_ASM4625493v1	Lobulomycetales sp.	6	GCA_030583405.1_ASM3058340v1	Sugiyamaella americana	Sugiyamaella	Trichomonascaceae	Dipodascales	Dipodascomycetes		Ascomycota		67.1035	8.22012e-12	5/10000	True
GCA_046254935.1_ASM4625493v1	Lobulomycetales sp.	7	GCA_033032055.1_ASM3303205v1	Naematelia aurantialba	Naematelia	Naemateliaceae	Tremellales	Tremellomycetes		Basidiomycota		67.1035	1.24285e-11	5/10000	True
GCA_046254935.1_ASM4625493v1	Lobulomycetales sp.	8	GCA_033032605.1_ASM3303260v1	Naematelia aurantialba	Naematelia	Naemateliaceae	Tremellales	Tremellomycetes		Basidiomycota		67.1035	1.23035e-11	5/10000	True
GCA_046254935.1_ASM4625493v1	Lobulomycetales sp.	9	GCA_000151005.2_ASM15100v2	Histoplasma capsulatum	Histoplasma	Ajellomycetaceae	Onygenales	Eurotiomycetes		Ascomycota		66.0414	7.76432e-09	4/10000	True
GCA_046254935.1_ASM4625493v1	Lobulomycetales sp.	10	GCA_000151035.1_ASM15103v1	Histoplasma capsulatum	Histoplasma	Ajellomycetaceae	Onygenales	Eurotiomycetes		Ascomycota		66.0414	7.96298e-09	4/10000	True
GCA_003709005.1_ASM370900v1	Magnaporthales sp. P1609	1	GCA_041721605.1_FAFU-Ppen-JC-1-v1.0	Pyricularia penniseti	Pyricularia	Pyriculariaceae	Magnaporthales	Sordariomycetes		Ascomycota		99.9683	0	9868/10000	True
GCA_003709005.1_ASM370900v1	Magnaporthales sp. P1609	2	GCA_047323865.1_ASM4732386v1	Pyricularia oryzae	Pyricularia	Pyriculariaceae	Magnaporthales	Sordariomycetes		Ascomycota		85.6170	0	250/10000	True
GCA_003709005.1_ASM370900v1	Magnaporthales sp. P1609	3	GCA_046718435.1_UK_UFVPY232	Pyricularia oryzae	Pyricularia	Pyriculariaceae	Magnaporthales	Sordariomycetes		Ascomycota		85.3095	0	234/10000	True
GCA_003709005.1_ASM370900v1	Magnaporthales sp. P1609	4	GCA_047323855.1_ASM4732385v1	Pyricularia oryzae	Pyricularia	Pyriculariaceae	Magnaporthales	Sordariomycetes		Ascomycota		85.3095	0	234/10000	True
GCA_003709005.1_ASM370900v1	Magnaporthales sp. P1609	5	GCA_004337975.1_PspLS	Pyricularia sp. CBS 133598	Pyricularia	Pyriculariaceae	Magnaporthales	Sordariomycetes		Ascomycota		85.2090	0	229/10000	True
GCA_003709005.1_ASM370900v1	Magnaporthales sp. P1609	6	GCA_048987255.1_ASM4898725v1	Pyricularia oryzae	Pyricularia	Pyriculariaceae	Magnaporthales	Sordariomycetes		Ascomycota		85.2090	0	229/10000	True
GCA_003709005.1_ASM370900v1	Magnaporthales sp. P1609	7	GCA_019328425.1_ASM1932842v1	Pyricularia sp. 18-2	Pyricularia	Pyriculariaceae	Magnaporthales	Sordariomycetes		Ascomycota		85.1886	0	228/10000	True
GCA_003709005.1_ASM370900v1	Magnaporthales sp. P1609	8	GCA_047323795.1_ASM4732379v1	Pyricularia oryzae	Pyricularia	Pyriculariaceae	Magnaporthales	Sordariomycetes		Ascomycota		85.0854	0	223/10000	True
GCA_003709005.1_ASM370900v1	Magnaporthales sp. P1609	9	GCA_047370945.1_UK_UFVPY210	Pyricularia grisea	Pyricularia	Pyriculariaceae	Magnaporthales	Sordariomycetes		Ascomycota		85.0644	0	222/10000	True
GCA_003709005.1_ASM370900v1	Magnaporthales sp. P1609	10	GCA_002924785.1_ASM292478v1	Pyricularia oryzae	Pyricularia	Pyriculariaceae	Magnaporthales	Sordariomycetes		Ascomycota		85.0223	0	220/10000	True
GCA_963379275.1_SMGC_7566_bin.1_MetaWRAP_v1.2.1_MAG	Malasseziomycetes sp.	1	GCA_001600795.1_JCM_11963_assembly_v001	Malassezia japonica	Malassezia	Malasseziaceae	Malasseziales	Malasseziomycetes		Basidiomycota		74.3619	4.86208e-70	23/10000	True
GCA_963379275.1_SMGC_7566_bin.1_MetaWRAP_v1.2.1_MAG	Malasseziomycetes sp.	2	GCA_937888215.1_SRR3185024_bin.1_CONCOCT_v1.1_MAG	uncultured Malasseziomycetes				Malasseziomycetes		Basidiomycota		74.3619	1.90695e-70	23/10000	True
GCA_963379275.1_SMGC_7566_bin.1_MetaWRAP_v1.2.1_MAG	Malasseziomycetes sp.	3	GCF_029542785.1_ASM2954278v1	Malassezia japonica	Malassezia	Malasseziaceae	Malasseziales	Malasseziomycetes		Basidiomycota		74.3619	5.36423e-70	23/10000	True
GCA_963379275.1_SMGC_7566_bin.1_MetaWRAP_v1.2.1_MAG	Malasseziomycetes sp.	4	GCA_900149135.1_Msy_KS292_June2015	Malassezia sympodialis	Malassezia	Malasseziaceae	Malasseziales	Malasseziomycetes		Basidiomycota		74.1507	5.27772e-67	22/10000	True
GCA_963379275.1_SMGC_7566_bin.1_MetaWRAP_v1.2.1_MAG	Malasseziomycetes sp.	5	GCA_900149165.1_Msy_KS327_June2015	Malassezia sympodialis	Malassezia	Malasseziaceae	Malasseziales	Malasseziomycetes		Basidiomycota		74.1507	6.43216e-67	22/10000	True
GCA_963379275.1_SMGC_7566_bin.1_MetaWRAP_v1.2.1_MAG	Malasseziomycetes sp.	6	GCF_000349305.1_ASM34930v2	Malassezia sympodialis	Malassezia	Malasseziaceae	Malasseziales	Malasseziomycetes		Basidiomycota		74.1507	4.63831e-67	22/10000	True
GCA_963379275.1_SMGC_7566_bin.1_MetaWRAP_v1.2.1_MAG	Malasseziomycetes sp.	7	GCA_900149155.1_Msy_KS024_June2015	Malassezia sympodialis	Malassezia	Malasseziaceae	Malasseziales	Malasseziomycetes		Basidiomycota		73.9297	1.36618e-63	21/10000	True
GCA_963379275.1_SMGC_7566_bin.1_MetaWRAP_v1.2.1_MAG	Malasseziomycetes sp.	8	GCA_900149175.1_Msy_KS004_June2015	Malassezia sympodialis	Malassezia	Malasseziaceae	Malasseziales	Malasseziomycetes		Basidiomycota		73.9297	1.31502e-63	21/10000	True
GCA_963379275.1_SMGC_7566_bin.1_MetaWRAP_v1.2.1_MAG	Malasseziomycetes sp.	9	GCA_029542885.1_ASM2954288v1	Malassezia caprae	Malassezia	Malasseziaceae	Malasseziales	Malasseziomycetes		Basidiomycota		73.6978	3.14155e-60	20/10000	True
GCA_963379275.1_SMGC_7566_bin.1_MetaWRAP_v1.2.1_MAG	Malasseziomycetes sp.	10	GCA_029542945.1_ASM2954294v1	Malassezia obtusa	Malassezia	Malasseziaceae	Malasseziales	Malasseziomycetes		Basidiomycota		73.6978	5.43283e-60	20/10000	True
GCA_018606675.1_ASM1860667v1	Malasseziomycetes sp.	1	GCA_036584355.1_ASM3658435v1	Malassezia globosa	Malassezia	Malasseziaceae	Malasseziales	Malasseziomycetes		Basidiomycota		80.3295	0	81/10000	True
GCA_018606675.1_ASM1860667v1	Malasseziomycetes sp.	2	GCA_036584375.1_ASM3658437v1	Malassezia globosa	Malassezia	Malasseziaceae	Malasseziales	Malasseziomycetes		Basidiomycota		80.3295	0	81/10000	True
GCA_018606675.1_ASM1860667v1	Malasseziomycetes sp.	3	GCA_051944015.2_ASM5194401v2	Malassezia globosa	Malassezia	Malasseziaceae	Malasseziales	Malasseziomycetes		Basidiomycota		80.2708	0	80/10000	True
GCA_018606675.1_ASM1860667v1	Malasseziomycetes sp.	4	GCA_937879915.1_SRR1647000_bin.0_CONCOCT_v1.1_MAG	Malassezia globosa	Malassezia	Malasseziaceae	Malasseziales	Malasseziomycetes		Basidiomycota		80.1512	0	78/10000	True
GCA_018606675.1_ASM1860667v1	Malasseziomycetes sp.	5	GCA_001264795.1_ASM126479v1	Malassezia globosa	Malassezia	Malasseziaceae	Malasseziales	Malasseziomycetes		Basidiomycota		80.0902	0	77/10000	True
GCA_018606675.1_ASM1860667v1	Malasseziomycetes sp.	6	GCA_036584385.1_ASM3658438v1	Malassezia globosa	Malassezia	Malasseziaceae	Malasseziales	Malasseziomycetes		Basidiomycota		80.0902	0	77/10000	True
GCA_018606675.1_ASM1860667v1	Malasseziomycetes sp.	7	GCA_036584425.1_ASM3658442v1	Malassezia globosa	Malassezia	Malasseziaceae	Malasseziales	Malasseziomycetes		Basidiomycota		80.0284	0	76/10000	True
GCA_018606675.1_ASM1860667v1	Malasseziomycetes sp.	8	GCA_051943975.2_ASM5194397v2	Malassezia globosa	Malassezia	Malasseziaceae	Malasseziales	Malasseziomycetes		Basidiomycota		80.0284	0	76/10000	True
GCA_018606675.1_ASM1860667v1	Malasseziomycetes sp.	9	GCA_030826665.1_ASM3082666v1	Malassezia globosa	Malassezia	Malasseziaceae	Malasseziales	Malasseziomycetes		Basidiomycota		79.7729	0	72/10000	True
GCA_018606675.1_ASM1860667v1	Malasseziomycetes sp.	10	GCA_010232095.1_ASM1023209v1	Malassezia globosa	Malassezia	Malasseziaceae	Malasseziales	Malasseziomycetes		Basidiomycota		79.2158	8.04226e-317	64/10000	True
GCA_033819885.2_DUKE_Aeri_2.0	Microbotryomycetes sp. JL201	1	GCA_054471015.1_ASM5447101v1	Saccharomycotina sp. YJ-2025b						Ascomycota		75.7795	2.27354e-87	31/10000	True
GCA_033819885.2_DUKE_Aeri_2.0	Microbotryomycetes sp. JL201	2	GCA_052696405.1_DUKE_Asor_1.0	Microbotryomycetes sp. NB124-2				Microbotryomycetes		Basidiomycota		75.4629	8.21905e-81	29/10000	True
GCA_033819885.2_DUKE_Aeri_2.0	Microbotryomycetes sp. JL201	3	GCA_033819875.2_DUKE_Acar_2.0	Microbotryomycetes sp. JL221				Microbotryomycetes		Basidiomycota		71.2691	1.49255e-29	12/10000	True
GCA_033819885.2_DUKE_Aeri_2.0	Microbotryomycetes sp. JL201	4	GCA_001541205.1_Rhosp1	Rhodotorula sp. JG-1b	Rhodotorula	Sporidiobolaceae	Sporidiobolales	Microbotryomycetes		Basidiomycota		69.3402	9.04997e-19	8/10000	True
GCA_033819885.2_DUKE_Aeri_2.0	Microbotryomycetes sp. JL201	5	GCA_022702645.1_MinSalD	Microbotryum intermedium	Microbotryum	Microbotryaceae	Microbotryales	Microbotryomycetes		Basidiomycota		69.3402	1.80084e-18	8/10000	True
GCA_033819885.2_DUKE_Aeri_2.0	Microbotryomycetes sp. JL201	6	GCA_963379285.1_SMGC_7569_bin.1_MetaWRAP_v1.2.1_MAG	Rhodotorula sp. JG-1b	Rhodotorula	Sporidiobolaceae	Sporidiobolales	Microbotryomycetes		Basidiomycota		69.3402	5.39125e-19	8/10000	True
GCA_033819885.2_DUKE_Aeri_2.0	Microbotryomycetes sp. JL201	7	GCA_015529785.1_UCR_MvertNRRL2611_1.0	Podila verticillata	Podila	Mortierellaceae	Mortierellales	Mortierellomycetes		Mortierellomycota		68.7048	2.32825e-15	7/10000	True
GCA_033819885.2_DUKE_Aeri_2.0	Microbotryomycetes sp. JL201	8	GCA_025603085.1_LANL_1351_123_1.0	Podila verticillata	Podila	Mortierellaceae	Mortierellales	Mortierellomycetes		Mortierellomycota		68.7048	2.65736e-15	7/10000	True
GCA_033819885.2_DUKE_Aeri_2.0	Microbotryomycetes sp. JL201	9	GCA_050403085.1_Rt_araucariae_JCM3770v1	Rhodotorula araucariae	Rhodotorula	Sporidiobolaceae	Sporidiobolales	Microbotryomycetes		Basidiomycota		68.7048	3.54158e-16	7/10000	True
GCA_033819885.2_DUKE_Aeri_2.0	Microbotryomycetes sp. JL201	10	GCA_050403285.1_S_blumeae_JCM10212v1	Sporobolomyces blumeae	Sporobolomyces	Sporidiobolaceae	Sporidiobolales	Microbotryomycetes		Basidiomycota		68.7048	3.69917e-16	7/10000	True
GCA_033819875.2_DUKE_Acar_2.0	Microbotryomycetes sp. JL221	1	GCA_033819885.2_DUKE_Aeri_2.0	Microbotryomycetes sp. JL201				Microbotryomycetes		Basidiomycota		71.2691	1.49255e-29	12/10000	True
GCA_033819875.2_DUKE_Acar_2.0	Microbotryomycetes sp. JL221	2	GCA_052696405.1_DUKE_Asor_1.0	Microbotryomycetes sp. NB124-2				Microbotryomycetes		Basidiomycota		70.8553	9.88653e-27	11/10000	True
GCA_033819875.2_DUKE_Acar_2.0	Microbotryomycetes sp. JL221	3	GCA_054471015.1_ASM5447101v1	Saccharomycotina sp. YJ-2025b						Ascomycota		70.8553	8.32917e-27	11/10000	True
GCA_033819875.2_DUKE_Acar_2.0	Microbotryomycetes sp. JL221	4	GCA_013177575.1_ASM1317757v1	Candida sojae	Candida	Debaryomycetaceae	Serinales	Pichiomycetes		Ascomycota		70.4019	2.01861e-24	10/10000	True
GCA_033819875.2_DUKE_Acar_2.0	Microbotryomycetes sp. JL221	5	GCA_030582655.1_ASM3058265v1	Candida sojae	Candida	Debaryomycetaceae	Serinales	Pichiomycetes		Ascomycota		70.4019	1.06393e-24	10/10000	True
GCA_033819875.2_DUKE_Acar_2.0	Microbotryomycetes sp. JL221	6	GCA_982397275.1_T33-F	Mixia osmundae	Mixia	Mixiaceae	Mixiales	Mixiomycetes		Basidiomycota		69.9006	6.43321e-21	9/10000	True
GCA_033819875.2_DUKE_Acar_2.0	Microbotryomycetes sp. JL221	7	GCA_000328385.1_Cuti_1.0	Williopsis jadinii	Williopsis	Wickerhamomycetaceae	Phaffomycetales	Saccharomycetes		Ascomycota		69.3402	2.84507e-19	8/10000	True
GCA_033819875.2_DUKE_Acar_2.0	Microbotryomycetes sp. JL221	8	GCA_019239295.1_ASM1923929v1	Candida tropicalis	Candida	Debaryomycetaceae	Serinales	Pichiomycetes		Ascomycota		69.3402	4.34736e-19	8/10000	True
GCA_033819875.2_DUKE_Acar_2.0	Microbotryomycetes sp. JL221	9	GCA_022817945.1_ASM2281794v1	Nakazawaea ishiwadae	Nakazawaea	Pachysolenaceae	Alaninales	Pichiomycetes		Ascomycota		69.3402	1.65745e-19	8/10000	True
GCA_033819875.2_DUKE_Acar_2.0	Microbotryomycetes sp. JL221	10	GCA_030490795.1_ASM3049079v1	Saccharomycopsis sp. yHQL182	Saccharomycopsis	Saccharomycopsidaceae	Ascoideales	Saccharomycetes		Ascomycota		69.3402	4.44166e-19	8/10000	True
GCA_052696405.1_DUKE_Asor_1.0	Microbotryomycetes sp. NB124-2	1	GCA_054471015.1_ASM5447101v1	Saccharomycotina sp. YJ-2025b						Ascomycota		98.0565	0	4980/10000	True
GCA_052696405.1_DUKE_Asor_1.0	Microbotryomycetes sp. NB124-2	2	GCA_033819885.2_DUKE_Aeri_2.0	Microbotryomycetes sp. JL201				Microbotryomycetes		Basidiomycota		75.4629	8.21905e-81	29/10000	True
GCA_052696405.1_DUKE_Asor_1.0	Microbotryomycetes sp. NB124-2	3	GCA_050403285.1_S_blumeae_JCM10212v1	Sporobolomyces blumeae	Sporobolomyces	Sporidiobolaceae	Sporidiobolales	Microbotryomycetes		Basidiomycota		71.6498	3.18303e-32	13/10000	True
GCA_052696405.1_DUKE_Asor_1.0	Microbotryomycetes sp. NB124-2	4	GCA_003665825.1_ASM366582v1	Microbotryum silenes-acaulis	Microbotryum	Microbotryaceae	Microbotryales	Microbotryomycetes		Basidiomycota		71.2691	1.58462e-28	12/10000	True
GCA_052696405.1_DUKE_Asor_1.0	Microbotryomycetes sp. NB124-2	5	GCA_009602455.1_MvCa-Vir-1441-A1-R1	Microbotryum violaceum	Microbotryum	Microbotryaceae	Microbotryales	Microbotryomycetes		Basidiomycota		71.2691	1.21175e-28	12/10000	True
GCA_052696405.1_DUKE_Asor_1.0	Microbotryomycetes sp. NB124-2	6	GCA_014805725.1_ASM1480572v1	Microbotryum silenes-dioicae	Microbotryum	Microbotryaceae	Microbotryales	Microbotryomycetes		Basidiomycota		71.2691	2.76111e-28	12/10000	True
GCA_052696405.1_DUKE_Asor_1.0	Microbotryomycetes sp. NB124-2	7	GCA_049639005.1_MPbarcode50	Microbotryum superbum	Microbotryum	Microbotryaceae	Microbotryales	Microbotryomycetes		Basidiomycota		71.2691	6.18092e-28	12/10000	True
GCA_052696405.1_DUKE_Asor_1.0	Microbotryomycetes sp. NB124-2	8	GCA_049639085.1_Mv-sup-1065-A1	Microbotryum superbum	Microbotryum	Microbotryaceae	Microbotryales	Microbotryomycetes		Basidiomycota		71.2691	1.03865e-27	12/10000	True
GCA_052696405.1_DUKE_Asor_1.0	Microbotryomycetes sp. NB124-2	9	GCA_900013405.1_MvSv-1253-A2-R1	Microbotryum violaceum	Microbotryum	Microbotryaceae	Microbotryales	Microbotryomycetes		Basidiomycota		71.2691	7.7537e-29	12/10000	True
GCA_052696405.1_DUKE_Asor_1.0	Microbotryomycetes sp. NB124-2	10	GCA_900015475.1_MvSof-1269-A2-R1	Microbotryum saponariae	Microbotryum	Microbotryaceae	Microbotryales	Microbotryomycetes		Basidiomycota		71.2691	1.31283e-28	12/10000	True
GCA_032191455.1_ICIPE_MspMB_1.0	Microsporidia sp. MB	1	GCA_050230985.1_KEMRI_ICIPE_ABN394	Microsporidia sp. MB						Microsporidia		98.5171	0	5778/10000	True
GCA_032191455.1_ICIPE_MspMB_1.0	Microsporidia sp. MB	2	GCA_049634765.1_KEMRI_ICIPE_Tes0708gam	Microsporidia sp. MB						Microsporidia		98.3354	0	5444/10000	True
GCA_032191455.1_ICIPE_MspMB_1.0	Microsporidia sp. MB	3	GCA_049634785.1_KEMRI_ICIPE_Tes094gam	Microsporidia sp. MB						Microsporidia		98.2465	0	5290/10000	True
GCA_032191455.1_ICIPE_MspMB_1.0	Microsporidia sp. MB	4	GCA_056153265.1_UG_MB_1.1	Microsporidia sp. MB						Microsporidia		97.2151	0	3862/10000	True
GCA_032191455.1_ICIPE_MspMB_1.0	Microsporidia sp. MB	5	GCA_027248725.1_ASM2724872v1	Piromyces sp.	Piromyces	Neocallimastigaceae	Neocallimastigales	Neocallimastigomycetes		Neocallimastigomycota		67.1035	1.04759e-12	5/10000	True
GCA_032191455.1_ICIPE_MspMB_1.0	Microsporidia sp. MB	6	GCA_963971245.1_glClaNorv1.1	Cladonia rubrotincta	Cladonia	Cladoniaceae	Lecanorales	Lecanoromycetes		Ascomycota		67.1035	8.22616e-13	5/10000	True
GCA_032191455.1_ICIPE_MspMB_1.0	Microsporidia sp. MB	7	GCA_000469055.2_ASM46905v2	Austropuccinia psidii	Austropuccinia	Sphaerophragmiaceae	Pucciniales	Pucciniomycetes		Basidiomycota		66.0414	7.30458e-10	4/10000	True
GCA_032191455.1_ICIPE_MspMB_1.0	Microsporidia sp. MB	8	GCA_001593155.1_ASM159315v1	Rhizophagus irregularis	Rhizophagus	Glomeraceae	Glomerales	Glomeromycetes		Glomeromycota		66.0414	6.39298e-10	4/10000	True
GCA_032191455.1_ICIPE_MspMB_1.0	Microsporidia sp. MB	9	GCA_023105745.2_Au3_v3_hapA	Austropuccinia psidii	Austropuccinia	Sphaerophragmiaceae	Pucciniales	Pucciniomycetes		Basidiomycota		66.0414	7.43008e-10	4/10000	True
GCA_032191455.1_ICIPE_MspMB_1.0	Microsporidia sp. MB	10	GCA_027248425.1_ASM2724842v1	Neocallimastix californiae	Neocallimastix	Neocallimastigaceae	Neocallimastigales	Neocallimastigomycetes		Neocallimastigomycota		66.0414	5.17735e-10	4/10000	True
GCA_049634765.1_KEMRI_ICIPE_Tes0708gam	Microsporidia sp. MB	1	GCA_049634785.1_KEMRI_ICIPE_Tes094gam	Microsporidia sp. MB						Microsporidia		98.4341	0	5622/10000	True
GCA_049634765.1_KEMRI_ICIPE_Tes0708gam	Microsporidia sp. MB	2	GCA_032191455.1_ICIPE_MspMB_1.0	Microsporidia sp. MB						Microsporidia		98.3354	0	5444/10000	True
GCA_049634765.1_KEMRI_ICIPE_Tes0708gam	Microsporidia sp. MB	3	GCA_050230985.1_KEMRI_ICIPE_ABN394	Microsporidia sp. MB						Microsporidia		98.0443	0	4961/10000	True
GCA_049634765.1_KEMRI_ICIPE_Tes0708gam	Microsporidia sp. MB	4	GCA_056153265.1_UG_MB_1.1	Microsporidia sp. MB						Microsporidia		97.8221	0	4630/10000	True
GCA_049634765.1_KEMRI_ICIPE_Tes0708gam	Microsporidia sp. MB	5	GCA_027248725.1_ASM2724872v1	Piromyces sp.	Piromyces	Neocallimastigaceae	Neocallimastigales	Neocallimastigomycetes		Neocallimastigomycota		70.4019	1.95168e-26	10/10000	True
GCA_049634765.1_KEMRI_ICIPE_Tes0708gam	Microsporidia sp. MB	6	GCA_027248425.1_ASM2724842v1	Neocallimastix californiae	Neocallimastix	Neocallimastigaceae	Neocallimastigales	Neocallimastigomycetes		Neocallimastigomycota		69.3402	1.28764e-20	8/10000	True
GCA_049634765.1_KEMRI_ICIPE_Tes0708gam	Microsporidia sp. MB	7	GCA_027248545.1_ASM2724854v1	Piromyces sp.	Piromyces	Neocallimastigaceae	Neocallimastigales	Neocallimastigomycetes		Neocallimastigomycota		69.3402	1.27892e-20	8/10000	True
GCA_049634765.1_KEMRI_ICIPE_Tes0708gam	Microsporidia sp. MB	8	GCA_037055185.1_ASM3705518v1	Capillidium rhysosporum	Capillidium	Capillidiaceae	Entomophthorales	Entomophthoromycetes		Entomophthoromycota		69.3402	1.08188e-20	8/10000	True
GCA_049634765.1_KEMRI_ICIPE_Tes0708gam	Microsporidia sp. MB	9	GCA_027248365.1_ASM2724836v1	Piromyces sp.	Piromyces	Neocallimastigaceae	Neocallimastigales	Neocallimastigomycetes		Neocallimastigomycota		68.7048	9.28527e-18	7/10000	True
GCA_049634765.1_KEMRI_ICIPE_Tes0708gam	Microsporidia sp. MB	10	GCA_027248865.1_ASM2724886v1	Piromyces sp.	Piromyces	Neocallimastigaceae	Neocallimastigales	Neocallimastigomycetes		Neocallimastigomycota		68.7048	9.83978e-18	7/10000	True
GCA_049634785.1_KEMRI_ICIPE_Tes094gam	Microsporidia sp. MB	1	GCA_049634765.1_KEMRI_ICIPE_Tes0708gam	Microsporidia sp. MB						Microsporidia		98.4341	0	5622/10000	True
GCA_049634785.1_KEMRI_ICIPE_Tes094gam	Microsporidia sp. MB	2	GCA_032191455.1_ICIPE_MspMB_1.0	Microsporidia sp. MB						Microsporidia		98.2465	0	5290/10000	True
GCA_049634785.1_KEMRI_ICIPE_Tes094gam	Microsporidia sp. MB	3	GCA_050230985.1_KEMRI_ICIPE_ABN394	Microsporidia sp. MB						Microsporidia		98.0205	0	4924/10000	True
GCA_049634785.1_KEMRI_ICIPE_Tes094gam	Microsporidia sp. MB	4	GCA_056153265.1_UG_MB_1.1	Microsporidia sp. MB						Microsporidia		97.5513	0	4265/10000	True
GCA_049634785.1_KEMRI_ICIPE_Tes094gam	Microsporidia sp. MB	5	GCA_027248725.1_ASM2724872v1	Piromyces sp.	Piromyces	Neocallimastigaceae	Neocallimastigales	Neocallimastigomycetes		Neocallimastigomycota		67.9713	3.26958e-15	6/10000	True
GCA_049634785.1_KEMRI_ICIPE_Tes094gam	Microsporidia sp. MB	6	GCA_002104945.1_Piromyces_sp._finnis_v3.0	Piromyces finnis	Piromyces	Neocallimastigaceae	Neocallimastigales	Neocallimastigomycetes		Neocallimastigomycota		67.1035	1.86886e-12	5/10000	True
GCA_049634785.1_KEMRI_ICIPE_Tes094gam	Microsporidia sp. MB	7	GCA_027248425.1_ASM2724842v1	Neocallimastix californiae	Neocallimastix	Neocallimastigaceae	Neocallimastigales	Neocallimastigomycetes		Neocallimastigomycota		67.1035	1.78371e-12	5/10000	True
GCA_049634785.1_KEMRI_ICIPE_Tes094gam	Microsporidia sp. MB	8	GCA_027248545.1_ASM2724854v1	Piromyces sp.	Piromyces	Neocallimastigaceae	Neocallimastigales	Neocallimastigomycetes		Neocallimastigomycota		67.1035	1.77654e-12	5/10000	True
GCA_049634785.1_KEMRI_ICIPE_Tes094gam	Microsporidia sp. MB	9	GCA_030565065.1_ASM3056506v1	Pichia cephalocereana	Pichia	Pichiaceae	Pichiales	Pichiomycetes		Ascomycota		67.1035	3.34482e-13	5/10000	True
GCA_049634785.1_KEMRI_ICIPE_Tes094gam	Microsporidia sp. MB	10	GCA_051622775.1_ASM5162277v1	Xylaria feejeensis	Xylaria	Xylariaceae	Xylariales	Sordariomycetes		Ascomycota		67.1035	1.76771e-12	5/10000	True
GCA_050230985.1_KEMRI_ICIPE_ABN394	Microsporidia sp. MB	1	GCA_032191455.1_ICIPE_MspMB_1.0	Microsporidia sp. MB						Microsporidia		98.5171	0	5778/10000	True
GCA_050230985.1_KEMRI_ICIPE_ABN394	Microsporidia sp. MB	2	GCA_049634765.1_KEMRI_ICIPE_Tes0708gam	Microsporidia sp. MB						Microsporidia		98.0443	0	4961/10000	True
GCA_050230985.1_KEMRI_ICIPE_ABN394	Microsporidia sp. MB	3	GCA_049634785.1_KEMRI_ICIPE_Tes094gam	Microsporidia sp. MB						Microsporidia		98.0205	0	4924/10000	True
GCA_050230985.1_KEMRI_ICIPE_ABN394	Microsporidia sp. MB	4	GCA_056153265.1_UG_MB_1.1	Microsporidia sp. MB						Microsporidia		97.2435	0	3894/10000	True
GCA_050230985.1_KEMRI_ICIPE_ABN394	Microsporidia sp. MB	5	GCA_030565065.1_ASM3056506v1	Pichia cephalocereana	Pichia	Pichiaceae	Pichiales	Pichiomycetes		Ascomycota		67.9713	3.14635e-16	6/10000	True
GCA_050230985.1_KEMRI_ICIPE_ABN394	Microsporidia sp. MB	6	GCA_002104945.1_Piromyces_sp._finnis_v3.0	Piromyces finnis	Piromyces	Neocallimastigaceae	Neocallimastigales	Neocallimastigomycetes		Neocallimastigomycota		66.0414	5.52734e-10	4/10000	True
GCA_050230985.1_KEMRI_ICIPE_ABN394	Microsporidia sp. MB	7	GCA_003708365.1_ASM370836v1	Hanseniaspora singularis	Hanseniaspora	Saccharomycodaceae	Saccharomycodales	Saccharomycetes		Ascomycota		66.0414	1.23868e-10	4/10000	True
GCA_050230985.1_KEMRI_ICIPE_ABN394	Microsporidia sp. MB	8	GCA_027248545.1_ASM2724854v1	Piromyces sp.	Piromyces	Neocallimastigaceae	Neocallimastigales	Neocallimastigomycetes		Neocallimastigomycota		66.0414	5.32645e-10	4/10000	True
GCA_050230985.1_KEMRI_ICIPE_ABN394	Microsporidia sp. MB	9	GCA_027248725.1_ASM2724872v1	Piromyces sp.	Piromyces	Neocallimastigaceae	Neocallimastigales	Neocallimastigomycetes		Neocallimastigomycota		66.0414	5.15531e-10	4/10000	True
GCA_050230985.1_KEMRI_ICIPE_ABN394	Microsporidia sp. MB	10	GCA_030563805.1_ASM3056380v1	Ruyongia namnaoensis	Ruyongia	Wickerhamomycetaceae	Phaffomycetales	Saccharomycetes		Ascomycota		66.0414	2.30973e-10	4/10000	True
GCA_056153265.1_UG_MB_1.1	Microsporidia sp. MB	1	GCA_049634765.1_KEMRI_ICIPE_Tes0708gam	Microsporidia sp. MB						Microsporidia		97.8221	0	4630/10000	True
GCA_056153265.1_UG_MB_1.1	Microsporidia sp. MB	2	GCA_049634785.1_KEMRI_ICIPE_Tes094gam	Microsporidia sp. MB						Microsporidia		97.5513	0	4265/10000	True
GCA_056153265.1_UG_MB_1.1	Microsporidia sp. MB	3	GCA_050230985.1_KEMRI_ICIPE_ABN394	Microsporidia sp. MB						Microsporidia		97.2435	0	3894/10000	True
GCA_056153265.1_UG_MB_1.1	Microsporidia sp. MB	4	GCA_032191455.1_ICIPE_MspMB_1.0	Microsporidia sp. MB						Microsporidia		97.2151	0	3862/10000	True
GCA_056153265.1_UG_MB_1.1	Microsporidia sp. MB	5	GCA_027248725.1_ASM2724872v1	Piromyces sp.	Piromyces	Neocallimastigaceae	Neocallimastigales	Neocallimastigomycetes		Neocallimastigomycota		70.8553	1.09492e-27	11/10000	True
GCA_056153265.1_UG_MB_1.1	Microsporidia sp. MB	6	GCA_037055185.1_ASM3705518v1	Capillidium rhysosporum	Capillidium	Capillidiaceae	Entomophthorales	Entomophthoromycetes		Entomophthoromycota		69.9006	3.43476e-22	9/10000	True
GCA_056153265.1_UG_MB_1.1	Microsporidia sp. MB	7	GCA_002104945.1_Piromyces_sp._finnis_v3.0	Piromyces finnis	Piromyces	Neocallimastigaceae	Neocallimastigales	Neocallimastigomycetes		Neocallimastigomycota		69.3402	2.5942e-19	8/10000	True
GCA_056153265.1_UG_MB_1.1	Microsporidia sp. MB	8	GCA_027248425.1_ASM2724842v1	Neocallimastix californiae	Neocallimastix	Neocallimastigaceae	Neocallimastigales	Neocallimastigomycetes		Neocallimastigomycota		69.3402	2.31637e-19	8/10000	True
GCA_056153265.1_UG_MB_1.1	Microsporidia sp. MB	9	GCA_027248545.1_ASM2724854v1	Piromyces sp.	Piromyces	Neocallimastigaceae	Neocallimastigales	Neocallimastigomycetes		Neocallimastigomycota		69.3402	2.2939e-19	8/10000	True
GCA_056153265.1_UG_MB_1.1	Microsporidia sp. MB	10	GCA_027248585.1_ASM2724858v1	Neocallimastix californiae	Neocallimastix	Neocallimastigaceae	Neocallimastigales	Neocallimastigomycetes		Neocallimastigomycota		69.3402	3.45016e-19	8/10000	True
GCA_009613015.1_ASM961301v1	Mollisiaceae sp. DMI_Dod_QoI	1	GCA_003988865.1_ASM398886v1	Phialocephala sp. D728	Phialocephala	Mollisiaceae	Helotiales	Leotiomycetes		Ascomycota		87.4532	0	372/10000	True
GCA_009613015.1_ASM961301v1	Mollisiaceae sp. DMI_Dod_QoI	2	GCA_900073065.1_PAC_version_1	Phialocephala subalpina	Phialocephala	Mollisiaceae	Helotiales	Leotiomycetes		Ascomycota		77.2204	9.67775e-103	42/10000	True
GCA_009613015.1_ASM961301v1	Mollisiaceae sp. DMI_Dod_QoI	3	GCA_000292665.1_ASM29266v1	Helotiales sp. EF0021			Helotiales	Leotiomycetes		Ascomycota		73.4540	1.41327e-42	19/10000	True
GCA_009613015.1_ASM961301v1	Mollisiaceae sp. DMI_Dod_QoI	4	GCA_002865625.1_Rhier1	Hyaloscypha hepaticicola	Hyaloscypha	Hyaloscyphaceae	Helotiales	Leotiomycetes		Ascomycota		72.6371	5.44075e-34	16/10000	True
GCA_009613015.1_ASM961301v1	Mollisiaceae sp. DMI_Dod_QoI	5	GCA_007821545.1_CFIA_Lsub_EG2017	Lachnellula subtilissima	Lachnellula	Lachnaceae	Helotiales	Leotiomycetes		Ascomycota		72.3303	3.62742e-33	15/10000	True
GCA_009613015.1_ASM961301v1	Mollisiaceae sp. DMI_Dod_QoI	6	GCA_040112785.1_ASM4011278v1	Chlorociboria aeruginosa	Chlorociboria	Chlorociboriaceae	Helotiales	Leotiomycetes		Ascomycota		72.3303	3.26396e-32	15/10000	True
GCA_009613015.1_ASM961301v1	Mollisiaceae sp. DMI_Dod_QoI	7	GCA_002554605.1_Helotiales_sp._F229_1.0	Helotiales sp. F229			Helotiales	Leotiomycetes		Ascomycota		72.0022	3.45623e-28	14/10000	True
GCA_009613015.1_ASM961301v1	Mollisiaceae sp. DMI_Dod_QoI	8	GCA_003988805.1_ASM398880v1	Ploettnerulaceae sp. D365		Ploettnerulaceae	Helotiales	Leotiomycetes		Ascomycota		72.0022	6.49374e-31	14/10000	True
GCA_009613015.1_ASM961301v1	Mollisiaceae sp. DMI_Dod_QoI	9	GCA_040112755.1_ASM4011275v1	Chlorociboria aeruginosa	Chlorociboria	Chlorociboriaceae	Helotiales	Leotiomycetes		Ascomycota		71.6498	8.61371e-28	13/10000	True
GCA_009613015.1_ASM961301v1	Mollisiaceae sp. DMI_Dod_QoI	10	GCA_040112845.1_ASM4011284v1	Chlorociboria aeruginascens	Chlorociboria	Chlorociboriaceae	Helotiales	Leotiomycetes		Ascomycota		71.6498	7.84982e-28	13/10000	True
GCA_020087025.1_ASM2008702v1	Mrakiaceae sp. VS III B KN 2	1	GCA_046867365.1_ASM4686736v1	Tausonia pullulans	Tausonia	Mrakiaceae	Cystofilobasidiales	Tremellomycetes		Basidiomycota		99.6190	0	8572/10000	True
GCA_020087025.1_ASM2008702v1	Mrakiaceae sp. VS III B KN 2	2	GCA_040371455.1_JCM_9886_assembly_v001	Tausonia pullulans	Tausonia	Mrakiaceae	Cystofilobasidiales	Tremellomycetes		Basidiomycota		97.6586	0	4405/10000	True
GCA_020087025.1_ASM2008702v1	Mrakiaceae sp. VS III B KN 2	3	GCA_024606485.1_ASM2460648v1	Tausonia pullulans	Tausonia	Mrakiaceae	Cystofilobasidiales	Tremellomycetes		Basidiomycota		97.6466	0	4389/10000	True
GCA_020087025.1_ASM2008702v1	Mrakiaceae sp. VS III B KN 2	4	GCA_058218735.1_ASM5821873v1	Tausonia pullulans	Tausonia	Mrakiaceae	Cystofilobasidiales	Tremellomycetes		Basidiomycota		97.6398	0	4380/10000	True
GCA_020087025.1_ASM2008702v1	Mrakiaceae sp. VS III B KN 2	5	GCA_951802195.1_gfTauPull1.1	Tausonia pullulans	Tausonia	Mrakiaceae	Cystofilobasidiales	Tremellomycetes		Basidiomycota		97.6345	0	4373/10000	True
GCA_020087025.1_ASM2008702v1	Mrakiaceae sp. VS III B KN 2	6	GCA_040368585.1_JCM_10408_assembly_v001	Tausonia pamirica	Tausonia	Mrakiaceae	Cystofilobasidiales	Tremellomycetes		Basidiomycota		77.5475	1.57574e-127	45/10000	True
GCA_020087025.1_ASM2008702v1	Mrakiaceae sp. VS III B KN 2	7	GCA_014825675.1_ASM1482567v1	Cystofilobasidium ferigula	Cystofilobasidium	Cystofilobasidiaceae	Cystofilobasidiales	Tremellomycetes		Basidiomycota		73.6978	7.12001e-52	20/10000	True
GCA_020087025.1_ASM2008702v1	Mrakiaceae sp. VS III B KN 2	8	GCA_001600395.1_JCM_7857_assembly_v001	Mrakia frigida	Mrakia	Mrakiaceae	Cystofilobasidiales	Tremellomycetes		Basidiomycota		72.3303	4.99015e-36	15/10000	True
GCA_020087025.1_ASM2008702v1	Mrakiaceae sp. VS III B KN 2	9	GCA_014825745.1_ASM1482574v1	Cystofilobasidium macerans	Cystofilobasidium	Cystofilobasidiaceae	Cystofilobasidiales	Tremellomycetes		Basidiomycota		72.3303	3.37733e-37	15/10000	True
GCA_020087025.1_ASM2008702v1	Mrakiaceae sp. VS III B KN 2	10	GCF_051309035.1_Mrafri1	Mrakia frigida	Mrakia	Mrakiaceae	Cystofilobasidiales	Tremellomycetes		Basidiomycota		72.3303	4.47866e-36	15/10000	True
GCA_049996215.1_ASM4999621v1	Mycosphaerellales sp. BF13	1	GCA_005059865.1_ASM505986v1	Friedmanniomyces simplex	Friedmanniomyces	Teratosphaeriaceae	Mycosphaerellales	Dothideomycetes		Ascomycota		71.2691	3.23136e-26	12/10000	True
GCA_049996215.1_ASM4999621v1	Mycosphaerellales sp. BF13	2	GCA_033675295.1_ASM3367529v1	Vermiconidia calcicola	Vermiconidia	Extremaceae	Mycosphaerellales	Dothideomycetes		Ascomycota		71.2691	3.05839e-25	12/10000	True
GCA_049996215.1_ASM4999621v1	Mycosphaerellales sp. BF13	3	GCA_036320675.1_ASM3632067v1	Elasticomyces elasticus	Elasticomyces	Teratosphaeriaceae	Mycosphaerellales	Dothideomycetes		Ascomycota		69.9006	2.58347e-19	9/10000	True
GCA_049996215.1_ASM4999621v1	Mycosphaerellales sp. BF13	4	GCA_024708745.1_USC_Clado_1.0	Cladosporiales sp.			Cladosporiales	Dothideomycetes		Ascomycota		69.3402	3.87448e-16	8/10000	True
GCA_049996215.1_ASM4999621v1	Mycosphaerellales sp. BF13	5	GCA_036320695.1_ASM3632069v1	Elasticomyces elasticus	Elasticomyces	Teratosphaeriaceae	Mycosphaerellales	Dothideomycetes		Ascomycota		69.3402	6.53178e-17	8/10000	True
GCA_049996215.1_ASM4999621v1	Mycosphaerellales sp. BF13	6	GCA_000611775.1_Umbmu1.0	Umbilicaria muhlenbergii	Umbilicaria	Umbilicariaceae	Umbilicariales	Lecanoromycetes		Ascomycota		68.7048	2.48736e-14	7/10000	True
GCA_049996215.1_ASM4999621v1	Mycosphaerellales sp. BF13	7	GCA_030411825.1_ASM3041182v1	Friedmanniomyces endolithicus	Friedmanniomyces	Teratosphaeriaceae	Mycosphaerellales	Dothideomycetes		Ascomycota		68.7048	5.78697e-14	7/10000	True
GCA_049996215.1_ASM4999621v1	Mycosphaerellales sp. BF13	8	GCA_030411835.1_ASM3041183v1	Friedmanniomyces endolithicus	Friedmanniomyces	Teratosphaeriaceae	Mycosphaerellales	Dothideomycetes		Ascomycota		68.7048	5.83731e-14	7/10000	True
GCA_049996215.1_ASM4999621v1	Mycosphaerellales sp. BF13	9	GCA_030411855.1_ASM3041185v1	Friedmanniomyces endolithicus	Friedmanniomyces	Teratosphaeriaceae	Mycosphaerellales	Dothideomycetes		Ascomycota		68.7048	5.8526e-14	7/10000	True
GCA_049996215.1_ASM4999621v1	Mycosphaerellales sp. BF13	10	GCA_030553405.1_ASM3055340v1	Friedmanniomyces endolithicus	Friedmanniomyces	Teratosphaeriaceae	Mycosphaerellales	Dothideomycetes		Ascomycota		68.7048	5.97587e-14	7/10000	True
GCA_049996175.1_ASM4999617v1	Mycosphaerellales sp. BF15	1	GCA_964255855.1_public_SRR14722213_metabat2_bin.1	Dothideomycetes sp.				Dothideomycetes		Ascomycota		71.6498	4.67427e-30	13/10000	True
GCA_049996175.1_ASM4999617v1	Mycosphaerellales sp. BF15	2	GCA_033675295.1_ASM3367529v1	Vermiconidia calcicola	Vermiconidia	Extremaceae	Mycosphaerellales	Dothideomycetes		Ascomycota		70.4019	1.48551e-20	10/10000	True
GCA_049996175.1_ASM4999617v1	Mycosphaerellales sp. BF15	3	GCA_035040045.1_WUR_ZasSy_1	Zasmidium cellare	Zasmidium	Mycosphaerellaceae	Mycosphaerellales	Dothideomycetes		Ascomycota		69.9006	1.03901e-18	9/10000	True
GCA_049996175.1_ASM4999617v1	Mycosphaerellales sp. BF15	4	GCA_035148045.1_LANL_DS304_1.0	Pleoardoris graminearum	Pleoardoris	Didymosphaeriaceae	Pleosporales	Dothideomycetes		Ascomycota		69.9006	1.49463e-17	9/10000	True
GCA_049996175.1_ASM4999617v1	Mycosphaerellales sp. BF15	5	GCA_027248365.1_ASM2724836v1	Piromyces sp.	Piromyces	Neocallimastigaceae	Neocallimastigales	Neocallimastigomycetes		Neocallimastigomycota		69.3402	6.38714e-16	8/10000	True
GCA_049996175.1_ASM4999617v1	Mycosphaerellales sp. BF15	6	GCA_033171785.1_ASM3317178v1	Xylaria bambusicola	Xylaria	Xylariaceae	Xylariales	Sordariomycetes		Ascomycota		69.3402	1.07488e-15	8/10000	True
GCA_049996175.1_ASM4999617v1	Mycosphaerellales sp. BF15	7	GCA_046718265.1_ASM4671826v1	Rachicladosporium sp. CGMCC 3.30118	Rachicladosporium	Cladosporiaceae	Cladosporiales	Dothideomycetes		Ascomycota		69.3402	2.52428e-17	8/10000	True
GCA_049996175.1_ASM4999617v1	Mycosphaerellales sp. BF15	8	GCA_000350065.2_KSG_Corb_v2	Colletotrichum orbiculare	Colletotrichum	Glomerellaceae	Glomerellales	Sordariomycetes		Ascomycota		68.7048	2.58822e-13	7/10000	True
GCA_049996175.1_ASM4999617v1	Mycosphaerellales sp. BF15	9	GCA_002786025.1_ASM278602v1	Zasmidium citrigriseum	Zasmidium	Mycosphaerellaceae	Mycosphaerellales	Dothideomycetes		Ascomycota		68.7048	5.06962e-14	7/10000	True
GCA_049996175.1_ASM4999617v1	Mycosphaerellales sp. BF15	10	GCA_003704575.1_ASM370457v1	Hortaea werneckii	Hortaea	Teratosphaeriaceae	Mycosphaerellales	Dothideomycetes		Ascomycota		68.7048	6.24903e-14	7/10000	True
GCA_054392435.1_ASM5439243v1	Naviculisporaceae sp. PSN 640	1	GCA_059311635.1_ASM5931163v1	Pseudorhypophila marina	Pseudorhypophila	Naviculisporaceae	Sordariales	Sordariomycetes		Ascomycota		85.7090	0	255/10000	True
GCA_054392435.1_ASM5439243v1	Naviculisporaceae sp. PSN 640	2	GCA_059311585.1_ASM5931158v1	Pseudorhypophila mangenotii	Pseudorhypophila	Naviculisporaceae	Sordariales	Sordariomycetes		Ascomycota		85.6724	0	253/10000	True
GCA_054392435.1_ASM5439243v1	Naviculisporaceae sp. PSN 640	3	GCA_033297075.1_Poddec1	Rhypophila decipiens	Rhypophila	Naviculisporaceae	Sordariales	Sordariomycetes		Ascomycota		78.7498	5.92087e-153	58/10000	True
GCA_054392435.1_ASM5439243v1	Naviculisporaceae sp. PSN 640	4	GCA_054392455.1_ASM5439245v1	Rhypophila sp. PSN 637	Rhypophila	Naviculisporaceae	Sordariales	Sordariomycetes		Ascomycota		78.6675	5.96996e-150	57/10000	True
GCA_054392435.1_ASM5439243v1	Naviculisporaceae sp. PSN 640	5	GCA_054392445.1_ASM5439244v1	Rhypophila decipiens	Rhypophila	Naviculisporaceae	Sordariales	Sordariomycetes		Ascomycota		78.4984	1.50383e-143	55/10000	True
GCA_054392435.1_ASM5439243v1	Naviculisporaceae sp. PSN 640	6	GCA_027248385.1_ASM2724838v1	Neocallimastix californiae	Neocallimastix	Neocallimastigaceae	Neocallimastigales	Neocallimastigomycetes		Neocallimastigomycota		74.3619	1.00317e-49	23/10000	True
GCA_054392435.1_ASM5439243v1	Naviculisporaceae sp. PSN 640	7	GCA_027248765.1_ASM2724876v1	Neocallimastix californiae	Neocallimastix	Neocallimastigaceae	Neocallimastigales	Neocallimastigomycetes		Neocallimastigomycota		74.1507	2.98588e-48	22/10000	True
GCA_054392435.1_ASM5439243v1	Naviculisporaceae sp. PSN 640	8	GCA_027248785.1_ASM2724878v1	Neocallimastix californiae	Neocallimastix	Neocallimastigaceae	Neocallimastigales	Neocallimastigomycetes		Neocallimastigomycota		74.1507	1.87338e-47	22/10000	True
GCA_054392435.1_ASM5439243v1	Naviculisporaceae sp. PSN 640	9	GCA_027248705.1_ASM2724870v1	Neocallimastix californiae	Neocallimastix	Neocallimastigaceae	Neocallimastigales	Neocallimastigomycetes		Neocallimastigomycota		73.9297	8.32135e-45	21/10000	True
GCA_054392435.1_ASM5439243v1	Naviculisporaceae sp. PSN 640	10	GCA_027248345.1_ASM2724834v1	Neocallimastix californiae	Neocallimastix	Neocallimastigaceae	Neocallimastigales	Neocallimastigomycetes		Neocallimastigomycota		73.6978	2.53923e-42	20/10000	True
GCA_029299895.1_ASM2929989v1	Nectriaceae sp.	1	GCA_056248065.1_ASM5624806v1	Fusarium ipomoeae	Fusarium	Nectriaceae	Hypocreales	Sordariomycetes		Ascomycota		89.8164	0	626/10000	True
GCA_029299895.1_ASM2929989v1	Nectriaceae sp.	2	GCA_038501615.1_ASM3850161v1	Fusarium equiseti	Fusarium	Nectriaceae	Hypocreales	Sordariomycetes		Ascomycota		89.4658	0	579/10000	True
GCA_029299895.1_ASM2929989v1	Nectriaceae sp.	3	GCA_060222085.1_ASM6022208v1	Fusarium sp. 121A	Fusarium	Nectriaceae	Hypocreales	Sordariomycetes		Ascomycota		89.4502	0	577/10000	True
GCA_029299895.1_ASM2929989v1	Nectriaceae sp.	4	GCA_044646535.1_ASM4464653v1	Fusarium ipomoeae	Fusarium	Nectriaceae	Hypocreales	Sordariomycetes		Ascomycota		88.5987	0	478/10000	True
GCA_029299895.1_ASM2929989v1	Nectriaceae sp.	5	GCA_037577415.1_ASM3757741v1	Fusarium compactum	Fusarium	Nectriaceae	Hypocreales	Sordariomycetes		Ascomycota		87.2123	0	353/10000	True
GCA_029299895.1_ASM2929989v1	Nectriaceae sp.	6	GCA_019054965.1_ASM1905496v1	Fusarium equiseti	Fusarium	Nectriaceae	Hypocreales	Sordariomycetes		Ascomycota		85.4466	0	241/10000	True
GCA_029299895.1_ASM2929989v1	Nectriaceae sp.	7	GCA_019054735.1_ASM1905473v1	Fusarium sp. S18_39	Fusarium	Nectriaceae	Hypocreales	Sordariomycetes		Ascomycota		85.4079	0	239/10000	True
GCA_029299895.1_ASM2929989v1	Nectriaceae sp.	8	GCA_019055005.1_ASM1905500v1	Fusarium equiseti	Fusarium	Nectriaceae	Hypocreales	Sordariomycetes		Ascomycota		85.3688	0	237/10000	True
GCA_029299895.1_ASM2929989v1	Nectriaceae sp.	9	GCF_020744385.1_Fuseq1	Fusarium flagelliforme	Fusarium	Nectriaceae	Hypocreales	Sordariomycetes		Ascomycota		85.3688	0	237/10000	True
GCA_029299895.1_ASM2929989v1	Nectriaceae sp.	10	GCA_004367175.1_FIESC_12_NRRL_66336_ITEM_11294	Fusarium flagelliforme	Fusarium	Nectriaceae	Hypocreales	Sordariomycetes		Ascomycota		85.3491	0	236/10000	True
GCA_029299875.1_ASM2929987v1	Nectriaceae sp.	1	GCA_056248065.1_ASM5624806v1	Fusarium ipomoeae	Fusarium	Nectriaceae	Hypocreales	Sordariomycetes		Ascomycota		99.0330	0	6895/10000	True
GCA_029299875.1_ASM2929987v1	Nectriaceae sp.	2	GCA_038501615.1_ASM3850161v1	Fusarium equiseti	Fusarium	Nectriaceae	Hypocreales	Sordariomycetes		Ascomycota		98.9711	0	6746/10000	True
GCA_029299875.1_ASM2929987v1	Nectriaceae sp.	3	GCA_060222085.1_ASM6022208v1	Fusarium sp. 121A	Fusarium	Nectriaceae	Hypocreales	Sordariomycetes		Ascomycota		98.8885	0	6554/10000	True
GCA_029299875.1_ASM2929987v1	Nectriaceae sp.	4	GCA_044646535.1_ASM4464653v1	Fusarium ipomoeae	Fusarium	Nectriaceae	Hypocreales	Sordariomycetes		Ascomycota		98.2495	0	5295/10000	True
GCA_029299875.1_ASM2929987v1	Nectriaceae sp.	5	GCA_037577415.1_ASM3757741v1	Fusarium compactum	Fusarium	Nectriaceae	Hypocreales	Sordariomycetes		Ascomycota		97.0082	0	3638/10000	True
GCA_029299875.1_ASM2929987v1	Nectriaceae sp.	6	GCA_004367155.1_FIESC_5_NRRL_66337_ITEM_11348	Fusarium clavum	Fusarium	Nectriaceae	Hypocreales	Sordariomycetes		Ascomycota		95.1860	0	2224/10000	True
GCA_029299875.1_ASM2929987v1	Nectriaceae sp.	7	GCA_019054915.1_ASM1905491v1	Fusarium equiseti	Fusarium	Nectriaceae	Hypocreales	Sordariomycetes		Ascomycota		95.1525	0	2205/10000	True
GCA_029299875.1_ASM2929987v1	Nectriaceae sp.	8	GCA_030772735.1_ASM3077273v1	Fusarium sp. MBC 181	Fusarium	Nectriaceae	Hypocreales	Sordariomycetes		Ascomycota		95.1151	0	2184/10000	True
GCA_029299875.1_ASM2929987v1	Nectriaceae sp.	9	GCA_044646745.1_ASM4464674v1	Fusarium clavum	Fusarium	Nectriaceae	Hypocreales	Sordariomycetes		Ascomycota		95.0990	0	2175/10000	True
GCA_029299875.1_ASM2929987v1	Nectriaceae sp.	10	GCA_910393935.1_fusarium_equiseti_K3	Fusarium equiseti	Fusarium	Nectriaceae	Hypocreales	Sordariomycetes		Ascomycota		95.0483	0	2147/10000	True
GCA_023628695.1_ASM2362869v1	Nectriaceae sp. PG4201	1	GCA_045526805.1_TL_CC_CBS341.70	Cosmospora coccinea	Cosmospora	Nectriaceae	Hypocreales	Sordariomycetes		Ascomycota		85.8875	0	265/10000	True
GCA_023628695.1_ASM2362869v1	Nectriaceae sp. PG4201	2	GCA_045528805.1_TL_CC_CBS762.69	Cosmospora cymosa	Cosmospora	Nectriaceae	Hypocreales	Sordariomycetes		Ascomycota		84.1627	0	183/10000	True
GCA_023628695.1_ASM2362869v1	Nectriaceae sp. PG4201	3	GCA_009298915.1_ASM929891v1	Fusarium oxysporum	Fusarium	Nectriaceae	Hypocreales	Sordariomycetes		Ascomycota		76.3555	3.06012e-85	35/10000	True
GCA_023628695.1_ASM2362869v1	Nectriaceae sp. PG4201	4	GCA_001702845.1_Fon037	Fusarium oxysporum	Fusarium	Nectriaceae	Hypocreales	Sordariomycetes		Ascomycota		76.2180	2.4e-82	34/10000	True
GCA_023628695.1_ASM2362869v1	Nectriaceae sp. PG4201	5	GCA_016166205.1_USDA_G2-4_v1	Fusarium oxysporum	Fusarium	Nectriaceae	Hypocreales	Sordariomycetes		Ascomycota		76.2180	1.7929e-82	34/10000	True
GCA_023628695.1_ASM2362869v1	Nectriaceae sp. PG4201	6	GCA_025216205.1_ASM2521620v1	Fusarium oxysporum	Fusarium	Nectriaceae	Hypocreales	Sordariomycetes		Ascomycota		75.9302	9.65305e-77	32/10000	True
GCA_023628695.1_ASM2362869v1	Nectriaceae sp. PG4201	7	GCA_047370965.1_ASM4737096v1	Fusarium oxysporum	Fusarium	Nectriaceae	Hypocreales	Sordariomycetes		Ascomycota		75.7795	5.11596e-74	31/10000	True
GCA_023628695.1_ASM2362869v1	Nectriaceae sp. PG4201	8	GCA_051529645.1_ASM5152964v1	Fusarium oxysporum	Fusarium	Nectriaceae	Hypocreales	Sordariomycetes		Ascomycota		75.7795	1.40274e-73	31/10000	True
GCA_023628695.1_ASM2362869v1	Nectriaceae sp. PG4201	9	GCA_977928695.1_PBU01_v2	Fusicolla acetilerea	Fusicolla	Nectriaceae	Hypocreales	Sordariomycetes		Ascomycota		75.7795	4.92704e-74	31/10000	True
GCA_023628695.1_ASM2362869v1	Nectriaceae sp. PG4201	10	GCA_014324775.1_ASM1432477v1	Fusarium oxysporum	Fusarium	Nectriaceae	Hypocreales	Sordariomycetes		Ascomycota		75.6239	3.15062e-71	30/10000	True
GCA_985805865.1_idTipConf1.microsporidian_1.1	Neopereziidae sp. gmOTU28 NHMUK014561543	1	GCA_001649435.1_CEM2dn	Pichia ethanolica	Pichia	Pichiaceae	Pichiales	Pichiomycetes		Ascomycota		71.6498	1.3966e-34	13/10000	True
GCA_985805865.1_idTipConf1.microsporidian_1.1	Neopereziidae sp. gmOTU28 NHMUK014561543	2	GCA_002157105.1_PirspE2_v1.0	Piromyces sp. E2	Piromyces	Neocallimastigaceae	Neocallimastigales	Neocallimastigomycetes		Neocallimastigomycota		71.6498	1.92398e-33	13/10000	True
GCA_985805865.1_idTipConf1.microsporidian_1.1	Neopereziidae sp. gmOTU28 NHMUK014561543	3	GCA_027248525.1_ASM2724852v1	Neocallimastix californiae	Neocallimastix	Neocallimastigaceae	Neocallimastigales	Neocallimastigomycetes		Neocallimastigomycota		71.6498	1.74723e-33	13/10000	True
GCA_985805865.1_idTipConf1.microsporidian_1.1	Neopereziidae sp. gmOTU28 NHMUK014561543	4	GCA_027248705.1_ASM2724870v1	Neocallimastix californiae	Neocallimastix	Neocallimastigaceae	Neocallimastigales	Neocallimastigomycetes		Neocallimastigomycota		71.6498	2.58515e-33	13/10000	True
GCA_985805865.1_idTipConf1.microsporidian_1.1	Neopereziidae sp. gmOTU28 NHMUK014561543	5	GCA_977110915.1_gzCunEchi1	Cunninghamella echinulata	Cunninghamella	Cunninghamellaceae	Mucorales	Mucoromycetes		Mucoromycota		71.6498	4.13388e-34	13/10000	True
GCA_985805865.1_idTipConf1.microsporidian_1.1	Neopereziidae sp. gmOTU28 NHMUK014561543	6	GCA_004919795.1_ASM491979v1	Hanseniaspora sp. CRUB 1602	Hanseniaspora	Saccharomycodaceae	Saccharomycodales	Saccharomycetes		Ascomycota		71.2691	2.47922e-33	12/10000	True
GCA_985805865.1_idTipConf1.microsporidian_1.1	Neopereziidae sp. gmOTU28 NHMUK014561543	7	GCA_027248605.1_ASM2724860v1	Neocallimastix californiae	Neocallimastix	Neocallimastigaceae	Neocallimastigales	Neocallimastigomycetes		Neocallimastigomycota		71.2691	6.90383e-31	12/10000	True
GCA_985805865.1_idTipConf1.microsporidian_1.1	Neopereziidae sp. gmOTU28 NHMUK014561543	8	GCA_030573575.1_ASM3057357v1	Hanseniaspora sp. CRUB 1602	Hanseniaspora	Saccharomycodaceae	Saccharomycodales	Saccharomycetes		Ascomycota		71.2691	2.47922e-33	12/10000	True
GCA_985805865.1_idTipConf1.microsporidian_1.1	Neopereziidae sp. gmOTU28 NHMUK014561543	9	GCA_030579355.1_ASM3057935v1	Botryozyma nematodophila	Botryozyma	Trigonopsidaceae	Trigonopsidales	Trigonopsidomycetes		Ascomycota		71.2691	3.91759e-32	12/10000	True
GCA_985805865.1_idTipConf1.microsporidian_1.1	Neopereziidae sp. gmOTU28 NHMUK014561543	10	GCA_044232465.1_ASM4423246v1	Cunninghamella bainieri	Cunninghamella	Cunninghamellaceae	Mucorales	Mucoromycetes		Mucoromycota		71.2691	6.76496e-31	12/10000	True
GCA_985806015.1_ieEphVulg1.microsporidian_1.1	Neopereziidae sp. gmOTU29 Ox002475	1	GCA_037055185.1_ASM3705518v1	Capillidium rhysosporum	Capillidium	Capillidiaceae	Entomophthorales	Entomophthoromycetes		Entomophthoromycota		75.9302	1.83194e-86	32/10000	True
GCA_985806015.1_ieEphVulg1.microsporidian_1.1	Neopereziidae sp. gmOTU29 Ox002475	2	GCA_027248625.1_ASM2724862v1	Neocallimastix californiae	Neocallimastix	Neocallimastigaceae	Neocallimastigales	Neocallimastigomycetes		Neocallimastigomycota		75.7795	1.99754e-81	31/10000	True
GCA_985806015.1_ieEphVulg1.microsporidian_1.1	Neopereziidae sp. gmOTU29 Ox002475	3	GCA_016946835.1_ASM1694683v1	Neocallimastix lanati	Neocallimastix	Neocallimastigaceae	Neocallimastigales	Neocallimastigomycetes		Neocallimastigomycota		75.1236	2.6022e-68	27/10000	True
GCA_985806015.1_ieEphVulg1.microsporidian_1.1	Neopereziidae sp. gmOTU29 Ox002475	4	GCA_027248545.1_ASM2724854v1	Piromyces sp.	Piromyces	Neocallimastigaceae	Neocallimastigales	Neocallimastigomycetes		Neocallimastigomycota		75.1236	1.1566e-70	27/10000	True
GCA_985806015.1_ieEphVulg1.microsporidian_1.1	Neopereziidae sp. gmOTU29 Ox002475	5	GCA_027248925.1_ASM2724892v1	Neocallimastix californiae	Neocallimastix	Neocallimastigaceae	Neocallimastigales	Neocallimastigomycetes		Neocallimastigomycota		75.1236	3.32183e-70	27/10000	True
GCA_985806015.1_ieEphVulg1.microsporidian_1.1	Neopereziidae sp. gmOTU29 Ox002475	6	GCA_002104975.1_Neocallimastix_sp._G1_v1.0	Neocallimastix californiae	Neocallimastix	Neocallimastigaceae	Neocallimastigales	Neocallimastigomycetes		Neocallimastigomycota		74.9443	1.89055e-65	26/10000	True
GCA_985806015.1_ieEphVulg1.microsporidian_1.1	Neopereziidae sp. gmOTU29 Ox002475	7	GCA_027248425.1_ASM2724842v1	Neocallimastix californiae	Neocallimastix	Neocallimastigaceae	Neocallimastigales	Neocallimastigomycetes		Neocallimastigomycota		74.9443	1.17083e-67	26/10000	True
GCA_985806015.1_ieEphVulg1.microsporidian_1.1	Neopereziidae sp. gmOTU29 Ox002475	8	GCA_027248585.1_ASM2724858v1	Neocallimastix californiae	Neocallimastix	Neocallimastigaceae	Neocallimastigales	Neocallimastigomycetes		Neocallimastigomycota		74.9443	9.54961e-67	26/10000	True
GCA_985806015.1_ieEphVulg1.microsporidian_1.1	Neopereziidae sp. gmOTU29 Ox002475	9	GCA_027248705.1_ASM2724870v1	Neocallimastix californiae	Neocallimastix	Neocallimastigaceae	Neocallimastigales	Neocallimastigomycetes		Neocallimastigomycota		74.9443	1.72703e-66	26/10000	True
GCA_985806015.1_ieEphVulg1.microsporidian_1.1	Neopereziidae sp. gmOTU29 Ox002475	10	GCA_027248725.1_ASM2724872v1	Piromyces sp.	Piromyces	Neocallimastigaceae	Neocallimastigales	Neocallimastigomycetes		Neocallimastigomycota		74.9443	6.37624e-68	26/10000	True
GCA_000758425.1_ASM75842v1	Nilaparvata lugens yeast-like symbiont	1	GCA_000372705.1_YLSCbra_1.0	Cerataphis brasiliensis yeast-like symbiont						Ascomycota		89.4736	0	580/10000	True
GCA_000758425.1_ASM75842v1	Nilaparvata lugens yeast-like symbiont	2	GCA_002939055.1_ASM293905v1	Hypocreales sp. Mo6-1			Hypocreales	Sordariomycetes		Ascomycota		73.1970	2.40534e-44	18/10000	True
GCA_000758425.1_ASM75842v1	Nilaparvata lugens yeast-like symbiont	3	GCA_002591385.1_Hirsu2	Cordyceps sp. RAO-2017	Cordyceps	Cordycipitaceae	Hypocreales	Sordariomycetes		Ascomycota		72.3303	2.45951e-35	15/10000	True
GCA_000758425.1_ASM75842v1	Nilaparvata lugens yeast-like symbiont	4	GCA_024340005.1_ASM2434000v1	Tolypocladium tropicale	Tolypocladium	Ophiocordycipitaceae	Hypocreales	Sordariomycetes		Ascomycota		72.3303	1.39993e-35	15/10000	True
GCA_000758425.1_ASM75842v1	Nilaparvata lugens yeast-like symbiont	5	GCA_024340025.1_ASM2434002v1	Tolypocladium tundrense	Tolypocladium	Ophiocordycipitaceae	Hypocreales	Sordariomycetes		Ascomycota		72.3303	1.73541e-35	15/10000	True
GCA_000758425.1_ASM75842v1	Nilaparvata lugens yeast-like symbiont	6	GCA_050872005.1_ASM5087200v1	Purpureocillium sp. XYC-2025d	Purpureocillium	Ophiocordycipitaceae	Hypocreales	Sordariomycetes		Ascomycota		72.3303	1.52476e-35	15/10000	True
GCA_000758425.1_ASM75842v1	Nilaparvata lugens yeast-like symbiont	7	GCA_051528675.1_YNP81	Ophiocordyceps aphodii	Ophiocordyceps	Ophiocordycipitaceae	Hypocreales	Sordariomycetes		Ascomycota		72.3303	2.9906e-36	15/10000	True
GCA_000758425.1_ASM75842v1	Nilaparvata lugens yeast-like symbiont	8	GCA_002916505.1_ASM291650v1	Tolypocladium paradoxum	Tolypocladium	Ophiocordycipitaceae	Hypocreales	Sordariomycetes		Ascomycota		72.0022	4.66871e-33	14/10000	True
GCA_000758425.1_ASM75842v1	Nilaparvata lugens yeast-like symbiont	9	GCA_023972975.1_ASM2397297v1	Tolypocladium cylindrosporum	Tolypocladium	Ophiocordycipitaceae	Hypocreales	Sordariomycetes		Ascomycota		72.0022	9.38666e-33	14/10000	True
GCA_000758425.1_ASM75842v1	Nilaparvata lugens yeast-like symbiont	10	GCA_001633055.2_OPF_BCC54312_improved	Ophiocordyceps polyrhachis-furcata	Ophiocordyceps	Ophiocordycipitaceae	Hypocreales	Sordariomycetes		Ascomycota		71.6498	2.78603e-29	13/10000	True
GCA_985801395.1_iyForRufa2.microsporidian_1.1	Nosematidae sp. gmOTU23 NHMUK014425611	1	GCA_027248525.1_ASM2724852v1	Neocallimastix californiae	Neocallimastix	Neocallimastigaceae	Neocallimastigales	Neocallimastigomycetes		Neocallimastigomycota		75.6239	1.41764e-74	30/10000	True
GCA_985801395.1_iyForRufa2.microsporidian_1.1	Nosematidae sp. gmOTU23 NHMUK014425611	2	GCA_027248765.1_ASM2724876v1	Neocallimastix californiae	Neocallimastix	Neocallimastigaceae	Neocallimastigales	Neocallimastigomycetes		Neocallimastigomycota		75.1236	6.24018e-66	27/10000	True
GCA_985801395.1_iyForRufa2.microsporidian_1.1	Nosematidae sp. gmOTU23 NHMUK014425611	3	GCA_027248925.1_ASM2724892v1	Neocallimastix californiae	Neocallimastix	Neocallimastigaceae	Neocallimastigales	Neocallimastigomycetes		Neocallimastigomycota		74.9443	1.88824e-63	26/10000	True
GCA_985801395.1_iyForRufa2.microsporidian_1.1	Nosematidae sp. gmOTU23 NHMUK014425611	4	GCA_027248345.1_ASM2724834v1	Neocallimastix californiae	Neocallimastix	Neocallimastigaceae	Neocallimastigales	Neocallimastigomycetes		Neocallimastigomycota		74.7580	1.27083e-59	25/10000	True
GCA_985801395.1_iyForRufa2.microsporidian_1.1	Nosematidae sp. gmOTU23 NHMUK014425611	5	GCA_027248385.1_ASM2724838v1	Neocallimastix californiae	Neocallimastix	Neocallimastigaceae	Neocallimastigales	Neocallimastigomycetes		Neocallimastigomycota		74.7580	1.49884e-59	25/10000	True
GCA_985801395.1_iyForRufa2.microsporidian_1.1	Nosematidae sp. gmOTU23 NHMUK014425611	6	GCA_027248625.1_ASM2724862v1	Neocallimastix californiae	Neocallimastix	Neocallimastigaceae	Neocallimastigales	Neocallimastigomycetes		Neocallimastigomycota		74.7580	9.78452e-60	25/10000	True
GCA_985801395.1_iyForRufa2.microsporidian_1.1	Nosematidae sp. gmOTU23 NHMUK014425611	7	GCA_027248705.1_ASM2724870v1	Neocallimastix californiae	Neocallimastix	Neocallimastigaceae	Neocallimastigales	Neocallimastigomycetes		Neocallimastigomycota		74.5641	7.04697e-57	24/10000	True
GCA_985801395.1_iyForRufa2.microsporidian_1.1	Nosematidae sp. gmOTU23 NHMUK014425611	8	GCA_027248825.1_ASM2724882v1	Neocallimastix californiae	Neocallimastix	Neocallimastigaceae	Neocallimastigales	Neocallimastigomycetes		Neocallimastigomycota		74.5641	4.82726e-57	24/10000	True
GCA_985801395.1_iyForRufa2.microsporidian_1.1	Nosematidae sp. gmOTU23 NHMUK014425611	9	GCA_027248585.1_ASM2724858v1	Neocallimastix californiae	Neocallimastix	Neocallimastigaceae	Neocallimastigales	Neocallimastigomycetes		Neocallimastigomycota		74.3619	1.78085e-54	23/10000	True
GCA_985801395.1_iyForRufa2.microsporidian_1.1	Nosematidae sp. gmOTU23 NHMUK014425611	10	GCA_027248605.1_ASM2724860v1	Neocallimastix californiae	Neocallimastix	Neocallimastigaceae	Neocallimastigales	Neocallimastigomycetes		Neocallimastigomycota		74.3619	3.59416e-56	23/10000	True
GCA_032988465.1_ASM3298846v1	Onygenales sp. PD_10	1	GCA_032988185.1_ASM3298818v1	Onygenales sp. PD_12			Onygenales	Eurotiomycetes		Ascomycota		98.1356	0	5106/10000	True
GCA_032988465.1_ASM3298846v1	Onygenales sp. PD_10	2	GCA_032988205.1_ASM3298820v1	Onygenales sp. PD_40			Onygenales	Eurotiomycetes		Ascomycota		98.1263	0	5091/10000	True
GCA_032988465.1_ASM3298846v1	Onygenales sp. PD_10	3	GCA_032988165.1_ASM3298816v1	Emmonsiellopsis sp. PD_33	Emmonsiellopsis	Ajellomycetaceae	Onygenales	Eurotiomycetes		Ascomycota		98.0622	0	4989/10000	True
GCA_032988465.1_ASM3298846v1	Onygenales sp. PD_10	4	GCA_032988985.1_ASM3298898v1	Emmonsiellopsis sp. PD_5	Emmonsiellopsis	Ajellomycetaceae	Onygenales	Eurotiomycetes		Ascomycota		91.8994	0	1004/10000	True
GCA_032988465.1_ASM3298846v1	Onygenales sp. PD_10	5	GCA_001014755.1_ASM101475v1	Blastomyces silverae	Blastomyces	Ajellomycetaceae	Onygenales	Eurotiomycetes		Ascomycota		72.9253	1.83589e-39	17/10000	True
GCA_032988465.1_ASM3298846v1	Onygenales sp. PD_10	6	GCA_002572855.1_Emmon_cres_4076_V1	Emmonsia crescens	Emergomyces	Ajellomycetaceae	Onygenales	Eurotiomycetes		Ascomycota		72.3303	1.09729e-33	15/10000	True
GCA_032988465.1_ASM3298846v1	Onygenales sp. PD_10	7	GCA_000151595.1_BD_ATCC18188_V1	Blastomyces dermatitidis	Blastomyces	Ajellomycetaceae	Onygenales	Eurotiomycetes		Ascomycota		72.0022	4.13441e-29	14/10000	True
GCA_032988465.1_ASM3298846v1	Onygenales sp. PD_10	8	GCA_000301155.1_BD_ATCC18187_V1	Blastomyces dermatitidis	Blastomyces	Ajellomycetaceae	Onygenales	Eurotiomycetes		Ascomycota		71.6498	1.54604e-27	13/10000	True
GCA_032988465.1_ASM3298846v1	Onygenales sp. PD_10	9	GCA_001008285.1_ASM100828v1	Emmonsia crescens	Emergomyces	Ajellomycetaceae	Onygenales	Eurotiomycetes		Ascomycota		71.6498	6.08524e-29	13/10000	True
GCA_032988465.1_ASM3298846v1	Onygenales sp. PD_10	10	GCA_002110485.1_ASM211048v1	Emergomyces orientalis	Emergomyces	Ajellomycetaceae	Onygenales	Eurotiomycetes		Ascomycota		71.6498	2.04305e-28	13/10000	True
GCA_032988185.1_ASM3298818v1	Onygenales sp. PD_12	1	GCA_032988205.1_ASM3298820v1	Onygenales sp. PD_40			Onygenales	Eurotiomycetes		Ascomycota		98.1929	0	5200/10000	True
GCA_032988185.1_ASM3298818v1	Onygenales sp. PD_12	2	GCA_032988465.1_ASM3298846v1	Onygenales sp. PD_10			Onygenales	Eurotiomycetes		Ascomycota		98.1356	0	5106/10000	True
GCA_032988185.1_ASM3298818v1	Onygenales sp. PD_12	3	GCA_032988165.1_ASM3298816v1	Emmonsiellopsis sp. PD_33	Emmonsiellopsis	Ajellomycetaceae	Onygenales	Eurotiomycetes		Ascomycota		98.0781	0	5014/10000	True
GCA_032988185.1_ASM3298818v1	Onygenales sp. PD_12	4	GCA_032988985.1_ASM3298898v1	Emmonsiellopsis sp. PD_5	Emmonsiellopsis	Ajellomycetaceae	Onygenales	Eurotiomycetes		Ascomycota		91.8605	0	995/10000	True
GCA_032988185.1_ASM3298818v1	Onygenales sp. PD_12	5	GCA_002572855.1_Emmon_cres_4076_V1	Emmonsia crescens	Emergomyces	Ajellomycetaceae	Onygenales	Eurotiomycetes		Ascomycota		73.1970	1.55522e-41	18/10000	True
GCA_032988185.1_ASM3298818v1	Onygenales sp. PD_12	6	GCA_001660665.1_Emmo_afri_EA111	Emergomyces africanus	Emergomyces	Ajellomycetaceae	Onygenales	Eurotiomycetes		Ascomycota		72.9253	1.05179e-39	17/10000	True
GCA_032988185.1_ASM3298818v1	Onygenales sp. PD_12	7	GCA_043229245.1_ASM4322924v1	Blastomyces dermatitidis	Blastomyces	Ajellomycetaceae	Onygenales	Eurotiomycetes		Ascomycota		72.3303	9.58851e-32	15/10000	True
GCA_032988185.1_ASM3298818v1	Onygenales sp. PD_12	8	GCA_000151595.1_BD_ATCC18188_V1	Blastomyces dermatitidis	Blastomyces	Ajellomycetaceae	Onygenales	Eurotiomycetes		Ascomycota		72.0022	4.2173e-29	14/10000	True
GCA_032988185.1_ASM3298818v1	Onygenales sp. PD_12	9	GCA_001008285.1_ASM100828v1	Emmonsia crescens	Emergomyces	Ajellomycetaceae	Onygenales	Eurotiomycetes		Ascomycota		72.0022	1.68941e-31	14/10000	True
GCA_032988185.1_ASM3298818v1	Onygenales sp. PD_12	10	GCA_001014755.1_ASM101475v1	Blastomyces silverae	Blastomyces	Ajellomycetaceae	Onygenales	Eurotiomycetes		Ascomycota		72.0022	1.40137e-31	14/10000	True
GCA_032988205.1_ASM3298820v1	Onygenales sp. PD_40	1	GCA_032988185.1_ASM3298818v1	Onygenales sp. PD_12			Onygenales	Eurotiomycetes		Ascomycota		98.1929	0	5200/10000	True
GCA_032988205.1_ASM3298820v1	Onygenales sp. PD_40	2	GCA_032988465.1_ASM3298846v1	Onygenales sp. PD_10			Onygenales	Eurotiomycetes		Ascomycota		98.1263	0	5091/10000	True
GCA_032988205.1_ASM3298820v1	Onygenales sp. PD_40	3	GCA_032988165.1_ASM3298816v1	Emmonsiellopsis sp. PD_33	Emmonsiellopsis	Ajellomycetaceae	Onygenales	Eurotiomycetes		Ascomycota		98.0539	0	4976/10000	True
GCA_032988205.1_ASM3298820v1	Onygenales sp. PD_40	4	GCA_032988985.1_ASM3298898v1	Emmonsiellopsis sp. PD_5	Emmonsiellopsis	Ajellomycetaceae	Onygenales	Eurotiomycetes		Ascomycota		91.8343	0	989/10000	True
GCA_032988205.1_ASM3298820v1	Onygenales sp. PD_40	5	GCA_002572855.1_Emmon_cres_4076_V1	Emmonsia crescens	Emergomyces	Ajellomycetaceae	Onygenales	Eurotiomycetes		Ascomycota		72.3303	1.10312e-33	15/10000	True
GCA_032988205.1_ASM3298820v1	Onygenales sp. PD_40	6	GCA_000151595.1_BD_ATCC18188_V1	Blastomyces dermatitidis	Blastomyces	Ajellomycetaceae	Onygenales	Eurotiomycetes		Ascomycota		72.0022	4.16297e-29	14/10000	True
GCA_032988205.1_ASM3298820v1	Onygenales sp. PD_40	7	GCA_001014755.1_ASM101475v1	Blastomyces silverae	Blastomyces	Ajellomycetaceae	Onygenales	Eurotiomycetes		Ascomycota		72.0022	1.38933e-31	14/10000	True
GCA_032988205.1_ASM3298820v1	Onygenales sp. PD_40	8	GCA_001660665.1_Emmo_afri_EA111	Emergomyces africanus	Emergomyces	Ajellomycetaceae	Onygenales	Eurotiomycetes		Ascomycota		72.0022	8.67061e-32	14/10000	True
GCA_032988205.1_ASM3298820v1	Onygenales sp. PD_40	9	GCA_043229245.1_ASM4322924v1	Blastomyces dermatitidis	Blastomyces	Ajellomycetaceae	Onygenales	Eurotiomycetes		Ascomycota		72.0022	2.57884e-29	14/10000	True
GCA_032988205.1_ASM3298820v1	Onygenales sp. PD_40	10	GCF_000003525.1_BD_ER3_V1	Blastomyces dermatitidis	Blastomyces	Ajellomycetaceae	Onygenales	Eurotiomycetes		Ascomycota		72.0022	3.06706e-29	14/10000	True
GCA_029293055.1_ASM2929305v1	Ophiocordycipitaceae sp.	1	GCA_029292965.1_ASM2929296v1	Ophiocordycipitaceae sp.		Ophiocordycipitaceae	Hypocreales	Sordariomycetes		Ascomycota		87.3911	0	367/10000	True
GCA_029293055.1_ASM2929305v1	Ophiocordycipitaceae sp.	2	GCA_029292925.1_ASM2929292v1	Ophiocordycipitaceae sp.		Ophiocordycipitaceae	Hypocreales	Sordariomycetes		Ascomycota		87.2898	0	359/10000	True
GCA_029293055.1_ASM2929305v1	Ophiocordycipitaceae sp.	3	GCA_029292995.1_ASM2929299v1	Ophiocordycipitaceae sp.		Ophiocordycipitaceae	Hypocreales	Sordariomycetes		Ascomycota		87.2123	0	353/10000	True
GCA_029293055.1_ASM2929305v1	Ophiocordycipitaceae sp.	4	GCA_004026455.1_ASM402645v1	Purpureocillium lilacinum	Purpureocillium	Ophiocordycipitaceae	Hypocreales	Sordariomycetes		Ascomycota		87.1862	0	351/10000	True
GCA_029293055.1_ASM2929305v1	Ophiocordycipitaceae sp.	5	GCA_004026395.1_ASM402639v1	Purpureocillium lilacinum	Purpureocillium	Ophiocordycipitaceae	Hypocreales	Sordariomycetes		Ascomycota		87.0666	0	342/10000	True
GCA_029293055.1_ASM2929305v1	Ophiocordycipitaceae sp.	6	GCA_030772975.1_ASM3077297v1	Purpureocillium lilacinum	Purpureocillium	Ophiocordycipitaceae	Hypocreales	Sordariomycetes		Ascomycota		86.6433	0	312/10000	True
GCA_029293055.1_ASM2929305v1	Ophiocordycipitaceae sp.	7	GCA_029292885.1_ASM2929288v1	Ophiocordycipitaceae sp.		Ophiocordycipitaceae	Hypocreales	Sordariomycetes		Ascomycota		86.6284	0	311/10000	True
GCA_029293055.1_ASM2929305v1	Ophiocordycipitaceae sp.	8	GCA_001468795.1_ASM146879v1	Purpureocillium lilacinum	Purpureocillium	Ophiocordycipitaceae	Hypocreales	Sordariomycetes		Ascomycota		86.3052	0	290/10000	True
GCA_029293055.1_ASM2929305v1	Ophiocordycipitaceae sp.	9	GCA_029292835.1_ASM2929283v1	Ophiocordycipitaceae sp.		Ophiocordycipitaceae	Hypocreales	Sordariomycetes		Ascomycota		86.1921	0	283/10000	True
GCA_029293055.1_ASM2929305v1	Ophiocordycipitaceae sp.	10	GCA_042920535.1_ASM4292053v1	Purpureocillium lilacinum	Purpureocillium	Ophiocordycipitaceae	Hypocreales	Sordariomycetes		Ascomycota		86.1757	0	282/10000	True
GCA_029292995.1_ASM2929299v1	Ophiocordycipitaceae sp.	1	GCA_029292925.1_ASM2929292v1	Ophiocordycipitaceae sp.		Ophiocordycipitaceae	Hypocreales	Sordariomycetes		Ascomycota		99.8441	0	9376/10000	True
GCA_029292995.1_ASM2929299v1	Ophiocordycipitaceae sp.	2	GCA_004026455.1_ASM402645v1	Purpureocillium lilacinum	Purpureocillium	Ophiocordycipitaceae	Hypocreales	Sordariomycetes		Ascomycota		99.6851	0	8797/10000	True
GCA_029292995.1_ASM2929299v1	Ophiocordycipitaceae sp.	3	GCA_004026395.1_ASM402639v1	Purpureocillium lilacinum	Purpureocillium	Ophiocordycipitaceae	Hypocreales	Sordariomycetes		Ascomycota		99.6825	0	8788/10000	True
GCA_029292995.1_ASM2929299v1	Ophiocordycipitaceae sp.	4	GCA_030772975.1_ASM3077297v1	Purpureocillium lilacinum	Purpureocillium	Ophiocordycipitaceae	Hypocreales	Sordariomycetes		Ascomycota		99.2800	0	7539/10000	True
GCA_029292995.1_ASM2929299v1	Ophiocordycipitaceae sp.	5	GCA_001468795.1_ASM146879v1	Purpureocillium lilacinum	Purpureocillium	Ophiocordycipitaceae	Hypocreales	Sordariomycetes		Ascomycota		99.0654	0	6975/10000	True
GCA_029292995.1_ASM2929299v1	Ophiocordycipitaceae sp.	6	GCA_029292965.1_ASM2929296v1	Ophiocordycipitaceae sp.		Ophiocordycipitaceae	Hypocreales	Sordariomycetes		Ascomycota		98.8916	0	6561/10000	True
GCA_029292995.1_ASM2929299v1	Ophiocordycipitaceae sp.	7	GCA_023168115.2_PurlilIFM63780_1.0	Purpureocillium lilacinum	Purpureocillium	Ophiocordycipitaceae	Hypocreales	Sordariomycetes		Ascomycota		98.5569	0	5855/10000	True
GCA_029292995.1_ASM2929299v1	Ophiocordycipitaceae sp.	8	GCA_042920535.1_ASM4292053v1	Purpureocillium lilacinum	Purpureocillium	Ophiocordycipitaceae	Hypocreales	Sordariomycetes		Ascomycota		98.5533	0	5848/10000	True
GCA_029292995.1_ASM2929299v1	Ophiocordycipitaceae sp.	9	GCA_051402975.1_ASM5140297v1	Purpureocillium lilacinum	Purpureocillium	Ophiocordycipitaceae	Hypocreales	Sordariomycetes		Ascomycota		98.5487	0	5839/10000	True
GCA_029292995.1_ASM2929299v1	Ophiocordycipitaceae sp.	10	GCA_003144605.1_ASM314460v1	Purpureocillium lilacinum	Purpureocillium	Ophiocordycipitaceae	Hypocreales	Sordariomycetes		Ascomycota		98.5327	0	5808/10000	True
GCA_029293035.1_ASM2929303v1	Ophiocordycipitaceae sp.	1	GCA_029292915.1_ASM2929291v1	Ophiocordycipitaceae sp.		Ophiocordycipitaceae	Hypocreales	Sordariomycetes		Ascomycota		98.5077	0	5760/10000	True
GCA_029293035.1_ASM2929303v1	Ophiocordycipitaceae sp.	2	GCA_004026455.1_ASM402645v1	Purpureocillium lilacinum	Purpureocillium	Ophiocordycipitaceae	Hypocreales	Sordariomycetes		Ascomycota		91.9931	0	1026/10000	True
GCA_029293035.1_ASM2929303v1	Ophiocordycipitaceae sp.	3	GCA_004026395.1_ASM402639v1	Purpureocillium lilacinum	Purpureocillium	Ophiocordycipitaceae	Hypocreales	Sordariomycetes		Ascomycota		91.9508	0	1016/10000	True
GCA_029293035.1_ASM2929303v1	Ophiocordycipitaceae sp.	4	GCA_029292835.1_ASM2929283v1	Ophiocordycipitaceae sp.		Ophiocordycipitaceae	Hypocreales	Sordariomycetes		Ascomycota		91.4045	0	896/10000	True
GCA_029293035.1_ASM2929303v1	Ophiocordycipitaceae sp.	5	GCA_029292985.1_ASM2929298v1	Ophiocordycipitaceae sp.		Ophiocordycipitaceae	Hypocreales	Sordariomycetes		Ascomycota		90.1993	0	682/10000	True
GCA_029293035.1_ASM2929303v1	Ophiocordycipitaceae sp.	6	GCA_054134455.1_Purpureocillium_lilacinum_Ento1_v1	Purpureocillium lilacinum	Purpureocillium	Ophiocordycipitaceae	Hypocreales	Sordariomycetes		Ascomycota		89.4580	0	578/10000	True
GCA_029293035.1_ASM2929303v1	Ophiocordycipitaceae sp.	7	GCA_001468795.1_ASM146879v1	Purpureocillium lilacinum	Purpureocillium	Ophiocordycipitaceae	Hypocreales	Sordariomycetes		Ascomycota		89.4111	0	572/10000	True
GCA_029293035.1_ASM2929303v1	Ophiocordycipitaceae sp.	8	GCA_030772975.1_ASM3077297v1	Purpureocillium lilacinum	Purpureocillium	Ophiocordycipitaceae	Hypocreales	Sordariomycetes		Ascomycota		88.8749	0	508/10000	True
GCA_029293035.1_ASM2929303v1	Ophiocordycipitaceae sp.	9	GCA_033847395.1_Purlil1	Purpureocillium lilacinum	Purpureocillium	Ophiocordycipitaceae	Hypocreales	Sordariomycetes		Ascomycota		88.6647	0	485/10000	True
GCA_029293035.1_ASM2929303v1	Ophiocordycipitaceae sp.	10	GCA_003144605.1_ASM314460v1	Purpureocillium lilacinum	Purpureocillium	Ophiocordycipitaceae	Hypocreales	Sordariomycetes		Ascomycota		88.4831	0	466/10000	True
GCA_029292965.1_ASM2929296v1	Ophiocordycipitaceae sp.	1	GCA_029292925.1_ASM2929292v1	Ophiocordycipitaceae sp.		Ophiocordycipitaceae	Hypocreales	Sordariomycetes		Ascomycota		98.8982	0	6576/10000	True
GCA_029292965.1_ASM2929296v1	Ophiocordycipitaceae sp.	2	GCA_029292995.1_ASM2929299v1	Ophiocordycipitaceae sp.		Ophiocordycipitaceae	Hypocreales	Sordariomycetes		Ascomycota		98.8916	0	6561/10000	True
GCA_029292965.1_ASM2929296v1	Ophiocordycipitaceae sp.	3	GCA_004026455.1_ASM402645v1	Purpureocillium lilacinum	Purpureocillium	Ophiocordycipitaceae	Hypocreales	Sordariomycetes		Ascomycota		98.7975	0	6351/10000	True
GCA_029292965.1_ASM2929296v1	Ophiocordycipitaceae sp.	4	GCA_004026395.1_ASM402639v1	Purpureocillium lilacinum	Purpureocillium	Ophiocordycipitaceae	Hypocreales	Sordariomycetes		Ascomycota		98.7855	0	6325/10000	True
GCA_029292965.1_ASM2929296v1	Ophiocordycipitaceae sp.	5	GCA_030772975.1_ASM3077297v1	Purpureocillium lilacinum	Purpureocillium	Ophiocordycipitaceae	Hypocreales	Sordariomycetes		Ascomycota		98.3986	0	5557/10000	True
GCA_029292965.1_ASM2929296v1	Ophiocordycipitaceae sp.	6	GCA_001468795.1_ASM146879v1	Purpureocillium lilacinum	Purpureocillium	Ophiocordycipitaceae	Hypocreales	Sordariomycetes		Ascomycota		98.1760	0	5172/10000	True
GCA_029292965.1_ASM2929296v1	Ophiocordycipitaceae sp.	7	GCA_042920535.1_ASM4292053v1	Purpureocillium lilacinum	Purpureocillium	Ophiocordycipitaceae	Hypocreales	Sordariomycetes		Ascomycota		97.6974	0	4457/10000	True
GCA_029292965.1_ASM2929296v1	Ophiocordycipitaceae sp.	8	GCA_051402975.1_ASM5140297v1	Purpureocillium lilacinum	Purpureocillium	Ophiocordycipitaceae	Hypocreales	Sordariomycetes		Ascomycota		97.6646	0	4413/10000	True
GCA_029292965.1_ASM2929296v1	Ophiocordycipitaceae sp.	9	GCA_003144605.1_ASM314460v1	Purpureocillium lilacinum	Purpureocillium	Ophiocordycipitaceae	Hypocreales	Sordariomycetes		Ascomycota		97.6504	0	4394/10000	True
GCA_029292965.1_ASM2929296v1	Ophiocordycipitaceae sp.	10	GCA_023168115.2_PurlilIFM63780_1.0	Purpureocillium lilacinum	Purpureocillium	Ophiocordycipitaceae	Hypocreales	Sordariomycetes		Ascomycota		97.6383	0	4378/10000	True
GCA_029292985.1_ASM2929298v1	Ophiocordycipitaceae sp.	1	GCA_004026455.1_ASM402645v1	Purpureocillium lilacinum	Purpureocillium	Ophiocordycipitaceae	Hypocreales	Sordariomycetes		Ascomycota		93.4462	0	1445/10000	True
GCA_029292985.1_ASM2929298v1	Ophiocordycipitaceae sp.	2	GCA_004026395.1_ASM402639v1	Purpureocillium lilacinum	Purpureocillium	Ophiocordycipitaceae	Hypocreales	Sordariomycetes		Ascomycota		93.4404	0	1443/10000	True
GCA_029292985.1_ASM2929298v1	Ophiocordycipitaceae sp.	3	GCA_029292925.1_ASM2929292v1	Ophiocordycipitaceae sp.		Ophiocordycipitaceae	Hypocreales	Sordariomycetes		Ascomycota		93.3765	0	1421/10000	True
GCA_029292985.1_ASM2929298v1	Ophiocordycipitaceae sp.	4	GCA_029292995.1_ASM2929299v1	Ophiocordycipitaceae sp.		Ophiocordycipitaceae	Hypocreales	Sordariomycetes		Ascomycota		93.2481	0	1378/10000	True
GCA_029292985.1_ASM2929298v1	Ophiocordycipitaceae sp.	5	GCA_029292885.1_ASM2929288v1	Ophiocordycipitaceae sp.		Ophiocordycipitaceae	Hypocreales	Sordariomycetes		Ascomycota		93.2115	0	1366/10000	True
GCA_029292985.1_ASM2929298v1	Ophiocordycipitaceae sp.	6	GCA_030772975.1_ASM3077297v1	Purpureocillium lilacinum	Purpureocillium	Ophiocordycipitaceae	Hypocreales	Sordariomycetes		Ascomycota		92.8071	0	1241/10000	True
GCA_029292985.1_ASM2929298v1	Ophiocordycipitaceae sp.	7	GCA_001468795.1_ASM146879v1	Purpureocillium lilacinum	Purpureocillium	Ophiocordycipitaceae	Hypocreales	Sordariomycetes		Ascomycota		92.4980	0	1154/10000	True
GCA_029292985.1_ASM2929298v1	Ophiocordycipitaceae sp.	8	GCA_042920535.1_ASM4292053v1	Purpureocillium lilacinum	Purpureocillium	Ophiocordycipitaceae	Hypocreales	Sordariomycetes		Ascomycota		92.0723	0	1045/10000	True
GCA_029292985.1_ASM2929298v1	Ophiocordycipitaceae sp.	9	GCA_051402975.1_ASM5140297v1	Purpureocillium lilacinum	Purpureocillium	Ophiocordycipitaceae	Hypocreales	Sordariomycetes		Ascomycota		92.0350	0	1036/10000	True
GCA_029292985.1_ASM2929298v1	Ophiocordycipitaceae sp.	10	GCA_046452455.1_ASM4645245v1	Purpureocillium lilacinum	Purpureocillium	Ophiocordycipitaceae	Hypocreales	Sordariomycetes		Ascomycota		92.0141	0	1031/10000	True
GCA_029292925.1_ASM2929292v1	Ophiocordycipitaceae sp.	1	GCA_029292995.1_ASM2929299v1	Ophiocordycipitaceae sp.		Ophiocordycipitaceae	Hypocreales	Sordariomycetes		Ascomycota		99.8441	0	9376/10000	True
GCA_029292925.1_ASM2929292v1	Ophiocordycipitaceae sp.	2	GCA_004026455.1_ASM402645v1	Purpureocillium lilacinum	Purpureocillium	Ophiocordycipitaceae	Hypocreales	Sordariomycetes		Ascomycota		99.7478	0	9019/10000	True
GCA_029292925.1_ASM2929292v1	Ophiocordycipitaceae sp.	3	GCA_004026395.1_ASM402639v1	Purpureocillium lilacinum	Purpureocillium	Ophiocordycipitaceae	Hypocreales	Sordariomycetes		Ascomycota		99.7442	0	9006/10000	True
GCA_029292925.1_ASM2929292v1	Ophiocordycipitaceae sp.	4	GCA_030772975.1_ASM3077297v1	Purpureocillium lilacinum	Purpureocillium	Ophiocordycipitaceae	Hypocreales	Sordariomycetes		Ascomycota		99.3549	0	7751/10000	True
GCA_029292925.1_ASM2929292v1	Ophiocordycipitaceae sp.	5	GCA_001468795.1_ASM146879v1	Purpureocillium lilacinum	Purpureocillium	Ophiocordycipitaceae	Hypocreales	Sordariomycetes		Ascomycota		99.1412	0	7167/10000	True
GCA_029292925.1_ASM2929292v1	Ophiocordycipitaceae sp.	6	GCA_029292965.1_ASM2929296v1	Ophiocordycipitaceae sp.		Ophiocordycipitaceae	Hypocreales	Sordariomycetes		Ascomycota		98.8982	0	6576/10000	True
GCA_029292925.1_ASM2929292v1	Ophiocordycipitaceae sp.	7	GCA_023168115.2_PurlilIFM63780_1.0	Purpureocillium lilacinum	Purpureocillium	Ophiocordycipitaceae	Hypocreales	Sordariomycetes		Ascomycota		98.6256	0	5991/10000	True
GCA_029292925.1_ASM2929292v1	Ophiocordycipitaceae sp.	8	GCA_042920535.1_ASM4292053v1	Purpureocillium lilacinum	Purpureocillium	Ophiocordycipitaceae	Hypocreales	Sordariomycetes		Ascomycota		98.6256	0	5991/10000	True
GCA_029292925.1_ASM2929292v1	Ophiocordycipitaceae sp.	9	GCA_051402975.1_ASM5140297v1	Purpureocillium lilacinum	Purpureocillium	Ophiocordycipitaceae	Hypocreales	Sordariomycetes		Ascomycota		98.6176	0	5975/10000	True
GCA_029292925.1_ASM2929292v1	Ophiocordycipitaceae sp.	10	GCA_003144605.1_ASM314460v1	Purpureocillium lilacinum	Purpureocillium	Ophiocordycipitaceae	Hypocreales	Sordariomycetes		Ascomycota		98.6061	0	5952/10000	True
GCA_029292915.1_ASM2929291v1	Ophiocordycipitaceae sp.	1	GCA_029293035.1_ASM2929303v1	Ophiocordycipitaceae sp.		Ophiocordycipitaceae	Hypocreales	Sordariomycetes		Ascomycota		98.5077	0	5760/10000	True
GCA_029292915.1_ASM2929291v1	Ophiocordycipitaceae sp.	2	GCA_004026395.1_ASM402639v1	Purpureocillium lilacinum	Purpureocillium	Ophiocordycipitaceae	Hypocreales	Sordariomycetes		Ascomycota		91.2198	0	859/10000	True
GCA_029292915.1_ASM2929291v1	Ophiocordycipitaceae sp.	3	GCA_004026455.1_ASM402645v1	Purpureocillium lilacinum	Purpureocillium	Ophiocordycipitaceae	Hypocreales	Sordariomycetes		Ascomycota		91.2147	0	858/10000	True
GCA_029292915.1_ASM2929291v1	Ophiocordycipitaceae sp.	4	GCA_029292835.1_ASM2929283v1	Ophiocordycipitaceae sp.		Ophiocordycipitaceae	Hypocreales	Sordariomycetes		Ascomycota		90.5502	0	738/10000	True
GCA_029292915.1_ASM2929291v1	Ophiocordycipitaceae sp.	5	GCA_029292985.1_ASM2929298v1	Ophiocordycipitaceae sp.		Ophiocordycipitaceae	Hypocreales	Sordariomycetes		Ascomycota		89.6633	0	605/10000	True
GCA_029292915.1_ASM2929291v1	Ophiocordycipitaceae sp.	6	GCA_054134455.1_Purpureocillium_lilacinum_Ento1_v1	Purpureocillium lilacinum	Purpureocillium	Ophiocordycipitaceae	Hypocreales	Sordariomycetes		Ascomycota		88.4438	0	462/10000	True
GCA_029292915.1_ASM2929291v1	Ophiocordycipitaceae sp.	7	GCA_001468795.1_ASM146879v1	Purpureocillium lilacinum	Purpureocillium	Ophiocordycipitaceae	Hypocreales	Sordariomycetes		Ascomycota		88.2112	0	439/10000	True
GCA_029292915.1_ASM2929291v1	Ophiocordycipitaceae sp.	8	GCA_033847395.1_Purlil1	Purpureocillium lilacinum	Purpureocillium	Ophiocordycipitaceae	Hypocreales	Sordariomycetes		Ascomycota		87.3785	0	366/10000	True
GCA_029292915.1_ASM2929291v1	Ophiocordycipitaceae sp.	9	GCA_030772975.1_ASM3077297v1	Purpureocillium lilacinum	Purpureocillium	Ophiocordycipitaceae	Hypocreales	Sordariomycetes		Ascomycota		87.3407	0	363/10000	True
GCA_029292915.1_ASM2929291v1	Ophiocordycipitaceae sp.	10	GCA_029292885.1_ASM2929288v1	Ophiocordycipitaceae sp.		Ophiocordycipitaceae	Hypocreales	Sordariomycetes		Ascomycota		87.1201	0	346/10000	True
GCA_029292835.1_ASM2929283v1	Ophiocordycipitaceae sp.	1	GCA_004026455.1_ASM402645v1	Purpureocillium lilacinum	Purpureocillium	Ophiocordycipitaceae	Hypocreales	Sordariomycetes		Ascomycota		97.2496	0	3901/10000	True
GCA_029292835.1_ASM2929283v1	Ophiocordycipitaceae sp.	2	GCA_004026395.1_ASM402639v1	Purpureocillium lilacinum	Purpureocillium	Ophiocordycipitaceae	Hypocreales	Sordariomycetes		Ascomycota		97.2373	0	3887/10000	True
GCA_029292835.1_ASM2929283v1	Ophiocordycipitaceae sp.	3	GCA_029292925.1_ASM2929292v1	Ophiocordycipitaceae sp.		Ophiocordycipitaceae	Hypocreales	Sordariomycetes		Ascomycota		97.1366	0	3775/10000	True
GCA_029292835.1_ASM2929283v1	Ophiocordycipitaceae sp.	4	GCA_029292995.1_ASM2929299v1	Ophiocordycipitaceae sp.		Ophiocordycipitaceae	Hypocreales	Sordariomycetes		Ascomycota		97.1201	0	3757/10000	True
GCA_029292835.1_ASM2929283v1	Ophiocordycipitaceae sp.	5	GCA_029292965.1_ASM2929296v1	Ophiocordycipitaceae sp.		Ophiocordycipitaceae	Hypocreales	Sordariomycetes		Ascomycota		96.8614	0	3489/10000	True
GCA_029292835.1_ASM2929283v1	Ophiocordycipitaceae sp.	6	GCA_030772975.1_ASM3077297v1	Purpureocillium lilacinum	Purpureocillium	Ophiocordycipitaceae	Hypocreales	Sordariomycetes		Ascomycota		96.6405	0	3279/10000	True
GCA_029292835.1_ASM2929283v1	Ophiocordycipitaceae sp.	7	GCA_001468795.1_ASM146879v1	Purpureocillium lilacinum	Purpureocillium	Ophiocordycipitaceae	Hypocreales	Sordariomycetes		Ascomycota		96.4635	0	3122/10000	True
GCA_029292835.1_ASM2929283v1	Ophiocordycipitaceae sp.	8	GCA_042920535.1_ASM4292053v1	Purpureocillium lilacinum	Purpureocillium	Ophiocordycipitaceae	Hypocreales	Sordariomycetes		Ascomycota		95.8730	0	2661/10000	True
GCA_029292835.1_ASM2929283v1	Ophiocordycipitaceae sp.	9	GCA_023168115.2_PurlilIFM63780_1.0	Purpureocillium lilacinum	Purpureocillium	Ophiocordycipitaceae	Hypocreales	Sordariomycetes		Ascomycota		95.8245	0	2627/10000	True
GCA_029292835.1_ASM2929283v1	Ophiocordycipitaceae sp.	10	GCA_051402975.1_ASM5140297v1	Purpureocillium lilacinum	Purpureocillium	Ophiocordycipitaceae	Hypocreales	Sordariomycetes		Ascomycota		95.8202	0	2624/10000	True
GCA_029292885.1_ASM2929288v1	Ophiocordycipitaceae sp.	1	GCA_029292995.1_ASM2929299v1	Ophiocordycipitaceae sp.		Ophiocordycipitaceae	Hypocreales	Sordariomycetes		Ascomycota		96.0233	0	2770/10000	True
GCA_029292885.1_ASM2929288v1	Ophiocordycipitaceae sp.	2	GCA_029292925.1_ASM2929292v1	Ophiocordycipitaceae sp.		Ophiocordycipitaceae	Hypocreales	Sordariomycetes		Ascomycota		96.0139	0	2763/10000	True
GCA_029292885.1_ASM2929288v1	Ophiocordycipitaceae sp.	3	GCA_004026455.1_ASM402645v1	Purpureocillium lilacinum	Purpureocillium	Ophiocordycipitaceae	Hypocreales	Sordariomycetes		Ascomycota		95.8758	0	2663/10000	True
GCA_029292885.1_ASM2929288v1	Ophiocordycipitaceae sp.	4	GCA_004026395.1_ASM402639v1	Purpureocillium lilacinum	Purpureocillium	Ophiocordycipitaceae	Hypocreales	Sordariomycetes		Ascomycota		95.8744	0	2662/10000	True
GCA_029292885.1_ASM2929288v1	Ophiocordycipitaceae sp.	5	GCA_029292965.1_ASM2929296v1	Ophiocordycipitaceae sp.		Ophiocordycipitaceae	Hypocreales	Sordariomycetes		Ascomycota		95.5187	0	2424/10000	True
GCA_029292885.1_ASM2929288v1	Ophiocordycipitaceae sp.	6	GCA_030772975.1_ASM3077297v1	Purpureocillium lilacinum	Purpureocillium	Ophiocordycipitaceae	Hypocreales	Sordariomycetes		Ascomycota		95.3897	0	2344/10000	True
GCA_029292885.1_ASM2929288v1	Ophiocordycipitaceae sp.	7	GCA_001468795.1_ASM146879v1	Purpureocillium lilacinum	Purpureocillium	Ophiocordycipitaceae	Hypocreales	Sordariomycetes		Ascomycota		95.0391	0	2142/10000	True
GCA_029292885.1_ASM2929288v1	Ophiocordycipitaceae sp.	8	GCA_042920535.1_ASM4292053v1	Purpureocillium lilacinum	Purpureocillium	Ophiocordycipitaceae	Hypocreales	Sordariomycetes		Ascomycota		94.7804	0	2006/10000	True
GCA_029292885.1_ASM2929288v1	Ophiocordycipitaceae sp.	9	GCA_051402975.1_ASM5140297v1	Purpureocillium lilacinum	Purpureocillium	Ophiocordycipitaceae	Hypocreales	Sordariomycetes		Ascomycota		94.6699	0	1951/10000	True
GCA_029292885.1_ASM2929288v1	Ophiocordycipitaceae sp.	10	GCA_023168115.2_PurlilIFM63780_1.0	Purpureocillium lilacinum	Purpureocillium	Ophiocordycipitaceae	Hypocreales	Sordariomycetes		Ascomycota		94.6514	0	1942/10000	True
GCA_937822555.1_SRR13685168_bin.22_CONCOCT_v1.1_MAG	Parmeliaceae sp.	1	GCA_964257435.1_public_SRR14721996_metabat2_bin.8	Hypogymnia vittata	Hypogymnia	Parmeliaceae	Lecanorales	Lecanoromycetes		Ascomycota		99.9000	0	9593/10000	True
GCA_937822555.1_SRR13685168_bin.22_CONCOCT_v1.1_MAG	Parmeliaceae sp.	2	GCA_964254535.1_private_X14_concoct_bin.2	Hypogymnia physodes	Hypogymnia	Parmeliaceae	Lecanorales	Lecanoromycetes		Ascomycota		93.2084	0	1365/10000	True
GCA_937822555.1_SRR13685168_bin.22_CONCOCT_v1.1_MAG	Parmeliaceae sp.	3	GCA_964256985.1_public_SRR5808932_concoct_bin.35	Pseudevernia furfuracea	Pseudevernia	Parmeliaceae	Lecanorales	Lecanoromycetes		Ascomycota		86.1921	0	283/10000	True
GCA_937822555.1_SRR13685168_bin.22_CONCOCT_v1.1_MAG	Parmeliaceae sp.	4	GCA_003184345.1_ASM318434v1	Pseudevernia furfuracea	Pseudevernia	Parmeliaceae	Lecanorales	Lecanoromycetes		Ascomycota		85.9050	0	266/10000	True
GCA_937822555.1_SRR13685168_bin.22_CONCOCT_v1.1_MAG	Parmeliaceae sp.	5	GCA_022315165.1_Pfur_phy_TBG_2152	Pseudevernia furfuracea	Pseudevernia	Parmeliaceae	Lecanorales	Lecanoromycetes		Ascomycota		85.9050	0	266/10000	True
GCA_937822555.1_SRR13685168_bin.22_CONCOCT_v1.1_MAG	Parmeliaceae sp.	6	GCA_022315425.1_Pfur_oli_TBG_2151	Pseudevernia furfuracea	Pseudevernia	Parmeliaceae	Lecanorales	Lecanoromycetes		Ascomycota		85.8524	0	263/10000	True
GCA_937822555.1_SRR13685168_bin.22_CONCOCT_v1.1_MAG	Parmeliaceae sp.	7	GCA_964254705.1_public_SRR14722129_metabat2_bin.3	Pseudevernia cladonia	Pseudevernia	Parmeliaceae	Lecanorales	Lecanoromycetes		Ascomycota		85.4850	0	243/10000	True
GCA_937822555.1_SRR13685168_bin.22_CONCOCT_v1.1_MAG	Parmeliaceae sp.	8	GCA_051942225.1_KEW_Psco	Pseudevernia consocians	Pseudevernia	Parmeliaceae	Lecanorales	Lecanoromycetes		Ascomycota		84.8934	0	214/10000	True
GCA_937822555.1_SRR13685168_bin.22_CONCOCT_v1.1_MAG	Parmeliaceae sp.	9	GCA_964257005.1_public_SRR7232211_concoct_bin.3	Letharia vulpina	Letharia	Parmeliaceae	Lecanorales	Lecanoromycetes		Ascomycota		83.4152	0	156/10000	True
GCA_937822555.1_SRR13685168_bin.22_CONCOCT_v1.1_MAG	Parmeliaceae sp.	10	GCF_014066305.1_Lecol_v1.0	Letharia columbiana	Letharia	Parmeliaceae	Lecanorales	Lecanoromycetes		Ascomycota		82.9740	0	142/10000	True
GCA_964254795.1_public_SRR14722032_metabat2_bin.2	Pertusariales sp.	1	GCA_964255865.1_private_T1912_concoct_bin.14	Varicellaria rhodocarpa	Varicellaria	Pertusariaceae	Pertusariales	Lecanoromycetes		Ascomycota		89.6484	0	603/10000	True
GCA_964254795.1_public_SRR14722032_metabat2_bin.2	Pertusariales sp.	2	GCA_022813925.1_ASM2281392v1	Varicellaria rhodocarpa	Varicellaria	Pertusariaceae	Pertusariales	Lecanoromycetes		Ascomycota		88.6177	0	480/10000	True
GCA_964254795.1_public_SRR14722032_metabat2_bin.2	Pertusariales sp.	3	GCA_964254805.1_public_SRR14722109_metabat2_bin.1	Pertusaria andersoniae	Pertusaria	Pertusariaceae	Pertusariales	Lecanoromycetes		Ascomycota		77.1061	1.42565e-109	41/10000	True
GCA_964254795.1_public_SRR14722032_metabat2_bin.2	Pertusariales sp.	4	GCA_964255665.1_public_SRR14722159_metabat2_bin.7	Ochrolechia arborea	Ochrolechia	Ochrolechiaceae	Pertusariales	Lecanoromycetes		Ascomycota		69.9006	3.5752e-20	9/10000	True
GCA_964254795.1_public_SRR14722032_metabat2_bin.2	Pertusariales sp.	5	GCA_038407095.1_ASM3840709v1	Ceratocystis destructans	Ceratocystis	Ceratocystidaceae	Microascales	Sordariomycetes		Ascomycota		68.7048	8.01458e-15	7/10000	True
GCA_964254795.1_public_SRR14722032_metabat2_bin.2	Pertusariales sp.	6	GCA_053477155.1_ASM5347715v1	Umbilicaria spodochroa	Umbilicaria	Umbilicariaceae	Umbilicariales	Lecanoromycetes		Ascomycota		68.7048	2.02879e-14	7/10000	True
GCA_964254795.1_public_SRR14722032_metabat2_bin.2	Pertusariales sp.	7	GCA_964255515.1_private_X16_concoct_bin.2	Umbilicaria americana	Umbilicaria	Umbilicariaceae	Umbilicariales	Lecanoromycetes		Ascomycota		68.7048	5.49186e-15	7/10000	True
GCA_964254795.1_public_SRR14722032_metabat2_bin.2	Pertusariales sp.	8	GCA_000611775.1_Umbmu1.0	Umbilicaria muhlenbergii	Umbilicaria	Umbilicariaceae	Umbilicariales	Lecanoromycetes		Ascomycota		67.9713	3.67463e-12	6/10000	True
GCA_964254795.1_public_SRR14722032_metabat2_bin.2	Pertusariales sp.	9	GCA_002911195.1_ASM291119v1	Pseudonectria foliicola	Pseudonectria	Nectriaceae	Hypocreales	Sordariomycetes		Ascomycota		67.9713	2.03895e-12	6/10000	True
GCA_964254795.1_public_SRR14722032_metabat2_bin.2	Pertusariales sp.	10	GCA_003693515.1_ASM369351v1	Pseudonectria buxi	Pseudonectria	Nectriaceae	Hypocreales	Sordariomycetes		Ascomycota		67.9713	2.03775e-12	6/10000	True
GCA_002224055.1_ASM222405v1	Pezizomycotina sp. ARF18	1	GCA_047716705.1_ASM4771670v1	Hyalorbilia cf. ulicicola	Hyalorbilia	Orbiliaceae	Orbiliales	Orbiliomycetes		Ascomycota		98.2037	0	5218/10000	True
GCA_002224055.1_ASM222405v1	Pezizomycotina sp. ARF18	2	GCA_002157105.1_PirspE2_v1.0	Piromyces sp. E2	Piromyces	Neocallimastigaceae	Neocallimastigales	Neocallimastigomycetes		Neocallimastigomycota		74.7580	5.64226e-56	25/10000	True
GCA_002224055.1_ASM222405v1	Pezizomycotina sp. ARF18	3	GCA_027248545.1_ASM2724854v1	Piromyces sp.	Piromyces	Neocallimastigaceae	Neocallimastigales	Neocallimastigomycetes		Neocallimastigomycota		74.7580	2.03984e-57	25/10000	True
GCA_002224055.1_ASM222405v1	Pezizomycotina sp. ARF18	4	GCA_027248865.1_ASM2724886v1	Piromyces sp.	Piromyces	Neocallimastigaceae	Neocallimastigales	Neocallimastigomycetes		Neocallimastigomycota		74.7580	3.31725e-56	25/10000	True
GCA_002224055.1_ASM222405v1	Pezizomycotina sp. ARF18	5	GCA_977110925.1_gzCunBlak1	Cunninghamella blakesleeana	Cunninghamella	Cunninghamellaceae	Mucorales	Mucoromycetes		Mucoromycota		74.7580	1.80903e-59	25/10000	True
GCA_002224055.1_ASM222405v1	Pezizomycotina sp. ARF18	6	GCA_002104945.1_Piromyces_sp._finnis_v3.0	Piromyces finnis	Piromyces	Neocallimastigaceae	Neocallimastigales	Neocallimastigomycetes		Neocallimastigomycota		74.5641	2.99328e-54	24/10000	True
GCA_002224055.1_ASM222405v1	Pezizomycotina sp. ARF18	7	GCA_027248425.1_ASM2724842v1	Neocallimastix californiae	Neocallimastix	Neocallimastigaceae	Neocallimastigales	Neocallimastigomycetes		Neocallimastigomycota		74.5641	1.01597e-54	24/10000	True
GCA_002224055.1_ASM222405v1	Pezizomycotina sp. ARF18	8	GCA_054130635.1_ASM5413063v1	Cunninghamella blakesleeana	Cunninghamella	Cunninghamellaceae	Mucorales	Mucoromycetes		Mucoromycota		74.5641	4.16465e-57	24/10000	True
GCA_002224055.1_ASM222405v1	Pezizomycotina sp. ARF18	9	GCA_025201675.1_Cunech1	Cunninghamella echinulata	Cunninghamella	Cunninghamellaceae	Mucorales	Mucoromycetes		Mucoromycota		74.3619	2.3696e-55	23/10000	True
GCA_002224055.1_ASM222405v1	Pezizomycotina sp. ARF18	10	GCA_027248345.1_ASM2724834v1	Neocallimastix californiae	Neocallimastix	Neocallimastigaceae	Neocallimastigales	Neocallimastigomycetes		Neocallimastigomycota		74.3619	6.14156e-50	23/10000	True
GCA_051820495.1_ASM5182049v1	Pezizomycotina sp. MK-2025a	1	GCA_046056245.1_ASM4605624v1	Ceratostomella melanospora	Ceratostomella	Barbatosphaeriaceae	Barbatosphaeriales	Sordariomycetes		Ascomycota		74.1507	9.73592e-53	22/10000	True
GCA_051820495.1_ASM5182049v1	Pezizomycotina sp. MK-2025a	2	GCA_019925305.1_ASM1992530v1	Sporothrix cf. nigrograna	Sporothrix	Ophiostomataceae	Ophiostomatales	Sordariomycetes		Ascomycota		73.6978	9.78517e-49	20/10000	True
GCA_051820495.1_ASM5182049v1	Pezizomycotina sp. MK-2025a	3	GCA_046056215.1_ASM4605621v1	Ceratostomella crypta	Ceratostomella	Barbatosphaeriaceae	Barbatosphaeriales	Sordariomycetes		Ascomycota		73.6978	1.80126e-46	20/10000	True
GCA_051820495.1_ASM5182049v1	Pezizomycotina sp. MK-2025a	4	GCA_059058355.1_ASM5905835v1	Ceratocystiopsis minima	Ceratocystiopsis	Ophiostomataceae	Ophiostomatales	Sordariomycetes		Ascomycota		73.1970	2.35086e-44	18/10000	True
GCA_051820495.1_ASM5182049v1	Pezizomycotina sp. MK-2025a	5	GCA_000806385.1_ASM80638v1	Leptographium procerum	Leptographium	Ophiostomataceae	Ophiostomatales	Sordariomycetes		Ascomycota		72.6371	1.12481e-37	16/10000	True
GCA_051820495.1_ASM5182049v1	Pezizomycotina sp. MK-2025a	6	GCA_001676865.1_ASM167686v1	Ceratocystiopsis minuta	Ceratocystiopsis	Ophiostomataceae	Ophiostomatales	Sordariomycetes		Ascomycota		72.6371	9.01184e-39	16/10000	True
GCA_051820495.1_ASM5182049v1	Pezizomycotina sp. MK-2025a	7	GCA_002777955.1_ASM277795v1	Raffaelea sp. RL272	Raffaelea	Ophiostomataceae	Ophiostomatales	Sordariomycetes		Ascomycota		72.6371	8.25927e-37	16/10000	True
GCA_051820495.1_ASM5182049v1	Pezizomycotina sp. MK-2025a	8	GCA_014183095.1_ASM1418309v1	Harringtonia aguacate	Harringtonia	Ophiostomataceae	Ophiostomatales	Sordariomycetes		Ascomycota		72.6371	8.65493e-37	16/10000	True
GCA_051820495.1_ASM5182049v1	Pezizomycotina sp. MK-2025a	9	GCA_046056195.1_ASM4605619v1	Ceratostomella sordida	Ceratostomella	Barbatosphaeriaceae	Barbatosphaeriales	Sordariomycetes		Ascomycota		72.6371	7.39736e-36	16/10000	True
GCA_051820495.1_ASM5182049v1	Pezizomycotina sp. MK-2025a	10	GCA_001662465.1_JCM_11526_assembly_v001	Dryadomyces quercivorus	Dryadomyces	Ophiostomataceae	Ophiostomatales	Sordariomycetes		Ascomycota		72.3303	2.94389e-35	15/10000	True
GCA_963974035.1_ERR2762104_concoct_6	Phaeosphaeriaceae sp.	1	GCA_030544205.1_ASM3054420v1	Paraphoma chrysanthemicola	Paraphoma	Phaeosphaeriaceae	Pleosporales	Dothideomycetes		Ascomycota		80.7742	3.04542e-257	89/10000	True
GCA_963974035.1_ERR2762104_concoct_6	Phaeosphaeriaceae sp.	2	GCA_020744225.1_Parch1	Paraphoma chrysanthemicola	Paraphoma	Phaeosphaeriaceae	Pleosporales	Dothideomycetes		Ascomycota		80.6669	8.41511e-253	87/10000	True
GCA_963974035.1_ERR2762104_concoct_6	Phaeosphaeriaceae sp.	3	GCA_020744215.1_Parchr1	Paraphoma chrysanthemicola	Paraphoma	Phaeosphaeriaceae	Pleosporales	Dothideomycetes		Ascomycota		80.3295	3.58044e-233	81/10000	True
GCA_963974035.1_ERR2762104_concoct_6	Phaeosphaeriaceae sp.	4	GCA_001748405.1_ParaphomaB479_1.0	Paraphoma sp. B47-9	Paraphoma	Phaeosphaeriaceae	Pleosporales	Dothideomycetes		Ascomycota		80.2114	2.53364e-227	79/10000	True
GCA_963974035.1_ERR2762104_concoct_6	Phaeosphaeriaceae sp.	5	GCA_010094095.1_Ampqui1	Ampelomyces quisqualis	Ampelomyces	Phaeosphaeriaceae	Pleosporales	Dothideomycetes		Ascomycota		75.1236	1.86909e-66	27/10000	True
GCA_963974035.1_ERR2762104_concoct_6	Phaeosphaeriaceae sp.	6	GCA_051944865.1_ASM5194486v1	Ampelomyces sp. BRIP_72097	Ampelomyces	Phaeosphaeriaceae	Pleosporales	Dothideomycetes		Ascomycota		74.9443	3.71661e-64	26/10000	True
GCA_963974035.1_ERR2762104_concoct_6	Phaeosphaeriaceae sp.	7	GCA_003502635.1_ASM350263v1	Parastagonospora nodorum	Parastagonospora	Phaeosphaeriaceae	Pleosporales	Dothideomycetes		Ascomycota		74.7580	7.12667e-61	25/10000	True
GCA_963974035.1_ERR2762104_concoct_6	Phaeosphaeriaceae sp.	8	GCA_052029495.1_ASM5202949v1	Ampelomyces sp. BRIP 72102	Ampelomyces	Phaeosphaeriaceae	Pleosporales	Dothideomycetes		Ascomycota		74.7580	9.64133e-61	25/10000	True
GCA_963974035.1_ERR2762104_concoct_6	Phaeosphaeriaceae sp.	9	GCA_002267025.1_ASM226702v1	Parastagonospora nodorum	Parastagonospora	Phaeosphaeriaceae	Pleosporales	Dothideomycetes		Ascomycota		74.5641	2.62213e-58	24/10000	True
GCA_963974035.1_ERR2762104_concoct_6	Phaeosphaeriaceae sp.	10	GCA_003498045.1_ASM349804v1	Parastagonospora nodorum	Parastagonospora	Phaeosphaeriaceae	Pleosporales	Dothideomycetes		Ascomycota		74.5641	4.05917e-58	24/10000	True
GCA_021365335.1_PhaPMI808	Phaeosphaeriaceae sp. PMI808	1	GCA_028457625.1_ASM2845762v1	Ophiosphaerella korrae	Ophiosphaerella	Phaeosphaeriaceae	Pleosporales	Dothideomycetes		Ascomycota		83.1682	0	148/10000	True
GCA_021365335.1_PhaPMI808	Phaeosphaeriaceae sp. PMI808	2	GCA_028456295.1_ASM2845629v1	Ophiosphaerella korrae	Ophiosphaerella	Phaeosphaeriaceae	Pleosporales	Dothideomycetes		Ascomycota		82.9074	0	140/10000	True
GCA_021365335.1_PhaPMI808	Phaeosphaeriaceae sp. PMI808	3	GCA_028458525.1_ASM2845852v1	Ophiosphaerella herpotricha	Ophiosphaerella	Phaeosphaeriaceae	Pleosporales	Dothideomycetes		Ascomycota		82.1827	0	120/10000	True
GCA_021365335.1_PhaPMI808	Phaeosphaeriaceae sp. PMI808	4	GCA_028458445.1_ASM2845844v1	Ophiosphaerella korrae	Ophiosphaerella	Phaeosphaeriaceae	Pleosporales	Dothideomycetes		Ascomycota		82.0232	0	116/10000	True
GCA_021365335.1_PhaPMI808	Phaeosphaeriaceae sp. PMI808	5	GCA_028458545.1_ASM2845854v1	Ophiosphaerella herpotricha	Ophiosphaerella	Phaeosphaeriaceae	Pleosporales	Dothideomycetes		Ascomycota		82.0232	0	116/10000	True
GCA_021365335.1_PhaPMI808	Phaeosphaeriaceae sp. PMI808	6	GCA_028456385.1_ASM2845638v1	Ophiosphaerella korrae	Ophiosphaerella	Phaeosphaeriaceae	Pleosporales	Dothideomycetes		Ascomycota		81.9824	1.4822e-322	115/10000	True
GCA_021365335.1_PhaPMI808	Phaeosphaeriaceae sp. PMI808	7	GCA_028458505.1_ASM2845850v1	Ophiosphaerella herpotricha	Ophiosphaerella	Phaeosphaeriaceae	Pleosporales	Dothideomycetes		Ascomycota		81.8157	1.47396e-315	111/10000	True
GCA_021365335.1_PhaPMI808	Phaeosphaeriaceae sp. PMI808	8	GCA_028456285.1_ASM2845628v1	Ophiosphaerella korrae	Ophiosphaerella	Phaeosphaeriaceae	Pleosporales	Dothideomycetes		Ascomycota		81.5986	1.64833e-295	106/10000	True
GCA_021365335.1_PhaPMI808	Phaeosphaeriaceae sp. PMI808	9	GCA_028456325.1_ASM2845632v1	Ophiosphaerella narmari	Ophiosphaerella	Phaeosphaeriaceae	Pleosporales	Dothideomycetes		Ascomycota		81.3708	2.10307e-286	101/10000	True
GCA_021365335.1_PhaPMI808	Phaeosphaeriaceae sp. PMI808	10	GCA_028456275.1_ASM2845627v1	Ophiosphaerella narmari	Ophiosphaerella	Phaeosphaeriaceae	Pleosporales	Dothideomycetes		Ascomycota		81.0820	3.44947e-267	95/10000	True
GCA_001644525.1_Stasp1	Phaeosphaeriaceae sp. SRC1lsM3a	1	GCA_020747045.1_Phapo1	Phaeosphaeria sp. MPI-PUGE-AT-0046c	Phaeosphaeria	Phaeosphaeriaceae	Pleosporales	Dothideomycetes		Ascomycota		85.2293	0	230/10000	True
GCA_001644525.1_Stasp1	Phaeosphaeriaceae sp. SRC1lsM3a	2	GCA_003501895.1_ASM350189v1	Phaeosphaeria sp. A1 3.1a	Phaeosphaeria	Phaeosphaeriaceae	Pleosporales	Dothideomycetes		Ascomycota		83.3241	0	153/10000	True
GCA_001644525.1_Stasp1	Phaeosphaeriaceae sp. SRC1lsM3a	3	GCA_003503105.1_ASM350310v1	Phaeosphaeria sp. H6.2b	Phaeosphaeria	Phaeosphaeriaceae	Pleosporales	Dothideomycetes		Ascomycota		83.2933	0	152/10000	True
GCA_001644525.1_Stasp1	Phaeosphaeriaceae sp. SRC1lsM3a	4	GCA_000263175.2_Pleo_1.0	Phaeosphaeriaceae sp. UM 1110		Phaeosphaeriaceae	Pleosporales	Dothideomycetes		Ascomycota		82.9740	0	142/10000	True
GCA_001644525.1_Stasp1	Phaeosphaeriaceae sp. SRC1lsM3a	5	GCA_003503115.1_ASM350311v1	Parastagonospora avenae	Parastagonospora	Phaeosphaeriaceae	Pleosporales	Dothideomycetes		Ascomycota		75.7795	2.7506e-78	31/10000	True
GCA_001644525.1_Stasp1	Phaeosphaeriaceae sp. SRC1lsM3a	6	GCA_022559985.1_ASM2255998v1	Parastagonospora avenae	Parastagonospora	Phaeosphaeriaceae	Pleosporales	Dothideomycetes		Ascomycota		75.6239	9.01659e-75	30/10000	True
GCA_001644525.1_Stasp1	Phaeosphaeriaceae sp. SRC1lsM3a	7	GCA_003501975.1_ASM350197v1	Parastagonospora avenae	Parastagonospora	Phaeosphaeriaceae	Pleosporales	Dothideomycetes		Ascomycota		75.4629	1.39007e-72	29/10000	True
GCA_001644525.1_Stasp1	Phaeosphaeriaceae sp. SRC1lsM3a	8	GCA_052029495.1_ASM5202949v1	Ampelomyces sp. BRIP 72102	Ampelomyces	Phaeosphaeriaceae	Pleosporales	Dothideomycetes		Ascomycota		75.4629	1.01203e-71	29/10000	True
GCA_001644525.1_Stasp1	Phaeosphaeriaceae sp. SRC1lsM3a	9	GCA_001414375.1_H_laetus_v1	Pleosporales sp. CS-2015			Pleosporales	Dothideomycetes		Ascomycota		75.2963	4.86755e-69	28/10000	True
GCA_001644525.1_Stasp1	Phaeosphaeriaceae sp. SRC1lsM3a	10	GCA_002267025.1_ASM226702v1	Parastagonospora nodorum	Parastagonospora	Phaeosphaeriaceae	Pleosporales	Dothideomycetes		Ascomycota		75.2963	2.63839e-69	28/10000	True
GCA_000263175.2_Pleo_1.0	Phaeosphaeriaceae sp. UM 1110	1	GCA_003503105.1_ASM350310v1	Phaeosphaeria sp. H6.2b	Phaeosphaeria	Phaeosphaeriaceae	Pleosporales	Dothideomycetes		Ascomycota		86.4466	0	299/10000	True
GCA_000263175.2_Pleo_1.0	Phaeosphaeriaceae sp. UM 1110	2	GCA_003501895.1_ASM350189v1	Phaeosphaeria sp. A1 3.1a	Phaeosphaeria	Phaeosphaeriaceae	Pleosporales	Dothideomycetes		Ascomycota		86.4156	0	297/10000	True
GCA_000263175.2_Pleo_1.0	Phaeosphaeriaceae sp. UM 1110	3	GCA_001644525.1_Stasp1	Phaeosphaeriaceae sp. SRC1lsM3a		Phaeosphaeriaceae	Pleosporales	Dothideomycetes		Ascomycota		82.9740	0	142/10000	True
GCA_000263175.2_Pleo_1.0	Phaeosphaeriaceae sp. UM 1110	4	GCA_020747045.1_Phapo1	Phaeosphaeria sp. MPI-PUGE-AT-0046c	Phaeosphaeria	Phaeosphaeriaceae	Pleosporales	Dothideomycetes		Ascomycota		82.2989	0	123/10000	True
GCA_000263175.2_Pleo_1.0	Phaeosphaeriaceae sp. UM 1110	5	GCA_003501975.1_ASM350197v1	Parastagonospora avenae	Parastagonospora	Phaeosphaeriaceae	Pleosporales	Dothideomycetes		Ascomycota		75.6239	3.66005e-76	30/10000	True
GCA_000263175.2_Pleo_1.0	Phaeosphaeriaceae sp. UM 1110	6	GCA_003503115.1_ASM350311v1	Parastagonospora avenae	Parastagonospora	Phaeosphaeriaceae	Pleosporales	Dothideomycetes		Ascomycota		75.6239	4.39429e-76	30/10000	True
GCA_000263175.2_Pleo_1.0	Phaeosphaeriaceae sp. UM 1110	7	GCA_003502495.1_ASM350249v1	Parastagonospora avenae	Parastagonospora	Phaeosphaeriaceae	Pleosporales	Dothideomycetes		Ascomycota		75.4629	2.32902e-72	29/10000	True
GCA_000263175.2_Pleo_1.0	Phaeosphaeriaceae sp. UM 1110	8	GCA_003503205.1_ASM350320v1	Parastagonospora avenae	Parastagonospora	Phaeosphaeriaceae	Pleosporales	Dothideomycetes		Ascomycota		75.4629	7.91875e-73	29/10000	True
GCA_000263175.2_Pleo_1.0	Phaeosphaeriaceae sp. UM 1110	9	GCA_052029495.1_ASM5202949v1	Ampelomyces sp. BRIP 72102	Ampelomyces	Phaeosphaeriaceae	Pleosporales	Dothideomycetes		Ascomycota		75.4629	1.9526e-72	29/10000	True
GCA_000263175.2_Pleo_1.0	Phaeosphaeriaceae sp. UM 1110	10	GCA_003503195.1_ASM350319v1	Parastagonospora avenae	Parastagonospora	Phaeosphaeriaceae	Pleosporales	Dothideomycetes		Ascomycota		75.2963	6.49384e-70	28/10000	True
GCA_977014405.1_UCD2329_Bar	Phaffomycetaceae sp. UCD2329	1	GCA_030557985.1_ASM3055798v1	Millerago ficus	Millerago	Phaffomycetaceae	Phaffomycetales	Saccharomycetes		Ascomycota		81.4173	0	102/10000	True
GCA_977014405.1_UCD2329_Bar	Phaffomycetaceae sp. UCD2329	2	GCA_003707165.2_ASM370716v2	Phaffomyces opuntiae	Phaffomyces	Phaffomycetaceae	Phaffomycetales	Saccharomycetes		Ascomycota		80.5012	1.0073e-281	84/10000	True
GCA_977014405.1_UCD2329_Bar	Phaffomycetaceae sp. UCD2329	3	GCA_030566895.1_ASM3056689v1	Phaffomyces coquimbonensis	Phaffomyces	Phaffomycetaceae	Phaffomycetales	Saccharomycetes		Ascomycota		80.2114	8.67357e-264	79/10000	True
GCA_977014405.1_UCD2329_Bar	Phaffomycetaceae sp. UCD2329	4	GCA_003707215.2_ASM370721v2	Phaffomyces thermotolerans	Phaffomyces	Phaffomycetaceae	Phaffomycetales	Saccharomycetes		Ascomycota		80.1512	7.25801e-262	78/10000	True
GCA_977014405.1_UCD2329_Bar	Phaffomycetaceae sp. UCD2329	5	GCA_020280145.1_ASM2028014v1	Gotozyma botsteinii	Gotozyma	Phaffomycetaceae	Phaffomycetales	Saccharomycetes		Ascomycota		80.1512	4.0655e-262	78/10000	True
GCA_977014405.1_UCD2329_Bar	Phaffomycetaceae sp. UCD2329	6	GCA_040802125.1_ASM4080212v1	Millerago phaffii	Millerago	Phaffomycetaceae	Phaffomycetales	Saccharomycetes		Ascomycota		80.0284	1.05499e-254	76/10000	True
GCA_977014405.1_UCD2329_Bar	Phaffomycetaceae sp. UCD2329	7	GCA_003706615.3_ASM370661v3	Gotozyma montana	Gotozyma	Phaffomycetaceae	Phaffomycetales	Saccharomycetes		Ascomycota		79.8381	3.23182e-241	73/10000	True
GCA_977014405.1_UCD2329_Bar	Phaffomycetaceae sp. UCD2329	8	GCA_003707195.2_ASM370719v2	Phaffomyces antillensis	Phaffomyces	Phaffomycetaceae	Phaffomycetales	Saccharomycetes		Ascomycota		79.8381	3.45354e-242	73/10000	True
GCA_977014405.1_UCD2329_Bar	Phaffomycetaceae sp. UCD2329	9	GCA_030568845.1_ASM3056884v1	Millerago galiae	Millerago	Phaffomycetaceae	Phaffomycetales	Saccharomycetes		Ascomycota		79.6396	1.25637e-233	70/10000	True
GCA_977014405.1_UCD2329_Bar	Phaffomycetaceae sp. UCD2329	10	GCA_030580075.1_ASM3058007v1	Candida sp.			Saccharomycetales	Saccharomycetes		Ascomycota		79.1412	3.77254e-206	63/10000	True
GCA_937854325.1_SRR12240182_bin.18_CONCOCT_v1.1_MAG	Physciaceae sp.	1	GCA_964255615.1_public_SRR14722141_concoct_bin.2	Phaeophyscia squarrosa	Phaeophyscia	Physciaceae	Caliciales	Lecanoromycetes		Ascomycota		86.4156	0	297/10000	True
GCA_937854325.1_SRR12240182_bin.18_CONCOCT_v1.1_MAG	Physciaceae sp.	2	GCA_964256345.1_public_SRR14722054_metabat2_bin.5	Phaeophyscia rubropulchra	Phaeophyscia	Physciaceae	Caliciales	Lecanoromycetes		Ascomycota		85.9397	0	268/10000	True
GCA_937854325.1_SRR12240182_bin.18_CONCOCT_v1.1_MAG	Physciaceae sp.	3	GCA_964257555.1_public_SRR14722036_metabat2_bin.1	Phaeophyscia hispidula	Phaeophyscia	Physciaceae	Caliciales	Lecanoromycetes		Ascomycota		85.8875	0	265/10000	True
GCA_937854325.1_SRR12240182_bin.18_CONCOCT_v1.1_MAG	Physciaceae sp.	4	GCA_964256615.1_public_SRR12240181_metabat2_bin.5	Rinodina sp.	Rinodina	Physciaceae	Caliciales	Lecanoromycetes		Ascomycota		73.6978	1.08972e-47	20/10000	True
GCA_937854325.1_SRR12240182_bin.18_CONCOCT_v1.1_MAG	Physciaceae sp.	5	GCA_964256065.1_public_SRR14721922_metabat2_bin.4	Heterodermia albicans	Heterodermia	Physciaceae	Caliciales	Lecanoromycetes		Ascomycota		72.0022	5.82433e-32	14/10000	True
GCA_937854325.1_SRR12240182_bin.18_CONCOCT_v1.1_MAG	Physciaceae sp.	6	GCA_051941365.1_KEW_Heob	Heterodermia aff. obscurata	Heterodermia	Physciaceae	Caliciales	Lecanoromycetes		Ascomycota		71.6498	4.68292e-29	13/10000	True
GCA_937854325.1_SRR12240182_bin.18_CONCOCT_v1.1_MAG	Physciaceae sp.	7	GCA_964257475.1_public_SRR14722005_metabat2_bin.1	Heterodermia neglecta	Heterodermia	Physciaceae	Caliciales	Lecanoromycetes		Ascomycota		71.6498	1.75521e-29	13/10000	True
GCA_937854325.1_SRR12240182_bin.18_CONCOCT_v1.1_MAG	Physciaceae sp.	8	GCA_964254605.1_public_SRR14722305_metabat2_bin.2	Heterodermia langdoniana	Heterodermia	Physciaceae	Caliciales	Lecanoromycetes		Ascomycota		71.2691	7.92327e-27	12/10000	True
GCA_937854325.1_SRR12240182_bin.18_CONCOCT_v1.1_MAG	Physciaceae sp.	9	GCA_964255645.1_public_SRR14722144_metabat2_bin.3	Leucodermia appalachiensis	Leucodermia	Physciaceae	Caliciales	Lecanoromycetes		Ascomycota		71.2691	7.86214e-27	12/10000	True
GCA_937854325.1_SRR12240182_bin.18_CONCOCT_v1.1_MAG	Physciaceae sp.	10	GCA_964254765.1_public_SRR14722133_metabat2_bin.2	Polyblastidium hypoleucum	Polyblastidium	Physciaceae	Caliciales	Lecanoromycetes		Ascomycota		70.8553	2.27885e-24	11/10000	True
GCA_041498895.1_ASM4149889v1	Pichiaceae sp.	1	GCA_002008015.1_ASM200801v1	Candida boidinii	Ogataea	Pichiaceae	Pichiales	Pichiomycetes		Ascomycota		98.9328	0	6656/10000	True
GCA_041498895.1_ASM4149889v1	Pichiaceae sp.	2	GCA_002008075.1_ASM200807v1	Candida boidinii	Ogataea	Pichiaceae	Pichiales	Pichiomycetes		Ascomycota		98.8034	0	6364/10000	True
GCA_041498895.1_ASM4149889v1	Pichiaceae sp.	3	GCA_037041165.1_ASM3704116v1	Candida boidinii	Ogataea	Pichiaceae	Pichiales	Pichiomycetes		Ascomycota		98.7497	0	6248/10000	True
GCA_041498895.1_ASM4149889v1	Pichiaceae sp.	4	GCA_037935595.1_ASM3793559v1	Candida boidinii	Ogataea	Pichiaceae	Pichiales	Pichiomycetes		Ascomycota		98.7080	0	6160/10000	True
GCA_041498895.1_ASM4149889v1	Pichiaceae sp.	5	GCA_023629675.1_ASM2362967v1	Candida boidinii	Ogataea	Pichiaceae	Pichiales	Pichiomycetes		Ascomycota		98.6806	0	6103/10000	True
GCA_041498895.1_ASM4149889v1	Pichiaceae sp.	6	GCA_030267585.1_ASM3026758v1	Candida boidinii	Ogataea	Pichiaceae	Pichiales	Pichiomycetes		Ascomycota		98.5249	0	5793/10000	True
GCA_041498895.1_ASM4149889v1	Pichiaceae sp.	7	GCA_030267665.1_ASM3026766v1	Candida boidinii	Ogataea	Pichiaceae	Pichiales	Pichiomycetes		Ascomycota		98.2960	0	5375/10000	True
GCA_041498895.1_ASM4149889v1	Pichiaceae sp.	8	GCA_002008025.1_ASM200802v1	Candida boidinii	Ogataea	Pichiaceae	Pichiales	Pichiomycetes		Ascomycota		98.1356	0	5106/10000	True
GCA_041498895.1_ASM4149889v1	Pichiaceae sp.	9	GCA_002007985.1_ASM200798v1	Candida boidinii	Ogataea	Pichiaceae	Pichiales	Pichiomycetes		Ascomycota		98.1337	0	5103/10000	True
GCA_041498895.1_ASM4149889v1	Pichiaceae sp.	10	GCA_964186685.1_AIST350v1	Candida boidinii	Ogataea	Pichiaceae	Pichiales	Pichiomycetes		Ascomycota		96.1460	0	2863/10000	True
GCA_001950555.1_JCM_15000_assembly_v001	Pichiaceae sp. JCM 15000	1	GCA_030574155.1_ASM3057415v1	Xiuguozyma insectalens	Xiuguozyma	Pichiaceae	Pichiales	Pichiomycetes		Ascomycota		72.9253	6.10394e-49	17/10000	True
GCA_001950555.1_JCM_15000_assembly_v001	Pichiaceae sp. JCM 15000	2	GCA_003709205.3_ASM370920v3	Ogataea zsoltii	Ogataea	Pichiaceae	Pichiales	Pichiomycetes		Ascomycota		69.3402	8.19977e-21	8/10000	True
GCA_001950555.1_JCM_15000_assembly_v001	Pichiaceae sp. JCM 15000	3	GCA_000328385.1_Cuti_1.0	Williopsis jadinii	Williopsis	Wickerhamomycetaceae	Phaffomycetales	Saccharomycetes		Ascomycota		68.7048	9.10011e-18	7/10000	True
GCA_001950555.1_JCM_15000_assembly_v001	Pichiaceae sp. JCM 15000	4	GCA_001599095.1_JCM_1507_assembly_v001	Hyphopichia homilentoma	Hyphopichia	Debaryomycetaceae	Serinales	Pichiomycetes		Ascomycota		68.7048	6.69973e-18	7/10000	True
GCA_001950555.1_JCM_15000_assembly_v001	Pichiaceae sp. JCM 15000	5	GCA_003706115.3_ASM370611v3	Ogataea philodendri	Ogataea	Pichiaceae	Pichiales	Pichiomycetes		Ascomycota		68.7048	2.31505e-18	7/10000	True
GCA_001950555.1_JCM_15000_assembly_v001	Pichiaceae sp. JCM 15000	6	GCA_003706255.2_ASM370625v2	Ogataea nonfermentans	Ogataea	Pichiaceae	Pichiales	Pichiomycetes		Ascomycota		68.7048	2.35523e-18	7/10000	True
GCA_001950555.1_JCM_15000_assembly_v001	Pichiaceae sp. JCM 15000	7	GCA_007168705.1_ASM716870v1	Candidozyma auris	Candidozyma	Metschnikowiaceae	Serinales	Pichiomycetes		Ascomycota		68.7048	6.61224e-18	7/10000	True
GCA_001950555.1_JCM_15000_assembly_v001	Pichiaceae sp. JCM 15000	8	GCA_016495645.1_ASM1649564v1	Candidozyma auris	Candidozyma	Metschnikowiaceae	Serinales	Pichiomycetes		Ascomycota		68.7048	6.69009e-18	7/10000	True
GCA_001950555.1_JCM_15000_assembly_v001	Pichiaceae sp. JCM 15000	9	GCA_016495665.1_ASM1649566v1	Candidozyma auris	Candidozyma	Metschnikowiaceae	Serinales	Pichiomycetes		Ascomycota		68.7048	6.65346e-18	7/10000	True
GCA_001950555.1_JCM_15000_assembly_v001	Pichiaceae sp. JCM 15000	10	GCA_016495685.1_ASM1649568v1	Candidozyma auris	Candidozyma	Metschnikowiaceae	Serinales	Pichiomycetes		Ascomycota		68.7048	6.57468e-18	7/10000	True
GCA_057978915.1_Crustfungi12_Pleosp	Pleosporales sp. 538A	1	GCA_022609365.1_ASM2260936v1	Mycocentrospora acerina	Mycocentrospora		Pleosporales	Dothideomycetes		Ascomycota		81.8157	0	111/10000	True
GCA_057978915.1_Crustfungi12_Pleosp	Pleosporales sp. 538A	2	GCA_059622965.1_M._acerina_DLanC16	Mycocentrospora acerina	Mycocentrospora		Pleosporales	Dothideomycetes		Ascomycota		81.8157	0	111/10000	True
GCA_057978915.1_Crustfungi12_Pleosp	Pleosporales sp. 538A	3	GCA_022701365.1_ASM2270136v1	Mycocentrospora acerina	Mycocentrospora		Pleosporales	Dothideomycetes		Ascomycota		81.7301	0	109/10000	True
GCA_057978915.1_Crustfungi12_Pleosp	Pleosporales sp. 538A	4	GCA_027946535.1_ASM2794653v1	Didymella pomorum	Didymella	Didymellaceae	Pleosporales	Dothideomycetes		Ascomycota		74.7580	9.25159e-62	25/10000	True
GCA_057978915.1_Crustfungi12_Pleosp	Pleosporales sp. 538A	5	GCA_002161795.1_ASM216179v1	Curvularia sp. IFB-Z10	Curvularia	Pleosporaceae	Pleosporales	Dothideomycetes		Ascomycota		74.5641	4.31864e-59	24/10000	True
GCA_057978915.1_Crustfungi12_Pleosp	Pleosporales sp. 538A	6	GCA_004335285.1_ASM433528v1	Ascochyta fabae	Ascochyta	Didymellaceae	Pleosporales	Dothideomycetes		Ascomycota		74.5641	1.35077e-58	24/10000	True
GCA_057978915.1_Crustfungi12_Pleosp	Pleosporales sp. 538A	7	GCA_022457065.1_ASM2245706v1	Curvularia sp. ZM96	Curvularia	Pleosporaceae	Pleosporales	Dothideomycetes		Ascomycota		74.5641	9.31016e-59	24/10000	True
GCA_057978915.1_Crustfungi12_Pleosp	Pleosporales sp. 538A	8	GCA_040583765.1_DET2103_v1	Alternaria sp. DET2103	Alternaria	Pleosporaceae	Pleosporales	Dothideomycetes		Ascomycota		74.5641	4.33478e-59	24/10000	True
GCA_057978915.1_Crustfungi12_Pleosp	Pleosporales sp. 538A	9	GCA_040584015.1_DAOMC225332_v1	Alternaria sp. DAOMC 225332	Alternaria	Pleosporaceae	Pleosporales	Dothideomycetes		Ascomycota		74.5641	3.72887e-59	24/10000	True
GCA_057978915.1_Crustfungi12_Pleosp	Pleosporales sp. 538A	10	GCA_059453465.1_ASM5945346v1	Plenodomus lingam	Plenodomus	Leptosphaeriaceae	Pleosporales	Dothideomycetes		Ascomycota		74.5641	7.79377e-58	24/10000	True
GCA_048340545.1_ASM4834054v1	Pleosporales sp. CAS-2024a	1	GCA_003503115.1_ASM350311v1	Parastagonospora avenae	Parastagonospora	Phaeosphaeriaceae	Pleosporales	Dothideomycetes		Ascomycota		77.4410	8.04204e-119	44/10000	True
GCA_048340545.1_ASM4834054v1	Pleosporales sp. CAS-2024a	2	GCA_003501975.1_ASM350197v1	Parastagonospora avenae	Parastagonospora	Phaeosphaeriaceae	Pleosporales	Dothideomycetes		Ascomycota		77.3320	7.70314e-116	43/10000	True
GCA_048340545.1_ASM4834054v1	Pleosporales sp. CAS-2024a	3	GCA_003503125.1_ASM350312v1	Parastagonospora avenae	Parastagonospora	Phaeosphaeriaceae	Pleosporales	Dothideomycetes		Ascomycota		76.3555	1.67947e-90	35/10000	True
GCA_048340545.1_ASM4834054v1	Pleosporales sp. CAS-2024a	4	GCA_003502015.1_ASM350201v1	Parastagonospora avenae	Parastagonospora	Phaeosphaeriaceae	Pleosporales	Dothideomycetes		Ascomycota		76.2180	1.04996e-87	34/10000	True
GCA_048340545.1_ASM4834054v1	Pleosporales sp. CAS-2024a	5	GCA_010094095.1_Ampqui1	Ampelomyces quisqualis	Ampelomyces	Phaeosphaeriaceae	Pleosporales	Dothideomycetes		Ascomycota		76.2180	1.18827e-87	34/10000	True
GCA_048340545.1_ASM4834054v1	Pleosporales sp. CAS-2024a	6	GCA_020568775.1_ASM2056877v1	Parastagonospora nodorum	Parastagonospora	Phaeosphaeriaceae	Pleosporales	Dothideomycetes		Ascomycota		76.0763	9.91764e-85	33/10000	True
GCA_048340545.1_ASM4834054v1	Pleosporales sp. CAS-2024a	7	GCA_020572395.1_ASM2057239v1	Parastagonospora nodorum	Parastagonospora	Phaeosphaeriaceae	Pleosporales	Dothideomycetes		Ascomycota		76.0763	9.21971e-85	33/10000	True
GCA_048340545.1_ASM4834054v1	Pleosporales sp. CAS-2024a	8	GCA_020579825.1_ASM2057982v1	Parastagonospora nodorum	Parastagonospora	Phaeosphaeriaceae	Pleosporales	Dothideomycetes		Ascomycota		76.0763	1.4003e-84	33/10000	True
GCA_048340545.1_ASM4834054v1	Pleosporales sp. CAS-2024a	9	GCA_003497905.1_ASM349790v1	Parastagonospora nodorum	Parastagonospora	Phaeosphaeriaceae	Pleosporales	Dothideomycetes		Ascomycota		75.9302	1.2655e-81	32/10000	True
GCA_048340545.1_ASM4834054v1	Pleosporales sp. CAS-2024a	10	GCA_003498045.1_ASM349804v1	Parastagonospora nodorum	Parastagonospora	Phaeosphaeriaceae	Pleosporales	Dothideomycetes		Ascomycota		75.9302	7.19362e-82	32/10000	True
GCA_001414375.1_H_laetus_v1	Pleosporales sp. CS-2015	1	GCA_003503205.1_ASM350320v1	Parastagonospora avenae	Parastagonospora	Phaeosphaeriaceae	Pleosporales	Dothideomycetes		Ascomycota		99.6112	0	8546/10000	True
GCA_001414375.1_H_laetus_v1	Pleosporales sp. CS-2015	2	GCA_022559985.1_ASM2255998v1	Parastagonospora avenae	Parastagonospora	Phaeosphaeriaceae	Pleosporales	Dothideomycetes		Ascomycota		99.5473	0	8337/10000	True
GCA_001414375.1_H_laetus_v1	Pleosporales sp. CS-2015	3	GCA_003503195.1_ASM350319v1	Parastagonospora avenae	Parastagonospora	Phaeosphaeriaceae	Pleosporales	Dothideomycetes		Ascomycota		99.5410	0	8317/10000	True
GCA_001414375.1_H_laetus_v1	Pleosporales sp. CS-2015	4	GCA_003503165.1_ASM350316v1	Parastagonospora avenae	Parastagonospora	Phaeosphaeriaceae	Pleosporales	Dothideomycetes		Ascomycota		98.8230	0	6407/10000	True
GCA_001414375.1_H_laetus_v1	Pleosporales sp. CS-2015	5	GCA_003502015.1_ASM350201v1	Parastagonospora avenae	Parastagonospora	Phaeosphaeriaceae	Pleosporales	Dothideomycetes		Ascomycota		91.2957	0	874/10000	True
GCA_001414375.1_H_laetus_v1	Pleosporales sp. CS-2015	6	GCA_003503125.1_ASM350312v1	Parastagonospora avenae	Parastagonospora	Phaeosphaeriaceae	Pleosporales	Dothideomycetes		Ascomycota		91.1425	0	844/10000	True
GCA_001414375.1_H_laetus_v1	Pleosporales sp. CS-2015	7	GCA_003502495.1_ASM350249v1	Parastagonospora avenae	Parastagonospora	Phaeosphaeriaceae	Pleosporales	Dothideomycetes		Ascomycota		90.8459	0	789/10000	True
GCA_001414375.1_H_laetus_v1	Pleosporales sp. CS-2015	8	GCA_003501935.1_ASM350193v1	Parastagonospora avenae	Parastagonospora	Phaeosphaeriaceae	Pleosporales	Dothideomycetes		Ascomycota		90.5140	0	732/10000	True
GCA_001414375.1_H_laetus_v1	Pleosporales sp. CS-2015	9	GCA_020572985.1_ASM2057298v1	Parastagonospora nodorum	Parastagonospora	Phaeosphaeriaceae	Pleosporales	Dothideomycetes		Ascomycota		90.5019	0	730/10000	True
GCA_001414375.1_H_laetus_v1	Pleosporales sp. CS-2015	10	GCA_020575405.1_ASM2057540v1	Parastagonospora nodorum	Parastagonospora	Phaeosphaeriaceae	Pleosporales	Dothideomycetes		Ascomycota		90.4591	0	723/10000	True
GCA_024196135.1_ASM2419613v1	Pleurotus ostreatus-Saccharomyces cerevisiae fusant	1	GCA_001599475.1_JCM_22674_assembly_v001	Schizophyllum commune	Schizophyllum	Schizophyllaceae	Agaricales	Agaricomycetes		Basidiomycota		95.3399	0	2314/10000	True
GCA_024196135.1_ASM2419613v1	Pleurotus ostreatus-Saccharomyces cerevisiae fusant	2	GCA_056869965.1_ASM5686996v1	Schizophyllum commune	Schizophyllum	Schizophyllaceae	Agaricales	Agaricomycetes		Basidiomycota		95.2758	0	2276/10000	True
GCA_024196135.1_ASM2419613v1	Pleurotus ostreatus-Saccharomyces cerevisiae fusant	3	GCA_041438175.1_Schco2071_1	Schizophyllum commune	Schizophyllum	Schizophyllaceae	Agaricales	Agaricomycetes		Basidiomycota		95.2673	0	2271/10000	True
GCA_024196135.1_ASM2419613v1	Pleurotus ostreatus-Saccharomyces cerevisiae fusant	4	GCA_003313685.1_ASM331368v1	Schizophyllum commune	Schizophyllum	Schizophyllaceae	Agaricales	Agaricomycetes		Basidiomycota		95.2450	0	2258/10000	True
GCA_024196135.1_ASM2419613v1	Pleurotus ostreatus-Saccharomyces cerevisiae fusant	5	GCA_041438155.1_Schco2231_1	Schizophyllum commune	Schizophyllum	Schizophyllaceae	Agaricales	Agaricomycetes		Basidiomycota		95.2156	0	2241/10000	True
GCA_024196135.1_ASM2419613v1	Pleurotus ostreatus-Saccharomyces cerevisiae fusant	6	GCA_014900015.1_INU_Scom_1.0	Schizophyllum commune	Schizophyllum	Schizophyllaceae	Agaricales	Agaricomycetes		Basidiomycota		95.1860	0	2224/10000	True
GCA_024196135.1_ASM2419613v1	Pleurotus ostreatus-Saccharomyces cerevisiae fusant	7	GCA_049639225.1_ASM4963922v1	Schizophyllum commune	Schizophyllum	Schizophyllaceae	Agaricales	Agaricomycetes		Basidiomycota		95.1348	0	2195/10000	True
GCA_024196135.1_ASM2419613v1	Pleurotus ostreatus-Saccharomyces cerevisiae fusant	8	GCA_024373065.1_ASM2437306v1	Schizophyllum commune	Schizophyllum	Schizophyllaceae	Agaricales	Agaricomycetes		Basidiomycota		95.1223	0	2188/10000	True
GCA_024196135.1_ASM2419613v1	Pleurotus ostreatus-Saccharomyces cerevisiae fusant	9	GCA_049639365.1_ASM4963936v1	Schizophyllum commune	Schizophyllum	Schizophyllaceae	Agaricales	Agaricomycetes		Basidiomycota		95.1062	0	2179/10000	True
GCA_024196135.1_ASM2419613v1	Pleurotus ostreatus-Saccharomyces cerevisiae fusant	10	GCA_049639145.1_ASM4963914v1	Schizophyllum commune	Schizophyllum	Schizophyllaceae	Agaricales	Agaricomycetes		Basidiomycota		95.1044	0	2178/10000	True
GCA_003988805.1_ASM398880v1	Ploettnerulaceae sp. D365	1	GCA_058969415.1_ASM5896941v1	Cadophora sp. M2B	Cadophora	Ploettnerulaceae	Helotiales	Leotiomycetes		Ascomycota		80.3874	2.12659e-235	82/10000	True
GCA_003988805.1_ASM398880v1	Ploettnerulaceae sp. D365	2	GCA_026120085.1_ASM2612008v1	Cadophora luteo-olivacea	Cadophora	Ploettnerulaceae	Helotiales	Leotiomycetes		Ascomycota		75.2963	2.26744e-68	28/10000	True
GCA_003988805.1_ASM398880v1	Ploettnerulaceae sp. D365	3	GCA_020726505.1_Lepor2	Leptodontidium sp. MPI-SDFR-AT-0119	Leptodontidium	Leptodontidiaceae	Helotiales	Leotiomycetes		Ascomycota		74.1507	3.69213e-50	22/10000	True
GCA_003988805.1_ASM398880v1	Ploettnerulaceae sp. D365	4	GCA_011750725.1_ASM1175072v1	Drepanopeziza brunnea	Drepanopeziza	Drepanopezizaceae	Helotiales	Leotiomycetes		Ascomycota		73.6978	3.47097e-46	20/10000	True
GCA_003988805.1_ASM398880v1	Ploettnerulaceae sp. D365	5	GCA_021432625.1_Leptod1	Leptodontidium sp. 2 PMI_412	Leptodontidium	Leptodontidiaceae	Helotiales	Leotiomycetes		Ascomycota		73.6978	4.96527e-45	20/10000	True
GCA_003988805.1_ASM398880v1	Ploettnerulaceae sp. D365	6	GCA_030347535.1_UMN_CgB_1	Cadophora gregata	Cadophora	Ploettnerulaceae	Helotiales	Leotiomycetes		Ascomycota		73.6978	2.22248e-46	20/10000	True
GCA_003988805.1_ASM398880v1	Ploettnerulaceae sp. D365	7	GCA_051170865.1_LIEC_Clut_1.0	Cadophora luteo-olivacea	Cadophora	Ploettnerulaceae	Helotiales	Leotiomycetes		Ascomycota		73.6978	4.3752e-46	20/10000	True
GCA_003988805.1_ASM398880v1	Ploettnerulaceae sp. D365	8	GCF_030347475.1_UMN_CgA_1	Cadophora gregata	Cadophora	Ploettnerulaceae	Helotiales	Leotiomycetes		Ascomycota		73.6978	2.38474e-46	20/10000	True
GCA_003988805.1_ASM398880v1	Ploettnerulaceae sp. D365	9	GCA_021498335.1_ASM2149833v1	Drepanopeziza brunnea	Drepanopeziza	Drepanopezizaceae	Helotiales	Leotiomycetes		Ascomycota		73.4540	1.69855e-43	19/10000	True
GCA_003988805.1_ASM398880v1	Ploettnerulaceae sp. D365	10	GCA_002554605.1_Helotiales_sp._F229_1.0	Helotiales sp. F229			Helotiales	Leotiomycetes		Ascomycota		73.1970	1.54938e-39	18/10000	True
GCA_049996235.1_ASM4999623v1	Pseudopyrenochaetaceae sp. BF11	1	GCA_000601435.1_P_lyc_v1	Pseudopyrenochaeta lycopersici	Pseudopyrenochaeta	Pseudopyrenochaetaceae	Pleosporales	Dothideomycetes		Ascomycota		77.3320	3.21455e-111	43/10000	True
GCA_049996235.1_ASM4999623v1	Pseudopyrenochaetaceae sp. BF11	2	GCA_003313425.1_ASM331342v1	Pseudopyrenochaeta lycopersici	Pseudopyrenochaeta	Pseudopyrenochaetaceae	Pleosporales	Dothideomycetes		Ascomycota		77.1061	2.95561e-103	41/10000	True
GCA_049996235.1_ASM4999623v1	Pseudopyrenochaetaceae sp. BF11	3	GCA_020747015.1_Pyrly1	Pyrenochaeta sp. MPI-SDFR-AT-0127	Pyrenochaeta	Cucurbitariaceae	Pleosporales	Dothideomycetes		Ascomycota		76.7457	1.40572e-97	38/10000	True
GCA_049996235.1_ASM4999623v1	Pseudopyrenochaetaceae sp. BF11	4	GCA_033682645.1_ASM3368264v1	Phoma sp. ATCC 74077	Phoma	Didymellaceae	Pleosporales	Dothideomycetes		Ascomycota		76.7457	1.06216e-98	38/10000	True
GCA_049996235.1_ASM4999623v1	Pseudopyrenochaetaceae sp. BF11	5	GCA_052323655.1_ASM5232365v1	Leptosphaerulina nitida	Leptosphaerulina	Didymellaceae	Pleosporales	Dothideomycetes		Ascomycota		76.7457	2.03125e-98	38/10000	True
GCA_049996235.1_ASM4999623v1	Pseudopyrenochaetaceae sp. BF11	6	GCA_000359685.2_ASM35968v2	Pyrenochaeta sp. UM 256	Pyrenochaeta	Cucurbitariaceae	Pleosporales	Dothideomycetes		Ascomycota		76.4892	1.18602e-92	36/10000	True
GCA_049996235.1_ASM4999623v1	Pseudopyrenochaetaceae sp. BF11	7	GCA_027946455.1_ASM2794645v1	Neocucurbitaria cava	Neocucurbitaria	Cucurbitariaceae	Pleosporales	Dothideomycetes		Ascomycota		75.1236	1.27734e-66	27/10000	True
GCA_049996235.1_ASM4999623v1	Pseudopyrenochaetaceae sp. BF11	8	GCA_052323575.1_ASM5232357v1	Paraleptosphaeria praetermissa	Paraleptosphaeria	Leptosphaeriaceae	Pleosporales	Dothideomycetes		Ascomycota		75.1236	1.19781e-66	27/10000	True
GCA_049996235.1_ASM4999623v1	Pseudopyrenochaetaceae sp. BF11	9	GCA_977015275.1_VM36	Neocucurbitaria sp. VM-36	Neocucurbitaria	Cucurbitariaceae	Pleosporales	Dothideomycetes		Ascomycota		75.1236	2.39924e-70	27/10000	True
GCA_049996235.1_ASM4999623v1	Pseudopyrenochaetaceae sp. BF11	10	GCA_020574595.1_ASM2057459v1	Parastagonospora nodorum	Parastagonospora	Phaeosphaeriaceae	Pleosporales	Dothideomycetes		Ascomycota		74.9443	1.80851e-63	26/10000	True
GCA_058411105.1_ASM5841110v1	Pucciniomycotina sp. clade gs25	1	GCA_015502565.1_UCR_MambBC1291	Actinomortierella ambigua	Actinomortierella	Mortierellaceae	Mortierellales	Mortierellomycetes		Mortierellomycota		69.3402	9.01255e-16	8/10000	True
GCA_058411105.1_ASM5841110v1	Pucciniomycotina sp. clade gs25	2	GCA_016098155.1_UCR_MambBC1055_1.0	Actinomortierella ambigua	Actinomortierella	Mortierellaceae	Mortierellales	Mortierellomycetes		Mortierellomycota		69.3402	9.34846e-16	8/10000	True
GCA_058411105.1_ASM5841110v1	Pucciniomycotina sp. clade gs25	3	GCA_029717545.1_ASM2971754v1	Peribolospora baueri	Peribolospora	Peribolosporaceae	Peribolosporales	Peribolosporomycetes		Basidiomycota		69.3402	6.89702e-17	8/10000	True
GCA_058411105.1_ASM5841110v1	Pucciniomycotina sp. clade gs25	4	GCA_029717555.1_ASM2971755v1	Peribolospora baueri	Peribolospora	Peribolosporaceae	Peribolosporales	Peribolosporomycetes		Basidiomycota		69.3402	6.85127e-17	8/10000	True
GCA_058411105.1_ASM5841110v1	Pucciniomycotina sp. clade gs25	5	GCA_029717565.1_ASM2971756v1	Peribolospora kevripleyi	Peribolospora	Peribolosporaceae	Peribolosporales	Peribolosporomycetes		Basidiomycota		69.3402	7.7049e-17	8/10000	True
GCA_058411105.1_ASM5841110v1	Pucciniomycotina sp. clade gs25	6	GCA_029717575.1_ASM2971757v1	Peribolospora kevripleyi	Peribolospora	Peribolosporaceae	Peribolosporales	Peribolosporomycetes		Basidiomycota		69.3402	7.5255e-17	8/10000	True
GCA_058411105.1_ASM5841110v1	Pucciniomycotina sp. clade gs25	7	GCA_030579015.1_ASM3057901v1	Zhuliangozyma blackwelliae	Zhuliangozyma	Debaryomycetaceae	Serinales	Pichiomycetes		Ascomycota		69.3402	9.83945e-19	8/10000	True
GCA_058411105.1_ASM5841110v1	Pucciniomycotina sp. clade gs25	8	GCA_037356115.1_Neofusicoccum_Z2	Neofusicoccum sp. Z2	Neofusicoccum	Botryosphaeriaceae	Botryosphaeriales	Dothideomycetes		Ascomycota		69.3402	5.96253e-16	8/10000	True
GCA_058411105.1_ASM5841110v1	Pucciniomycotina sp. clade gs25	9	GCA_001600395.1_JCM_7857_assembly_v001	Mrakia frigida	Mrakia	Mrakiaceae	Cystofilobasidiales	Tremellomycetes		Basidiomycota		68.7048	4.8414e-14	7/10000	True
GCA_058411105.1_ASM5841110v1	Pucciniomycotina sp. clade gs25	10	GCA_002778195.1_ASM277819v1	Raffaelea ambrosiae	Raffaelea	Ophiostomataceae	Ophiostomatales	Sordariomycetes		Ascomycota		68.7048	2.19443e-13	7/10000	True
GCA_964256575.1_public_ERR4179390_metabat2_bin.6	Ramalinaceae sp.	1	GCA_000299195.2_KM02r2	Kluyveromyces marxianus	Kluyveromyces	Saccharomycetaceae	Saccharomycetales	Saccharomycetes		Ascomycota		68.7048	4.32705e-17	7/10000	True
GCA_964256575.1_public_ERR4179390_metabat2_bin.6	Ramalinaceae sp.	2	GCA_000747785.1_ASM74778v1	Kluyveromyces marxianus	Kluyveromyces	Saccharomycetaceae	Saccharomycetales	Saccharomycetes		Ascomycota		68.7048	4.85636e-17	7/10000	True
GCA_964256575.1_public_ERR4179390_metabat2_bin.6	Ramalinaceae sp.	3	GCA_001417835.1_KM1777_03	Kluyveromyces marxianus	Kluyveromyces	Saccharomycetaceae	Saccharomycetales	Saccharomycetes		Ascomycota		68.7048	4.36342e-17	7/10000	True
GCA_964256575.1_public_ERR4179390_metabat2_bin.6	Ramalinaceae sp.	4	GCA_001660455.1_run3	Kluyveromyces marxianus	Kluyveromyces	Saccharomycetaceae	Saccharomycetales	Saccharomycetes		Ascomycota		68.7048	5.43861e-17	7/10000	True
GCA_964256575.1_public_ERR4179390_metabat2_bin.6	Ramalinaceae sp.	5	GCA_001854445.2_ASM185444v2	Kluyveromyces marxianus	Kluyveromyces	Saccharomycetaceae	Saccharomycetales	Saccharomycetes		Ascomycota		68.7048	4.39673e-17	7/10000	True
GCA_964256575.1_public_ERR4179390_metabat2_bin.6	Ramalinaceae sp.	6	GCA_003046155.1_ASM304615v1	Kluyveromyces marxianus	Kluyveromyces	Saccharomycetaceae	Saccharomycetales	Saccharomycetes		Ascomycota		68.7048	4.07032e-17	7/10000	True
GCA_964256575.1_public_ERR4179390_metabat2_bin.6	Ramalinaceae sp.	7	GCA_003184345.1_ASM318434v1	Pseudevernia furfuracea	Pseudevernia	Parmeliaceae	Lecanorales	Lecanoromycetes		Ascomycota		68.7048	2.7551e-15	7/10000	True
GCA_964256575.1_public_ERR4179390_metabat2_bin.6	Ramalinaceae sp.	8	GCA_016625955.1_ASM1662595v1	Kluyveromyces marxianus	Kluyveromyces	Saccharomycetaceae	Saccharomycetales	Saccharomycetes		Ascomycota		68.7048	4.36139e-17	7/10000	True
GCA_964256575.1_public_ERR4179390_metabat2_bin.6	Ramalinaceae sp.	9	GCA_016626105.1_ASM1662610v1	Kluyveromyces marxianus	Kluyveromyces	Saccharomycetaceae	Saccharomycetales	Saccharomycetes		Ascomycota		68.7048	4.18784e-17	7/10000	True
GCA_964256575.1_public_ERR4179390_metabat2_bin.6	Ramalinaceae sp.	10	GCA_016630955.3_ASM1663095v3	Didymella arachidicola	Didymella	Didymellaceae	Pleosporales	Dothideomycetes		Ascomycota		68.7048	2.49415e-15	7/10000	True
GCA_047651925.1_ASM4765192v1	Saccharomyces cerevisiae-Schizosaccharomyces pombe fusant	1	GCA_002807125.1_S_cerevisiae_SPSC01_v1	Saccharomyces cerevisiae	Saccharomyces	Saccharomycetaceae	Saccharomycetales	Saccharomycetes		Ascomycota		99.7434	0	9003/10000	True
GCA_047651925.1_ASM4765192v1	Saccharomyces cerevisiae-Schizosaccharomyces pombe fusant	2	GCA_003270855.1_ASM327085v1	Saccharomyces cerevisiae	Saccharomyces	Saccharomycetaceae	Saccharomycetales	Saccharomycetes		Ascomycota		99.5989	0	8505/10000	True
GCA_047651925.1_ASM4765192v1	Saccharomyces cerevisiae-Schizosaccharomyces pombe fusant	3	GCA_017866305.1_ASM1786630v1	Saccharomyces cerevisiae	Saccharomyces	Saccharomycetaceae	Saccharomycetales	Saccharomycetes		Ascomycota		99.5983	0	8503/10000	True
GCA_047651925.1_ASM4765192v1	Saccharomyces cerevisiae-Schizosaccharomyces pombe fusant	4	GCA_003270315.1_ASM327031v1	Saccharomyces cerevisiae	Saccharomyces	Saccharomycetaceae	Saccharomycetales	Saccharomycetes		Ascomycota		99.5952	0	8493/10000	True
GCA_047651925.1_ASM4765192v1	Saccharomyces cerevisiae-Schizosaccharomyces pombe fusant	5	GCA_017866385.1_ASM1786638v1	Saccharomyces cerevisiae	Saccharomyces	Saccharomycetaceae	Saccharomycetales	Saccharomycetes		Ascomycota		99.5949	0	8492/10000	True
GCA_047651925.1_ASM4765192v1	Saccharomyces cerevisiae-Schizosaccharomyces pombe fusant	6	GCA_003270245.1_ASM327024v1	Saccharomyces cerevisiae	Saccharomyces	Saccharomycetaceae	Saccharomycetales	Saccharomycetes		Ascomycota		99.5946	0	8491/10000	True
GCA_047651925.1_ASM4765192v1	Saccharomyces cerevisiae-Schizosaccharomyces pombe fusant	7	GCA_003270575.1_ASM327057v1	Saccharomyces cerevisiae	Saccharomyces	Saccharomycetaceae	Saccharomycetales	Saccharomycetes		Ascomycota		99.5940	0	8489/10000	True
GCA_047651925.1_ASM4765192v1	Saccharomyces cerevisiae-Schizosaccharomyces pombe fusant	8	GCA_017864775.1_ASM1786477v1	Saccharomyces cerevisiae	Saccharomyces	Saccharomycetaceae	Saccharomycetales	Saccharomycetes		Ascomycota		99.5922	0	8483/10000	True
GCA_047651925.1_ASM4765192v1	Saccharomyces cerevisiae-Schizosaccharomyces pombe fusant	9	GCA_017864785.1_ASM1786478v1	Saccharomyces cerevisiae	Saccharomyces	Saccharomycetaceae	Saccharomycetales	Saccharomycetes		Ascomycota		99.5922	0	8483/10000	True
GCA_047651925.1_ASM4765192v1	Saccharomyces cerevisiae-Schizosaccharomyces pombe fusant	10	GCA_003270325.1_ASM327032v1	Saccharomyces cerevisiae	Saccharomyces	Saccharomycetaceae	Saccharomycetales	Saccharomycetes		Ascomycota		99.5910	0	8479/10000	True
GCA_029303885.1_ASM2930388v1	Saccharomycetaceae sp.	1	GCA_002151565.1_ASM215156v1	Kluyveromyces lactis	Kluyveromyces	Saccharomycetaceae	Saccharomycetales	Saccharomycetes		Ascomycota		98.0982	0	5046/10000	True
GCA_029303885.1_ASM2930388v1	Saccharomycetaceae sp.	2	GCA_030564225.1_ASM3056422v1	Kluyveromyces lactis	Kluyveromyces	Saccharomycetaceae	Saccharomycetales	Saccharomycetes		Ascomycota		98.0907	0	5034/10000	True
GCA_029303885.1_ASM2930388v1	Saccharomycetaceae sp.	3	GCF_000002515.2_ASM251v1	Kluyveromyces lactis	Kluyveromyces	Saccharomycetaceae	Saccharomycetales	Saccharomycetes		Ascomycota		98.0894	0	5032/10000	True
GCA_029303885.1_ASM2930388v1	Saccharomycetaceae sp.	4	GCA_054124855.1_ASM5412485v1	Kluyveromyces lactis	Kluyveromyces	Saccharomycetaceae	Saccharomycetales	Saccharomycetes		Ascomycota		98.0882	0	5030/10000	True
GCA_029303885.1_ASM2930388v1	Saccharomycetaceae sp.	5	GCA_054124055.1_ASM5412405v1	Kluyveromyces lactis	Kluyveromyces	Saccharomycetaceae	Saccharomycetales	Saccharomycetes		Ascomycota		98.0787	0	5015/10000	True
GCA_029303885.1_ASM2930388v1	Saccharomycetaceae sp.	6	GCA_054124665.1_ASM5412466v1	Kluyveromyces lactis	Kluyveromyces	Saccharomycetaceae	Saccharomycetales	Saccharomycetes		Ascomycota		98.0787	0	5015/10000	True
GCA_029303885.1_ASM2930388v1	Saccharomycetaceae sp.	7	GCA_054122325.1_ASM5412232v1	Kluyveromyces lactis	Kluyveromyces	Saccharomycetaceae	Saccharomycetales	Saccharomycetes		Ascomycota		98.0762	0	5011/10000	True
GCA_029303885.1_ASM2930388v1	Saccharomycetaceae sp.	8	GCA_054122975.1_ASM5412297v1	Kluyveromyces lactis	Kluyveromyces	Saccharomycetaceae	Saccharomycetales	Saccharomycetes		Ascomycota		98.0756	0	5010/10000	True
GCA_029303885.1_ASM2930388v1	Saccharomycetaceae sp.	9	GCA_054124995.1_ASM5412499v1	Kluyveromyces lactis	Kluyveromyces	Saccharomycetaceae	Saccharomycetales	Saccharomycetes		Ascomycota		98.0699	0	5001/10000	True
GCA_029303885.1_ASM2930388v1	Saccharomycetaceae sp.	10	GCA_947297865.1_416_Kluyveromyces_lactis	Kluyveromyces lactis	Kluyveromyces	Saccharomycetaceae	Saccharomycetales	Saccharomycetes		Ascomycota		98.0641	0	4992/10000	True
GCA_029303855.1_ASM2930385v1	Saccharomycetaceae sp.	1	GCF_000091025.4_ASM9102v4	Eremothecium gossypii	Eremothecium	Saccharomycetaceae	Saccharomycetales	Saccharomycetes		Ascomycota		99.9349	0	9732/10000	True
GCA_029303855.1_ASM2930385v1	Saccharomycetaceae sp.	2	GCA_000968835.1_ASM96883v1	Eremothecium gossypii	Eremothecium	Saccharomycetaceae	Saccharomycetales	Saccharomycetes		Ascomycota		99.8370	0	9349/10000	True
GCA_029303855.1_ASM2930385v1	Saccharomycetaceae sp.	3	GCA_000412225.2_ASM41222v2	Ashbya aceris	Eremothecium	Saccharomycetaceae	Saccharomycetales	Saccharomycetes		Ascomycota		89.1681	0	542/10000	True
GCA_029303855.1_ASM2930385v1	Saccharomycetaceae sp.	4	GCA_029300685.1_ASM2930068v1	Saccharomycetaceae sp.		Saccharomycetaceae	Saccharomycetales	Saccharomycetes		Ascomycota		72.3303	8.14662e-42	15/10000	True
GCA_029303855.1_ASM2930385v1	Saccharomycetaceae sp.	5	GCA_048413215.1_ASM4841321v1	Lachancea thermotolerans	Lachancea	Saccharomycetaceae	Saccharomycetales	Saccharomycetes		Ascomycota		71.2691	4.35812e-33	12/10000	True
GCA_029303855.1_ASM2930385v1	Saccharomycetaceae sp.	6	GCA_048413435.1_ASM4841343v1	Lachancea thermotolerans	Lachancea	Saccharomycetaceae	Saccharomycetales	Saccharomycetes		Ascomycota		71.2691	4.4049e-33	12/10000	True
GCA_029303855.1_ASM2930385v1	Saccharomycetaceae sp.	7	GCA_048413475.1_ASM4841347v1	Lachancea thermotolerans	Lachancea	Saccharomycetaceae	Saccharomycetales	Saccharomycetes		Ascomycota		71.2691	4.37464e-33	12/10000	True
GCA_029303855.1_ASM2930385v1	Saccharomycetaceae sp.	8	GCA_048413495.1_ASM4841349v1	Lachancea thermotolerans	Lachancea	Saccharomycetaceae	Saccharomycetales	Saccharomycetes		Ascomycota		71.2691	4.3314e-33	12/10000	True
GCA_029303855.1_ASM2930385v1	Saccharomycetaceae sp.	9	GCA_048413675.1_ASM4841367v1	Lachancea thermotolerans	Lachancea	Saccharomycetaceae	Saccharomycetales	Saccharomycetes		Ascomycota		71.2691	4.37181e-33	12/10000	True
GCA_029303855.1_ASM2930385v1	Saccharomycetaceae sp.	10	GCA_048413695.1_ASM4841369v1	Lachancea thermotolerans	Lachancea	Saccharomycetaceae	Saccharomycetales	Saccharomycetes		Ascomycota		71.2691	4.36541e-33	12/10000	True
GCA_029300815.1_ASM2930081v1	Saccharomycetaceae sp.	1	GCA_030580015.1_ASM3058001v1	Lachancea waltii	Lachancea	Saccharomycetaceae	Saccharomycetales	Saccharomycetes		Ascomycota		99.9207	0	9675/10000	True
GCA_029300815.1_ASM2930081v1	Saccharomycetaceae sp.	2	GCA_000167115.1_ASM16711v1	Lachancea waltii	Lachancea	Saccharomycetaceae	Saccharomycetales	Saccharomycetes		Ascomycota		99.8650	0	9456/10000	True
GCA_029300815.1_ASM2930081v1	Saccharomycetaceae sp.	3	GCA_029303455.1_ASM2930345v1	Saccharomycetaceae sp.		Saccharomycetaceae	Saccharomycetales	Saccharomycetes		Ascomycota		97.4434	0	4130/10000	True
GCA_029300815.1_ASM2930081v1	Saccharomycetaceae sp.	4	GCA_029303615.1_ASM2930361v1	Saccharomycetaceae sp.		Saccharomycetaceae	Saccharomycetales	Saccharomycetes		Ascomycota		93.6886	0	1532/10000	True
GCA_029300815.1_ASM2930081v1	Saccharomycetaceae sp.	5	GCA_029300685.1_ASM2930068v1	Saccharomycetaceae sp.		Saccharomycetaceae	Saccharomycetales	Saccharomycetes		Ascomycota		88.3743	0	455/10000	True
GCA_029300815.1_ASM2930081v1	Saccharomycetaceae sp.	6	GCA_000179415.1_ASM17941v1	Kluyveromyces wickerhamii	Kluyveromyces	Saccharomycetaceae	Saccharomycetales	Saccharomycetes		Ascomycota		76.0763	5.31578e-102	33/10000	True
GCA_029300815.1_ASM2930081v1	Saccharomycetaceae sp.	7	GCA_030564205.1_ASM3056420v1	Kluyveromyces wickerhamii	Kluyveromyces	Saccharomycetaceae	Saccharomycetales	Saccharomycetes		Ascomycota		76.0763	6.32141e-102	33/10000	True
GCA_029300815.1_ASM2930081v1	Saccharomycetaceae sp.	8	GCA_048412635.1_ASM4841263v1	Lachancea thermotolerans	Lachancea	Saccharomycetaceae	Saccharomycetales	Saccharomycetes		Ascomycota		75.4629	7.68479e-88	29/10000	True
GCA_029300815.1_ASM2930081v1	Saccharomycetaceae sp.	9	GCA_048413155.1_ASM4841315v1	Lachancea thermotolerans	Lachancea	Saccharomycetaceae	Saccharomycetales	Saccharomycetes		Ascomycota		75.4629	7.04408e-88	29/10000	True
GCA_029300815.1_ASM2930081v1	Saccharomycetaceae sp.	10	GCA_048413315.1_ASM4841331v1	Lachancea thermotolerans	Lachancea	Saccharomycetaceae	Saccharomycetales	Saccharomycetes		Ascomycota		75.4629	7.00404e-88	29/10000	True
GCA_029303775.1_ASM2930377v1	Saccharomycetaceae sp.	1	GCA_009805645.1_ASM980564v1	Saccharomyces paradoxus	Saccharomyces	Saccharomycetaceae	Saccharomycetales	Saccharomycetes		Ascomycota		92.8580	0	1256/10000	True
GCA_029303775.1_ASM2930377v1	Saccharomycetaceae sp.	2	GCF_002079055.1_ASM207905v1	Saccharomyces paradoxus	Saccharomyces	Saccharomycetaceae	Saccharomycetales	Saccharomycetes		Ascomycota		92.8411	0	1251/10000	True
GCA_029303775.1_ASM2930377v1	Saccharomycetaceae sp.	3	GCA_004352965.1_ASM435296v1	Saccharomyces paradoxus	Saccharomyces	Saccharomycetaceae	Saccharomycetales	Saccharomycetes		Ascomycota		92.8208	0	1245/10000	True
GCA_029303775.1_ASM2930377v1	Saccharomycetaceae sp.	4	GCA_030034875.1_ASM3003487v1	Saccharomyces paradoxus	Saccharomyces	Saccharomycetaceae	Saccharomycetales	Saccharomycetes		Ascomycota		92.8208	0	1245/10000	True
GCA_029303775.1_ASM2930377v1	Saccharomycetaceae sp.	5	GCA_030034905.1_ASM3003490v1	Saccharomyces paradoxus	Saccharomyces	Saccharomycetaceae	Saccharomycetales	Saccharomycetes		Ascomycota		92.8140	0	1243/10000	True
GCA_029303775.1_ASM2930377v1	Saccharomycetaceae sp.	6	GCA_021403155.1_ASM2140315v1	Saccharomyces paradoxus	Saccharomyces	Saccharomycetaceae	Saccharomycetales	Saccharomycetes		Ascomycota		92.8071	0	1241/10000	True
GCA_029303775.1_ASM2930377v1	Saccharomycetaceae sp.	7	GCA_000166955.1_ASM16695v1	Saccharomyces paradoxus	Saccharomyces	Saccharomycetaceae	Saccharomycetales	Saccharomycetes		Ascomycota		92.7934	0	1237/10000	True
GCA_029303775.1_ASM2930377v1	Saccharomycetaceae sp.	8	GCA_021403165.1_ASM2140316v1	Saccharomyces paradoxus	Saccharomyces	Saccharomycetaceae	Saccharomycetales	Saccharomycetes		Ascomycota		91.7680	0	974/10000	True
GCA_029303775.1_ASM2930377v1	Saccharomycetaceae sp.	9	GCA_002079085.1_ASM207908v1	Saccharomyces paradoxus	Saccharomyces	Saccharomycetaceae	Saccharomycetales	Saccharomycetes		Ascomycota		91.7635	0	973/10000	True
GCA_029303775.1_ASM2930377v1	Saccharomycetaceae sp.	10	GCA_021403145.1_ASM2140314v1	Saccharomyces paradoxus	Saccharomyces	Saccharomycetaceae	Saccharomycetales	Saccharomycetes		Ascomycota		91.7635	0	973/10000	True
GCA_029303725.1_ASM2930372v1	Saccharomycetaceae sp.	1	GCA_029300675.1_ASM2930067v1	Saccharomycetaceae sp.		Saccharomycetaceae	Saccharomycetales	Saccharomycetes		Ascomycota		96.5752	0	3220/10000	True
GCA_029303725.1_ASM2930372v1	Saccharomycetaceae sp.	2	GCA_019953615.1_ASM1995361v1	Saccharomyces uvarum	Saccharomyces	Saccharomycetaceae	Saccharomycetales	Saccharomycetes		Ascomycota		96.1858	0	2894/10000	True
GCA_029303725.1_ASM2930372v1	Saccharomycetaceae sp.	3	GCA_027557565.1_ASM2755756v1	Saccharomyces uvarum	Saccharomyces	Saccharomycetaceae	Saccharomycetales	Saccharomycetes		Ascomycota		96.1858	0	2894/10000	True
GCA_029303725.1_ASM2930372v1	Saccharomycetaceae sp.	4	GCA_027557585.1_ASM2755758v1	Saccharomyces uvarum	Saccharomyces	Saccharomycetaceae	Saccharomycetales	Saccharomycetes		Ascomycota		96.1807	0	2890/10000	True
GCA_029303725.1_ASM2930372v1	Saccharomycetaceae sp.	5	GCA_918261815.1_CBS7001	Saccharomyces uvarum	Saccharomyces	Saccharomycetaceae	Saccharomycetales	Saccharomycetes		Ascomycota		96.1666	0	2879/10000	True
GCA_029303725.1_ASM2930372v1	Saccharomycetaceae sp.	6	GCA_000167035.1_ASM16703v1	Saccharomyces uvarum	Saccharomyces	Saccharomycetaceae	Saccharomycetales	Saccharomycetes		Ascomycota		96.1318	0	2852/10000	True
GCA_029303725.1_ASM2930372v1	Saccharomycetaceae sp.	7	GCA_013265775.1_ASM1326577v1	Saccharomyces uvarum	Saccharomyces	Saccharomycetaceae	Saccharomycetales	Saccharomycetes		Ascomycota		96.0740	0	2808/10000	True
GCA_029303725.1_ASM2930372v1	Saccharomycetaceae sp.	8	GCA_009667045.1_ASM966704v1	Saccharomyces eubayanus x Saccharomyces uvarum	Saccharomyces	Saccharomycetaceae	Saccharomycetales	Saccharomycetes		Ascomycota		96.0434	0	2785/10000	True
GCA_029303725.1_ASM2930372v1	Saccharomycetaceae sp.	9	GCA_013180055.1_ASM1318005v1	Saccharomyces uvarum	Saccharomyces	Saccharomycetaceae	Saccharomycetales	Saccharomycetes		Ascomycota		96.0354	0	2779/10000	True
GCA_029303725.1_ASM2930372v1	Saccharomycetaceae sp.	10	GCA_000166995.1_ASM16699v1	Saccharomyces uvarum	Saccharomyces	Saccharomycetaceae	Saccharomycetales	Saccharomycetes		Ascomycota		95.9908	0	2746/10000	True
GCA_029303675.1_ASM2930367v1	Saccharomycetaceae sp.	1	GCA_012850935.1_ASM1285093v1	Naumovozyma castellii	Naumovozyma	Saccharomycetaceae	Saccharomycetales	Saccharomycetes		Ascomycota		99.9048	0	9612/10000	True
GCA_029303675.1_ASM2930367v1	Saccharomycetaceae sp.	2	GCA_012850965.1_ASM1285096v1	Naumovozyma castellii	Naumovozyma	Saccharomycetaceae	Saccharomycetales	Saccharomycetes		Ascomycota		99.9018	0	9600/10000	True
GCA_029303675.1_ASM2930367v1	Saccharomycetaceae sp.	3	GCF_000237345.1_ASM23734v1	Naumovozyma castellii	Naumovozyma	Saccharomycetaceae	Saccharomycetales	Saccharomycetes		Ascomycota		99.8955	0	9575/10000	True
GCA_029303675.1_ASM2930367v1	Saccharomycetaceae sp.	4	GCA_965638005.1_NCETHSTR985_assembly	Naumovozyma castellii	Naumovozyma	Saccharomycetaceae	Saccharomycetales	Saccharomycetes		Ascomycota		99.8600	0	9437/10000	True
GCA_029303675.1_ASM2930367v1	Saccharomycetaceae sp.	5	GCA_965637895.1_NCETHSTR981_assembly	Naumovozyma castellii	Naumovozyma	Saccharomycetaceae	Saccharomycetales	Saccharomycetes		Ascomycota		99.8593	0	9434/10000	True
GCA_029303675.1_ASM2930367v1	Saccharomycetaceae sp.	6	GCA_012850905.1_ASM1285090v1	Naumovozyma castellii	Naumovozyma	Saccharomycetaceae	Saccharomycetales	Saccharomycetes		Ascomycota		99.8582	0	9430/10000	True
GCA_029303675.1_ASM2930367v1	Saccharomycetaceae sp.	7	GCA_965637885.1_NCVUBH022Y10_assembly	Naumovozyma castellii	Naumovozyma	Saccharomycetaceae	Saccharomycetales	Saccharomycetes		Ascomycota		99.8574	0	9427/10000	True
GCA_029303675.1_ASM2930367v1	Saccharomycetaceae sp.	8	GCA_965637935.1_NCVUBB026Y4_assembly	Naumovozyma castellii	Naumovozyma	Saccharomycetaceae	Saccharomycetales	Saccharomycetes		Ascomycota		99.8572	0	9426/10000	True
GCA_029303675.1_ASM2930367v1	Saccharomycetaceae sp.	9	GCA_965637965.1_NCVUBH027Y8_assembly	Naumovozyma castellii	Naumovozyma	Saccharomycetaceae	Saccharomycetales	Saccharomycetes		Ascomycota		99.8473	0	9388/10000	True
GCA_029303675.1_ASM2930367v1	Saccharomycetaceae sp.	10	GCA_000167015.1_ASM16701v1	Naumovozyma castellii	Naumovozyma	Saccharomycetaceae	Saccharomycetales	Saccharomycetes		Ascomycota		99.8320	0	9330/10000	True
GCA_029303655.1_ASM2930365v1	Saccharomycetaceae sp.	1	GCF_000209165.1_ASM20916v1	Scheffersomyces stipitis	Scheffersomyces	Debaryomycetaceae	Serinales	Pichiomycetes		Ascomycota		94.0426	0	1670/10000	True
GCA_029303655.1_ASM2930365v1	Saccharomycetaceae sp.	2	GCA_029300795.1_ASM2930079v1	Saccharomycetales sp.			Saccharomycetales	Saccharomycetes		Ascomycota		94.0377	0	1668/10000	True
GCA_029303655.1_ASM2930365v1	Saccharomycetaceae sp.	3	GCA_055265985.1_ASM5526598v1	Scheffersomyces stipitis	Scheffersomyces	Debaryomycetaceae	Serinales	Pichiomycetes		Ascomycota		93.7288	0	1547/10000	True
GCA_029303655.1_ASM2930365v1	Saccharomycetaceae sp.	4	GCA_055265995.1_ASM5526599v1	Scheffersomyces stipitis	Scheffersomyces	Debaryomycetaceae	Serinales	Pichiomycetes		Ascomycota		93.7127	0	1541/10000	True
GCA_029303655.1_ASM2930365v1	Saccharomycetaceae sp.	5	GCA_016859295.1_ASM1685929v1	Scheffersomyces stipitis	Scheffersomyces	Debaryomycetaceae	Serinales	Pichiomycetes		Ascomycota		93.7100	0	1540/10000	True
GCA_029303655.1_ASM2930365v1	Saccharomycetaceae sp.	6	GCA_029300705.1_ASM2930070v1	Saccharomycetales sp.			Saccharomycetales	Saccharomycetes		Ascomycota		93.1930	0	1360/10000	True
GCA_029303655.1_ASM2930365v1	Saccharomycetaceae sp.	7	GCA_012850935.1_ASM1285093v1	Naumovozyma castellii	Naumovozyma	Saccharomycetaceae	Saccharomycetales	Saccharomycetes		Ascomycota		92.8377	0	1250/10000	True
GCA_029303655.1_ASM2930365v1	Saccharomycetaceae sp.	8	GCA_012850965.1_ASM1285096v1	Naumovozyma castellii	Naumovozyma	Saccharomycetaceae	Saccharomycetales	Saccharomycetes		Ascomycota		92.8377	0	1250/10000	True
GCA_029303655.1_ASM2930365v1	Saccharomycetaceae sp.	9	GCF_000237345.1_ASM23734v1	Naumovozyma castellii	Naumovozyma	Saccharomycetaceae	Saccharomycetales	Saccharomycetes		Ascomycota		92.8310	0	1248/10000	True
GCA_029303655.1_ASM2930365v1	Saccharomycetaceae sp.	10	GCA_965637885.1_NCVUBH022Y10_assembly	Naumovozyma castellii	Naumovozyma	Saccharomycetaceae	Saccharomycetales	Saccharomycetes		Ascomycota		92.8174	0	1244/10000	True
GCA_029300755.1_ASM2930075v1	Saccharomycetaceae sp.	1	GCA_029303675.1_ASM2930367v1	Saccharomycetaceae sp.		Saccharomycetaceae	Saccharomycetales	Saccharomycetes		Ascomycota		95.5876	0	2468/10000	True
GCA_029300755.1_ASM2930075v1	Saccharomycetaceae sp.	2	GCA_012850965.1_ASM1285096v1	Naumovozyma castellii	Naumovozyma	Saccharomycetaceae	Saccharomycetales	Saccharomycetes		Ascomycota		95.5860	0	2467/10000	True
GCA_029300755.1_ASM2930075v1	Saccharomycetaceae sp.	3	GCA_012850935.1_ASM1285093v1	Naumovozyma castellii	Naumovozyma	Saccharomycetaceae	Saccharomycetales	Saccharomycetes		Ascomycota		95.5814	0	2464/10000	True
GCA_029300755.1_ASM2930075v1	Saccharomycetaceae sp.	4	GCF_000237345.1_ASM23734v1	Naumovozyma castellii	Naumovozyma	Saccharomycetaceae	Saccharomycetales	Saccharomycetes		Ascomycota		95.5627	0	2452/10000	True
GCA_029300755.1_ASM2930075v1	Saccharomycetaceae sp.	5	GCA_965637895.1_NCETHSTR981_assembly	Naumovozyma castellii	Naumovozyma	Saccharomycetaceae	Saccharomycetales	Saccharomycetes		Ascomycota		95.5329	0	2433/10000	True
GCA_029300755.1_ASM2930075v1	Saccharomycetaceae sp.	6	GCA_965638005.1_NCETHSTR985_assembly	Naumovozyma castellii	Naumovozyma	Saccharomycetaceae	Saccharomycetales	Saccharomycetes		Ascomycota		95.5329	0	2433/10000	True
GCA_029300755.1_ASM2930075v1	Saccharomycetaceae sp.	7	GCA_965637965.1_NCVUBH027Y8_assembly	Naumovozyma castellii	Naumovozyma	Saccharomycetaceae	Saccharomycetales	Saccharomycetes		Ascomycota		95.5298	0	2431/10000	True
GCA_029300755.1_ASM2930075v1	Saccharomycetaceae sp.	8	GCA_965637885.1_NCVUBH022Y10_assembly	Naumovozyma castellii	Naumovozyma	Saccharomycetaceae	Saccharomycetales	Saccharomycetes		Ascomycota		95.5282	0	2430/10000	True
GCA_029300755.1_ASM2930075v1	Saccharomycetaceae sp.	9	GCA_965637935.1_NCVUBB026Y4_assembly	Naumovozyma castellii	Naumovozyma	Saccharomycetaceae	Saccharomycetales	Saccharomycetes		Ascomycota		95.5251	0	2428/10000	True
GCA_029300755.1_ASM2930075v1	Saccharomycetaceae sp.	10	GCA_012850905.1_ASM1285090v1	Naumovozyma castellii	Naumovozyma	Saccharomycetaceae	Saccharomycetales	Saccharomycetes		Ascomycota		95.5219	0	2426/10000	True
GCA_029303615.1_ASM2930361v1	Saccharomycetaceae sp.	1	GCA_030580015.1_ASM3058001v1	Lachancea waltii	Lachancea	Saccharomycetaceae	Saccharomycetales	Saccharomycetes		Ascomycota		93.7127	0	1541/10000	True
GCA_029303615.1_ASM2930361v1	Saccharomycetaceae sp.	2	GCA_029300815.1_ASM2930081v1	Saccharomycetaceae sp.		Saccharomycetaceae	Saccharomycetales	Saccharomycetes		Ascomycota		93.6886	0	1532/10000	True
GCA_029303615.1_ASM2930361v1	Saccharomycetaceae sp.	3	GCA_000167115.1_ASM16711v1	Lachancea waltii	Lachancea	Saccharomycetaceae	Saccharomycetales	Saccharomycetes		Ascomycota		93.6506	0	1518/10000	True
GCA_029303615.1_ASM2930361v1	Saccharomycetaceae sp.	4	GCA_029303455.1_ASM2930345v1	Saccharomycetaceae sp.		Saccharomycetaceae	Saccharomycetales	Saccharomycetes		Ascomycota		92.5604	0	1171/10000	True
GCA_029303615.1_ASM2930361v1	Saccharomycetaceae sp.	5	GCA_000149225.2_ASM14922v2	Lachancea kluyveri	Lachancea	Saccharomycetaceae	Saccharomycetales	Saccharomycetes		Ascomycota		90.9125	0	801/10000	True
GCA_029303615.1_ASM2930361v1	Saccharomycetaceae sp.	6	GCA_029300735.1_ASM2930073v1	Saccharomycetaceae sp.		Saccharomycetaceae	Saccharomycetales	Saccharomycetes		Ascomycota		90.5562	0	739/10000	True
GCA_029303615.1_ASM2930361v1	Saccharomycetaceae sp.	7	GCA_029303725.1_ASM2930372v1	Saccharomycetaceae sp.		Saccharomycetaceae	Saccharomycetales	Saccharomycetes		Ascomycota		89.8378	0	629/10000	True
GCA_029303615.1_ASM2930361v1	Saccharomycetaceae sp.	8	GCA_030564205.1_ASM3056420v1	Kluyveromyces wickerhamii	Kluyveromyces	Saccharomycetaceae	Saccharomycetales	Saccharomycetes		Ascomycota		88.7574	0	495/10000	True
GCA_029303615.1_ASM2930361v1	Saccharomycetaceae sp.	9	GCA_000179415.1_ASM17941v1	Kluyveromyces wickerhamii	Kluyveromyces	Saccharomycetaceae	Saccharomycetales	Saccharomycetes		Ascomycota		88.7020	0	489/10000	True
GCA_029303615.1_ASM2930361v1	Saccharomycetaceae sp.	10	GCA_918261815.1_CBS7001	Saccharomyces uvarum	Saccharomyces	Saccharomycetaceae	Saccharomycetales	Saccharomycetes		Ascomycota		88.6271	0	481/10000	True
GCA_029303555.1_ASM2930355v1	Saccharomycetaceae sp.	1	GCA_012850935.1_ASM1285093v1	Naumovozyma castellii	Naumovozyma	Saccharomycetaceae	Saccharomycetales	Saccharomycetes		Ascomycota		99.6851	0	8797/10000	True
GCA_029303555.1_ASM2930355v1	Saccharomycetaceae sp.	2	GCA_012850965.1_ASM1285096v1	Naumovozyma castellii	Naumovozyma	Saccharomycetaceae	Saccharomycetales	Saccharomycetes		Ascomycota		99.6787	0	8775/10000	True
GCA_029303555.1_ASM2930355v1	Saccharomycetaceae sp.	3	GCA_029303675.1_ASM2930367v1	Saccharomycetaceae sp.		Saccharomycetaceae	Saccharomycetales	Saccharomycetes		Ascomycota		99.6729	0	8755/10000	True
GCA_029303555.1_ASM2930355v1	Saccharomycetaceae sp.	4	GCF_000237345.1_ASM23734v1	Naumovozyma castellii	Naumovozyma	Saccharomycetaceae	Saccharomycetales	Saccharomycetes		Ascomycota		99.6729	0	8755/10000	True
GCA_029303555.1_ASM2930355v1	Saccharomycetaceae sp.	5	GCA_965638005.1_NCETHSTR985_assembly	Naumovozyma castellii	Naumovozyma	Saccharomycetaceae	Saccharomycetales	Saccharomycetes		Ascomycota		99.6410	0	8646/10000	True
GCA_029303555.1_ASM2930355v1	Saccharomycetaceae sp.	6	GCA_965637895.1_NCETHSTR981_assembly	Naumovozyma castellii	Naumovozyma	Saccharomycetaceae	Saccharomycetales	Saccharomycetes		Ascomycota		99.6407	0	8645/10000	True
GCA_029303555.1_ASM2930355v1	Saccharomycetaceae sp.	7	GCA_965637885.1_NCVUBH022Y10_assembly	Naumovozyma castellii	Naumovozyma	Saccharomycetaceae	Saccharomycetales	Saccharomycetes		Ascomycota		99.6378	0	8635/10000	True
GCA_029303555.1_ASM2930355v1	Saccharomycetaceae sp.	8	GCA_965637935.1_NCVUBB026Y4_assembly	Naumovozyma castellii	Naumovozyma	Saccharomycetaceae	Saccharomycetales	Saccharomycetes		Ascomycota		99.6363	0	8630/10000	True
GCA_029303555.1_ASM2930355v1	Saccharomycetaceae sp.	9	GCA_012850905.1_ASM1285090v1	Naumovozyma castellii	Naumovozyma	Saccharomycetaceae	Saccharomycetales	Saccharomycetes		Ascomycota		99.6318	0	8615/10000	True
GCA_029303555.1_ASM2930355v1	Saccharomycetaceae sp.	10	GCA_965637965.1_NCVUBH027Y8_assembly	Naumovozyma castellii	Naumovozyma	Saccharomycetaceae	Saccharomycetales	Saccharomycetes		Ascomycota		99.6259	0	8595/10000	True
GCA_029300735.1_ASM2930073v1	Saccharomycetaceae sp.	1	GCA_000149225.2_ASM14922v2	Lachancea kluyveri	Lachancea	Saccharomycetaceae	Saccharomycetales	Saccharomycetes		Ascomycota		98.9328	0	6656/10000	True
GCA_029300735.1_ASM2930073v1	Saccharomycetaceae sp.	2	GCA_029303725.1_ASM2930372v1	Saccharomycetaceae sp.		Saccharomycetaceae	Saccharomycetales	Saccharomycetes		Ascomycota		95.1790	0	2220/10000	True
GCA_029300735.1_ASM2930073v1	Saccharomycetaceae sp.	3	GCA_029300755.1_ASM2930075v1	Saccharomycetaceae sp.		Saccharomycetaceae	Saccharomycetales	Saccharomycetes		Ascomycota		93.4778	0	1456/10000	True
GCA_029300735.1_ASM2930073v1	Saccharomycetaceae sp.	4	GCA_029303615.1_ASM2930361v1	Saccharomycetaceae sp.		Saccharomycetaceae	Saccharomycetales	Saccharomycetes		Ascomycota		90.5562	0	739/10000	True
GCA_029300735.1_ASM2930073v1	Saccharomycetaceae sp.	5	GCA_029303655.1_ASM2930365v1	Saccharomycetaceae sp.		Saccharomycetaceae	Saccharomycetales	Saccharomycetes		Ascomycota		88.1694	0	435/10000	True
GCA_029300735.1_ASM2930073v1	Saccharomycetaceae sp.	6	GCA_029303775.1_ASM2930377v1	Saccharomycetaceae sp.		Saccharomycetaceae	Saccharomycetales	Saccharomycetes		Ascomycota		81.4173	0	102/10000	True
GCA_029300735.1_ASM2930073v1	Saccharomycetaceae sp.	7	GCA_002151565.1_ASM215156v1	Kluyveromyces lactis	Kluyveromyces	Saccharomycetaceae	Saccharomycetales	Saccharomycetes		Ascomycota		78.0469	3.46696e-164	50/10000	True
GCA_029300735.1_ASM2930073v1	Saccharomycetaceae sp.	8	GCA_030564225.1_ASM3056422v1	Kluyveromyces lactis	Kluyveromyces	Saccharomycetaceae	Saccharomycetales	Saccharomycetes		Ascomycota		78.0469	2.71762e-164	50/10000	True
GCA_029300735.1_ASM2930073v1	Saccharomycetaceae sp.	9	GCA_054122975.1_ASM5412297v1	Kluyveromyces lactis	Kluyveromyces	Saccharomycetaceae	Saccharomycetales	Saccharomycetes		Ascomycota		78.0469	2.69993e-164	50/10000	True
GCA_029300735.1_ASM2930073v1	Saccharomycetaceae sp.	10	GCA_054125115.1_ASM5412511v1	Kluyveromyces lactis	Kluyveromyces	Saccharomycetaceae	Saccharomycetales	Saccharomycetes		Ascomycota		78.0469	1.51048e-164	50/10000	True
GCA_029303455.1_ASM2930345v1	Saccharomycetaceae sp.	1	GCA_029300815.1_ASM2930081v1	Saccharomycetaceae sp.		Saccharomycetaceae	Saccharomycetales	Saccharomycetes		Ascomycota		97.4434	0	4130/10000	True
GCA_029303455.1_ASM2930345v1	Saccharomycetaceae sp.	2	GCA_030580015.1_ASM3058001v1	Lachancea waltii	Lachancea	Saccharomycetaceae	Saccharomycetales	Saccharomycetes		Ascomycota		97.4131	0	4093/10000	True
GCA_029303455.1_ASM2930345v1	Saccharomycetaceae sp.	3	GCA_000167115.1_ASM16711v1	Lachancea waltii	Lachancea	Saccharomycetaceae	Saccharomycetales	Saccharomycetes		Ascomycota		97.3546	0	4023/10000	True
GCA_029303455.1_ASM2930345v1	Saccharomycetaceae sp.	4	GCA_030564205.1_ASM3056420v1	Kluyveromyces wickerhamii	Kluyveromyces	Saccharomycetaceae	Saccharomycetales	Saccharomycetes		Ascomycota		94.0426	0	1670/10000	True
GCA_029303455.1_ASM2930345v1	Saccharomycetaceae sp.	5	GCA_000179415.1_ASM17941v1	Kluyveromyces wickerhamii	Kluyveromyces	Saccharomycetaceae	Saccharomycetales	Saccharomycetes		Ascomycota		94.0328	0	1666/10000	True
GCA_029303455.1_ASM2930345v1	Saccharomycetaceae sp.	6	GCA_029303615.1_ASM2930361v1	Saccharomycetaceae sp.		Saccharomycetaceae	Saccharomycetales	Saccharomycetes		Ascomycota		92.5604	0	1171/10000	True
GCA_029303455.1_ASM2930345v1	Saccharomycetaceae sp.	7	GCA_029303885.1_ASM2930388v1	Saccharomycetaceae sp.		Saccharomycetaceae	Saccharomycetales	Saccharomycetes		Ascomycota		91.4336	0	902/10000	True
GCA_029303455.1_ASM2930345v1	Saccharomycetaceae sp.	8	GCA_019953615.1_ASM1995361v1	Saccharomyces uvarum	Saccharomyces	Saccharomycetaceae	Saccharomycetales	Saccharomycetes		Ascomycota		90.0259	0	656/10000	True
GCA_029303455.1_ASM2930345v1	Saccharomycetaceae sp.	9	GCA_027557565.1_ASM2755756v1	Saccharomyces uvarum	Saccharomyces	Saccharomycetaceae	Saccharomycetales	Saccharomycetes		Ascomycota		90.0259	0	656/10000	True
GCA_029303455.1_ASM2930345v1	Saccharomycetaceae sp.	10	GCA_918261815.1_CBS7001	Saccharomyces uvarum	Saccharomyces	Saccharomycetaceae	Saccharomycetales	Saccharomycetes		Ascomycota		90.0190	0	655/10000	True
GCA_029300685.1_ASM2930068v1	Saccharomycetaceae sp.	1	GCA_029303885.1_ASM2930388v1	Saccharomycetaceae sp.		Saccharomycetaceae	Saccharomycetales	Saccharomycetes		Ascomycota		92.0558	0	1041/10000	True
GCA_029300685.1_ASM2930068v1	Saccharomycetaceae sp.	2	GCA_013180185.1_ASM1318018v1	Saccharomyces cerevisiae x Saccharomyces uvarum	Saccharomyces	Saccharomycetaceae	Saccharomycetales	Saccharomycetes		Ascomycota		91.7142	0	962/10000	True
GCA_029300685.1_ASM2930068v1	Saccharomycetaceae sp.	3	GCA_009666275.1_ASM966627v1	Saccharomyces cerevisiae x Saccharomyces eubayanus x Saccharomyces uvarum	Saccharomyces	Saccharomycetaceae	Saccharomycetales	Saccharomycetes		Ascomycota		91.6228	0	942/10000	True
GCA_029300685.1_ASM2930068v1	Saccharomycetaceae sp.	4	GCF_000002515.2_ASM251v1	Kluyveromyces lactis	Kluyveromyces	Saccharomycetaceae	Saccharomycetales	Saccharomycetes		Ascomycota		91.4770	0	911/10000	True
GCA_029300685.1_ASM2930068v1	Saccharomycetaceae sp.	5	GCA_054122975.1_ASM5412297v1	Kluyveromyces lactis	Kluyveromyces	Saccharomycetaceae	Saccharomycetales	Saccharomycetes		Ascomycota		91.4722	0	910/10000	True
GCA_029300685.1_ASM2930068v1	Saccharomycetaceae sp.	6	GCA_054124055.1_ASM5412405v1	Kluyveromyces lactis	Kluyveromyces	Saccharomycetaceae	Saccharomycetales	Saccharomycetes		Ascomycota		91.4722	0	910/10000	True
GCA_029300685.1_ASM2930068v1	Saccharomycetaceae sp.	7	GCA_054124995.1_ASM5412499v1	Kluyveromyces lactis	Kluyveromyces	Saccharomycetaceae	Saccharomycetales	Saccharomycetes		Ascomycota		91.4722	0	910/10000	True
GCA_029300685.1_ASM2930068v1	Saccharomycetaceae sp.	8	GCA_054124665.1_ASM5412466v1	Kluyveromyces lactis	Kluyveromyces	Saccharomycetaceae	Saccharomycetales	Saccharomycetes		Ascomycota		91.4578	0	907/10000	True
GCA_029300685.1_ASM2930068v1	Saccharomycetaceae sp.	9	GCA_054124855.1_ASM5412485v1	Kluyveromyces lactis	Kluyveromyces	Saccharomycetaceae	Saccharomycetales	Saccharomycetes		Ascomycota		91.4578	0	907/10000	True
GCA_029300685.1_ASM2930068v1	Saccharomycetaceae sp.	10	GCA_013183795.1_ASM1318379v1	Saccharomyces uvarum	Saccharomyces	Saccharomycetaceae	Saccharomycetales	Saccharomycetes		Ascomycota		91.4529	0	906/10000	True
GCA_029300675.1_ASM2930067v1	Saccharomycetaceae sp.	1	GCA_029303725.1_ASM2930372v1	Saccharomycetaceae sp.		Saccharomycetaceae	Saccharomycetales	Saccharomycetes		Ascomycota		96.5752	0	3220/10000	True
GCA_029300675.1_ASM2930067v1	Saccharomycetaceae sp.	2	GCA_029303885.1_ASM2930388v1	Saccharomycetaceae sp.		Saccharomycetaceae	Saccharomycetales	Saccharomycetes		Ascomycota		95.1026	0	2177/10000	True
GCA_029300675.1_ASM2930067v1	Saccharomycetaceae sp.	3	GCA_029884725.1_ASM2988472v1	Saccharomyces mikatae	Saccharomyces	Saccharomycetaceae	Saccharomycetales	Saccharomycetes		Ascomycota		95.0719	0	2160/10000	True
GCA_029300675.1_ASM2930067v1	Saccharomycetaceae sp.	4	GCA_918250775.1_IFO1815	Saccharomyces mikatae	Saccharomyces	Saccharomycetaceae	Saccharomycetales	Saccharomycetes		Ascomycota		95.0719	0	2160/10000	True
GCA_029300675.1_ASM2930067v1	Saccharomycetaceae sp.	5	GCA_009666275.1_ASM966627v1	Saccharomyces cerevisiae x Saccharomyces eubayanus x Saccharomyces uvarum	Saccharomyces	Saccharomycetaceae	Saccharomycetales	Saccharomycetes		Ascomycota		95.0519	0	2149/10000	True
GCA_029300675.1_ASM2930067v1	Saccharomycetaceae sp.	6	GCA_013180185.1_ASM1318018v1	Saccharomyces cerevisiae x Saccharomyces uvarum	Saccharomyces	Saccharomycetaceae	Saccharomycetales	Saccharomycetes		Ascomycota		95.0483	0	2147/10000	True
GCA_029300675.1_ASM2930067v1	Saccharomycetaceae sp.	7	GCA_009667055.1_ASM966705v1	Saccharomyces cerevisiae x Saccharomyces eubayanus x Saccharomyces kudriavzevii x Saccharomyces uvarum	Saccharomyces	Saccharomycetaceae	Saccharomycetales	Saccharomycetes		Ascomycota		94.4874	0	1864/10000	True
GCA_029300675.1_ASM2930067v1	Saccharomycetaceae sp.	8	GCA_013183795.1_ASM1318379v1	Saccharomyces uvarum	Saccharomyces	Saccharomycetaceae	Saccharomycetales	Saccharomycetes		Ascomycota		94.4810	0	1861/10000	True
GCA_029300675.1_ASM2930067v1	Saccharomycetaceae sp.	9	GCA_918272125.1_yHAB336	Saccharomyces mikatae	Saccharomyces	Saccharomycetaceae	Saccharomycetales	Saccharomycetes		Ascomycota		94.3869	0	1818/10000	True
GCA_029300675.1_ASM2930067v1	Saccharomycetaceae sp.	10	GCA_009666495.1_ASM966649v1	Saccharomyces cerevisiae x Saccharomyces eubayanus x Saccharomyces kudriavzevii x Saccharomyces uvarum	Saccharomyces	Saccharomycetaceae	Saccharomycetales	Saccharomycetes		Ascomycota		94.3176	0	1787/10000	True
GCA_029290875.1_ASM2929087v1	Saccharomycetales sp.	1	GCA_000755205.1_ASM75520v1	Meyerozyma caribbica	Meyerozyma	Debaryomycetaceae	Serinales	Pichiomycetes		Ascomycota		99.8030	0	9221/10000	True
GCA_029290875.1_ASM2929087v1	Saccharomycetales sp.	2	GCA_060230695.1_MC01.1	Meyerozyma guilliermondii	Meyerozyma	Debaryomycetaceae	Serinales	Pichiomycetes		Ascomycota		99.7900	0	9173/10000	True
GCA_029290875.1_ASM2929087v1	Saccharomycetales sp.	3	GCA_900174495.1_MGUIL.PP1	Meyerozyma guilliermondii	Meyerozyma	Debaryomycetaceae	Serinales	Pichiomycetes		Ascomycota		99.7786	0	9131/10000	True
GCA_029290875.1_ASM2929087v1	Saccharomycetales sp.	4	GCA_052814535.1_ASM5281453v1	Meyerozyma guilliermondii	Meyerozyma	Debaryomycetaceae	Serinales	Pichiomycetes		Ascomycota		99.7756	0	9120/10000	True
GCA_029290875.1_ASM2929087v1	Saccharomycetales sp.	5	GCA_022315155.1_M_gui_A3	Meyerozyma guilliermondii	Meyerozyma	Debaryomycetaceae	Serinales	Pichiomycetes		Ascomycota		99.7710	0	9103/10000	True
GCA_029290875.1_ASM2929087v1	Saccharomycetales sp.	6	GCA_008062615.2_ASM806261v2	Meyerozyma guilliermondii	Meyerozyma	Debaryomycetaceae	Serinales	Pichiomycetes		Ascomycota		99.7704	0	9101/10000	True
GCA_029290875.1_ASM2929087v1	Saccharomycetales sp.	7	GCA_018105795.1_HGU_Mgui_B144	Meyerozyma guilliermondii	Meyerozyma	Debaryomycetaceae	Serinales	Pichiomycetes		Ascomycota		99.7666	0	9087/10000	True
GCA_029290875.1_ASM2929087v1	Saccharomycetales sp.	8	GCA_024499945.1_ASM2449994v1	Meyerozyma guilliermondii	Meyerozyma	Debaryomycetaceae	Serinales	Pichiomycetes		Ascomycota		99.7578	0	9055/10000	True
GCA_029290875.1_ASM2929087v1	Saccharomycetales sp.	9	GCA_900500645.1_M.guilliermondii.V1	Meyerozyma guilliermondii	Meyerozyma	Debaryomycetaceae	Serinales	Pichiomycetes		Ascomycota		99.7564	0	9050/10000	True
GCA_029290875.1_ASM2929087v1	Saccharomycetales sp.	10	GCA_053455595.1_ASM5345559v1	Meyerozyma guilliermondii	Meyerozyma	Debaryomycetaceae	Serinales	Pichiomycetes		Ascomycota		99.7523	0	9035/10000	True
GCA_029296565.1_ASM2929656v1	Saccharomycetales sp.	1	GCA_029293515.1_ASM2929351v1	Saccharomycetales sp.			Saccharomycetales	Saccharomycetes		Ascomycota		99.9726	0	9886/10000	True
GCA_029296565.1_ASM2929656v1	Saccharomycetales sp.	2	GCA_937898345.1_SRR3997477_bin.88_CONCOCT_v1.1_MAG	uncultured Saccharomycetales				Saccharomycetes		Ascomycota		99.8161	0	9270/10000	True
GCA_029296565.1_ASM2929656v1	Saccharomycetales sp.	3	GCA_030560805.1_ASM3056080v1	Suzukiozyma palmioleophila	Suzukiozyma	Debaryomycetaceae	Serinales	Pichiomycetes		Ascomycota		99.1570	0	7208/10000	True
GCA_029296565.1_ASM2929656v1	Saccharomycetales sp.	4	GCA_025602875.1_ASM2560287v1	Suzukiozyma palmioleophila	Suzukiozyma	Debaryomycetaceae	Serinales	Pichiomycetes		Ascomycota		99.0240	0	6873/10000	True
GCA_029296565.1_ASM2929656v1	Saccharomycetales sp.	5	GCA_030569175.1_ASM3056917v1	Suzukiozyma manassasensis	Suzukiozyma	Debaryomycetaceae	Serinales	Pichiomycetes		Ascomycota		84.0854	0	180/10000	True
GCA_029296565.1_ASM2929656v1	Saccharomycetales sp.	6	GCA_030569075.1_ASM3056907v1	Suzukiozyma sphagnicola	Suzukiozyma	Debaryomycetaceae	Serinales	Pichiomycetes		Ascomycota		74.7580	1.33125e-72	25/10000	True
GCA_029296565.1_ASM2929656v1	Saccharomycetales sp.	7	GCA_030560825.1_ASM3056082v1	Suzukiozyma fluviatilis	Suzukiozyma	Debaryomycetaceae	Serinales	Pichiomycetes		Ascomycota		74.5641	2.29509e-69	24/10000	True
GCA_029296565.1_ASM2929656v1	Saccharomycetales sp.	8	GCA_003708205.2_ASM370820v2	Isabelozyma gotoi	Isabelozyma	Metschnikowiaceae	Serinales	Pichiomycetes		Ascomycota		72.3303	6.01169e-41	15/10000	True
GCA_029296565.1_ASM2929656v1	Saccharomycetales sp.	9	GCA_030444945.1_ASM3044494v1	Hyphopichia fennica	Hyphopichia	Debaryomycetaceae	Serinales	Pichiomycetes		Ascomycota		72.0022	1.4027e-37	14/10000	True
GCA_029296565.1_ASM2929656v1	Saccharomycetales sp.	10	GCA_030462985.1_ASM3046298v1	Schwanniomyces sp. yHRVM31	Schwanniomyces	Debaryomycetaceae	Serinales	Pichiomycetes		Ascomycota		72.0022	7.75012e-38	14/10000	True
GCA_029295605.1_ASM2929560v1	Saccharomycetales sp.	1	GCA_023623335.1_ASM2362333v1	Meyerozyma caribbica	Meyerozyma	Debaryomycetaceae	Serinales	Pichiomycetes		Ascomycota		99.0256	0	6877/10000	True
GCA_029295605.1_ASM2929560v1	Saccharomycetales sp.	2	GCA_055724125.1_ASM5572412v1	Meyerozyma guilliermondii	Meyerozyma	Debaryomycetaceae	Serinales	Pichiomycetes		Ascomycota		98.9883	0	6787/10000	True
GCA_029295605.1_ASM2929560v1	Saccharomycetales sp.	3	GCA_037116185.1_ASAG_Mgui_2.4	Meyerozyma guilliermondii	Meyerozyma	Debaryomycetaceae	Serinales	Pichiomycetes		Ascomycota		98.9190	0	6624/10000	True
GCA_029295605.1_ASM2929560v1	Saccharomycetales sp.	4	GCA_027475045.1_ASM2747504v1	Meyerozyma caribbica	Meyerozyma	Debaryomycetaceae	Serinales	Pichiomycetes		Ascomycota		98.9039	0	6589/10000	True
GCA_029295605.1_ASM2929560v1	Saccharomycetales sp.	5	GCA_023623325.1_ASM2362332v1	Meyerozyma caribbica	Meyerozyma	Debaryomycetaceae	Serinales	Pichiomycetes		Ascomycota		98.8969	0	6573/10000	True
GCA_029295605.1_ASM2929560v1	Saccharomycetales sp.	6	GCA_003676015.1_ASM367601v1	Meyerozyma sp. JA9	Meyerozyma	Debaryomycetaceae	Serinales	Pichiomycetes		Ascomycota		98.8736	0	6520/10000	True
GCA_029295605.1_ASM2929560v1	Saccharomycetales sp.	7	GCA_003707125.3_ASM370712v3	Meyerozyma caribbica	Meyerozyma	Debaryomycetaceae	Serinales	Pichiomycetes		Ascomycota		98.8580	0	6485/10000	True
GCA_029295605.1_ASM2929560v1	Saccharomycetales sp.	8	GCA_037074785.1_ASM3707478v1	Meyerozyma guilliermondii	Meyerozyma	Debaryomycetaceae	Serinales	Pichiomycetes		Ascomycota		98.8397	0	6444/10000	True
GCA_029295605.1_ASM2929560v1	Saccharomycetales sp.	9	GCA_900231965.1_Meycar_Culqui	Meyerozyma caribbica	Meyerozyma	Debaryomycetaceae	Serinales	Pichiomycetes		Ascomycota		98.7791	0	6311/10000	True
GCA_029295605.1_ASM2929560v1	Saccharomycetales sp.	10	GCA_001599235.1_JCM_9396_assembly_v001	Meyerozyma carpophila	Meyerozyma	Debaryomycetaceae	Serinales	Pichiomycetes		Ascomycota		93.7948	0	1572/10000	True
GCA_029293515.1_ASM2929351v1	Saccharomycetales sp.	1	GCA_029296565.1_ASM2929656v1	Saccharomycetales sp.			Saccharomycetales	Saccharomycetes		Ascomycota		99.9726	0	9886/10000	True
GCA_029293515.1_ASM2929351v1	Saccharomycetales sp.	2	GCA_937898345.1_SRR3997477_bin.88_CONCOCT_v1.1_MAG	uncultured Saccharomycetales				Saccharomycetes		Ascomycota		99.8022	0	9218/10000	True
GCA_029293515.1_ASM2929351v1	Saccharomycetales sp.	3	GCA_030560805.1_ASM3056080v1	Suzukiozyma palmioleophila	Suzukiozyma	Debaryomycetaceae	Serinales	Pichiomycetes		Ascomycota		99.1377	0	7158/10000	True
GCA_029293515.1_ASM2929351v1	Saccharomycetales sp.	4	GCA_025602875.1_ASM2560287v1	Suzukiozyma palmioleophila	Suzukiozyma	Debaryomycetaceae	Serinales	Pichiomycetes		Ascomycota		99.0037	0	6824/10000	True
GCA_029293515.1_ASM2929351v1	Saccharomycetales sp.	5	GCA_030569175.1_ASM3056917v1	Suzukiozyma manassasensis	Suzukiozyma	Debaryomycetaceae	Serinales	Pichiomycetes		Ascomycota		83.9535	0	175/10000	True
GCA_029293515.1_ASM2929351v1	Saccharomycetales sp.	6	GCA_030569075.1_ASM3056907v1	Suzukiozyma sphagnicola	Suzukiozyma	Debaryomycetaceae	Serinales	Pichiomycetes		Ascomycota		75.1236	3.17926e-79	27/10000	True
GCA_029293515.1_ASM2929351v1	Saccharomycetales sp.	7	GCA_030560825.1_ASM3056082v1	Suzukiozyma fluviatilis	Suzukiozyma	Debaryomycetaceae	Serinales	Pichiomycetes		Ascomycota		74.3619	3.7659e-66	23/10000	True
GCA_029293515.1_ASM2929351v1	Saccharomycetales sp.	8	GCA_003708205.2_ASM370820v2	Isabelozyma gotoi	Isabelozyma	Metschnikowiaceae	Serinales	Pichiomycetes		Ascomycota		72.3303	5.71576e-41	15/10000	True
GCA_029293515.1_ASM2929351v1	Saccharomycetales sp.	9	GCA_030444945.1_ASM3044494v1	Hyphopichia fennica	Hyphopichia	Debaryomycetaceae	Serinales	Pichiomycetes		Ascomycota		72.0022	1.33477e-37	14/10000	True
GCA_029293515.1_ASM2929351v1	Saccharomycetales sp.	10	GCA_030462985.1_ASM3046298v1	Schwanniomyces sp. yHRVM31	Schwanniomyces	Debaryomycetaceae	Serinales	Pichiomycetes		Ascomycota		72.0022	7.38999e-38	14/10000	True
GCA_029301665.1_ASM2930166v1	Saccharomycetales sp.	1	GCF_001661235.1_Picme2	Pichia membranifaciens	Pichia	Pichiaceae	Pichiales	Pichiomycetes		Ascomycota		95.6716	0	2523/10000	True
GCA_029301665.1_ASM2930166v1	Saccharomycetales sp.	2	GCA_025531595.1_ASM2553159v1	Pichia sp. P1605	Pichia	Pichiaceae	Pichiales	Pichiomycetes		Ascomycota		95.2945	0	2287/10000	True
GCA_029301665.1_ASM2930166v1	Saccharomycetales sp.	3	GCA_025531575.1_ASM2553157v1	Pichia sp. PH4023	Pichia	Pichiaceae	Pichiales	Pichiomycetes		Ascomycota		95.2536	0	2263/10000	True
GCA_029301665.1_ASM2930166v1	Saccharomycetales sp.	4	GCA_031021045.1_ASM3102104v1	Pichia membranifaciens	Pichia	Pichiaceae	Pichiales	Pichiomycetes		Ascomycota		94.6699	0	1951/10000	True
GCA_029301665.1_ASM2930166v1	Saccharomycetales sp.	5	GCA_001950575.1_P_membrenifaciens-1.0	Pichia membranifaciens	Pichia	Pichiaceae	Pichiales	Pichiomycetes		Ascomycota		92.7173	0	1215/10000	True
GCA_029301665.1_ASM2930166v1	Saccharomycetales sp.	6	GCA_030563085.1_ASM3056308v1	Pichia sp. NRRL Y-27259	Pichia	Pichiaceae	Pichiales	Pichiomycetes		Ascomycota		89.2669	0	554/10000	True
GCA_029301665.1_ASM2930166v1	Saccharomycetales sp.	7	GCA_937857865.1_ERR4757809_bin.16_CONCOCT_v1.1_MAG	Wickerhamiella sorbophila	Wickerhamiella	Trichomonascaceae	Dipodascales	Dipodascomycetes		Ascomycota		81.8579	0	112/10000	True
GCA_029301665.1_ASM2930166v1	Saccharomycetales sp.	8	GCA_029301555.1_ASM2930155v1	Saccharomycetales sp.			Saccharomycetales	Saccharomycetes		Ascomycota		81.3239	0	100/10000	True
GCA_029301665.1_ASM2930166v1	Saccharomycetales sp.	9	GCA_029290715.1_ASM2929071v1	Pichia kudriavzevii	Pichia	Pichiaceae	Pichiales	Pichiomycetes		Ascomycota		77.8534	1.27527e-162	48/10000	True
GCA_029301665.1_ASM2930166v1	Saccharomycetales sp.	10	GCA_030556025.1_ASM3055602v1	Pichia sp. NRRL YB-4149	Pichia	Pichiaceae	Pichiales	Pichiomycetes		Ascomycota		76.2180	3.33721e-111	34/10000	True
GCA_029301595.1_ASM2930159v1	Saccharomycetales sp.	1	GCA_014176175.1_P.AWRI1613	Brettanomyces bruxellensis	Brettanomyces	Pichiaceae	Pichiales	Pichiomycetes		Ascomycota		98.9341	0	6659/10000	True
GCA_029301595.1_ASM2930159v1	Saccharomycetales sp.	2	GCA_000340765.1_Dekkera_bruxellensis_CBS_2499_v2.0	Brettanomyces bruxellensis	Brettanomyces	Pichiaceae	Pichiales	Pichiomycetes		Ascomycota		98.9320	0	6654/10000	True
GCA_029301595.1_ASM2930159v1	Saccharomycetales sp.	3	GCA_012295375.1_ASM1229537v1	Brettanomyces bruxellensis	Brettanomyces	Pichiaceae	Pichiales	Pichiomycetes		Ascomycota		98.8518	0	6471/10000	True
GCA_029301595.1_ASM2930159v1	Saccharomycetales sp.	4	GCA_900186115.1_UMY321ace	Brettanomyces bruxellensis	Brettanomyces	Pichiaceae	Pichiales	Pichiomycetes		Ascomycota		98.7906	0	6336/10000	True
GCA_029301595.1_ASM2930159v1	Saccharomycetales sp.	5	GCA_018346845.1_ASM1834684v1	Brettanomyces bruxellensis	Brettanomyces	Pichiaceae	Pichiales	Pichiomycetes		Ascomycota		98.7023	0	6148/10000	True
GCA_029301595.1_ASM2930159v1	Saccharomycetales sp.	6	GCA_001719535.1_ASM171953v1	Brettanomyces bruxellensis	Brettanomyces	Pichiaceae	Pichiales	Pichiomycetes		Ascomycota		98.6980	0	6139/10000	True
GCA_029301595.1_ASM2930159v1	Saccharomycetales sp.	7	GCF_011074885.1_ASM1107488v2	Brettanomyces bruxellensis	Brettanomyces	Pichiaceae	Pichiales	Pichiomycetes		Ascomycota		98.1790	0	5177/10000	True
GCA_029301595.1_ASM2930159v1	Saccharomycetales sp.	8	GCA_019923885.1_AWRI_1499_Dip-1.0_A1A2	Brettanomyces bruxellensis	Brettanomyces	Pichiaceae	Pichiales	Pichiomycetes		Ascomycota		98.1650	0	5154/10000	True
GCA_029301595.1_ASM2930159v1	Saccharomycetales sp.	9	GCA_016906875.1_ASM1690687v1	Brettanomyces sp. HC-2020a	Brettanomyces	Pichiaceae	Pichiales	Pichiomycetes		Ascomycota		97.3138	0	3975/10000	True
GCA_029301595.1_ASM2930159v1	Saccharomycetales sp.	10	GCA_057557315.1_ASM5755731v1	Saccharomycetes sp.				Saccharomycetes		Ascomycota		97.2391	0	3889/10000	True
GCA_029301555.1_ASM2930155v1	Saccharomycetales sp.	1	GCA_025531575.1_ASM2553157v1	Pichia sp. PH4023	Pichia	Pichiaceae	Pichiales	Pichiomycetes		Ascomycota		99.0358	0	6902/10000	True
GCA_029301555.1_ASM2930155v1	Saccharomycetales sp.	2	GCA_025531595.1_ASM2553159v1	Pichia sp. P1605	Pichia	Pichiaceae	Pichiales	Pichiomycetes		Ascomycota		99.0161	0	6854/10000	True
GCA_029301555.1_ASM2930155v1	Saccharomycetales sp.	3	GCA_001950575.1_P_membrenifaciens-1.0	Pichia membranifaciens	Pichia	Pichiaceae	Pichiales	Pichiomycetes		Ascomycota		97.9594	0	4831/10000	True
GCA_029301555.1_ASM2930155v1	Saccharomycetales sp.	4	GCA_031021045.1_ASM3102104v1	Pichia membranifaciens	Pichia	Pichiaceae	Pichiales	Pichiomycetes		Ascomycota		96.8614	0	3489/10000	True
GCA_029301555.1_ASM2930155v1	Saccharomycetales sp.	5	GCF_001661235.1_Picme2	Pichia membranifaciens	Pichia	Pichiaceae	Pichiales	Pichiomycetes		Ascomycota		96.6601	0	3297/10000	True
GCA_029301555.1_ASM2930155v1	Saccharomycetales sp.	6	GCA_030563085.1_ASM3056308v1	Pichia sp. NRRL Y-27259	Pichia	Pichiaceae	Pichiales	Pichiomycetes		Ascomycota		94.1651	0	1721/10000	True
GCA_029301555.1_ASM2930155v1	Saccharomycetales sp.	7	GCA_937857865.1_ERR4757809_bin.16_CONCOCT_v1.1_MAG	Wickerhamiella sorbophila	Wickerhamiella	Trichomonascaceae	Dipodascales	Dipodascomycetes		Ascomycota		83.5045	0	159/10000	True
GCA_029301555.1_ASM2930155v1	Saccharomycetales sp.	8	GCA_029301665.1_ASM2930166v1	Saccharomycetales sp.			Saccharomycetales	Saccharomycetes		Ascomycota		81.3239	0	100/10000	True
GCA_029301555.1_ASM2930155v1	Saccharomycetales sp.	9	GCA_030556025.1_ASM3055602v1	Pichia sp. NRRL YB-4149	Pichia	Pichiaceae	Pichiales	Pichiomycetes		Ascomycota		78.8308	1.09982e-190	59/10000	True
GCA_029301555.1_ASM2930155v1	Saccharomycetales sp.	10	GCA_030220005.1_ASM3022000v1	Pichia manshurica	Pichia	Pichiaceae	Pichiales	Pichiomycetes		Ascomycota		78.4984	6.64812e-173	55/10000	True
GCA_029300795.1_ASM2930079v1	Saccharomycetales sp.	1	GCF_000209165.1_ASM20916v1	Scheffersomyces stipitis	Scheffersomyces	Debaryomycetaceae	Serinales	Pichiomycetes		Ascomycota		99.9438	0	9768/10000	True
GCA_029300795.1_ASM2930079v1	Saccharomycetales sp.	2	GCA_055265985.1_ASM5526598v1	Scheffersomyces stipitis	Scheffersomyces	Debaryomycetaceae	Serinales	Pichiomycetes		Ascomycota		99.6061	0	8529/10000	True
GCA_029300795.1_ASM2930079v1	Saccharomycetales sp.	3	GCA_055265995.1_ASM5526599v1	Scheffersomyces stipitis	Scheffersomyces	Debaryomycetaceae	Serinales	Pichiomycetes		Ascomycota		99.5916	0	8481/10000	True
GCA_029300795.1_ASM2930079v1	Saccharomycetales sp.	4	GCA_016859295.1_ASM1685929v1	Scheffersomyces stipitis	Scheffersomyces	Debaryomycetaceae	Serinales	Pichiomycetes		Ascomycota		99.5864	0	8464/10000	True
GCA_029300795.1_ASM2930079v1	Saccharomycetales sp.	5	GCA_029300705.1_ASM2930070v1	Saccharomycetales sp.			Saccharomycetales	Saccharomycetes		Ascomycota		99.1650	0	7229/10000	True
GCA_029300795.1_ASM2930079v1	Saccharomycetales sp.	6	GCA_029303655.1_ASM2930365v1	Saccharomycetaceae sp.		Saccharomycetaceae	Saccharomycetales	Saccharomycetes		Ascomycota		94.0377	0	1668/10000	True
GCA_029300795.1_ASM2930079v1	Saccharomycetales sp.	7	GCA_030572695.1_ASM3057269v1	Scheffersomyces illinoinensis	Scheffersomyces	Debaryomycetaceae	Serinales	Pichiomycetes		Ascomycota		92.8276	0	1247/10000	True
GCA_029300795.1_ASM2930079v1	Saccharomycetales sp.	8	GCA_029300755.1_ASM2930075v1	Saccharomycetaceae sp.		Saccharomycetaceae	Saccharomycetales	Saccharomycetes		Ascomycota		91.7813	0	977/10000	True
GCA_029300795.1_ASM2930079v1	Saccharomycetales sp.	9	GCA_029300685.1_ASM2930068v1	Saccharomycetaceae sp.		Saccharomycetaceae	Saccharomycetales	Saccharomycetes		Ascomycota		89.4580	0	578/10000	True
GCA_029300795.1_ASM2930079v1	Saccharomycetales sp.	10	GCA_018489445.1_ASM1848944v1	Scheffersomyces segobiensis	Scheffersomyces	Debaryomycetaceae	Serinales	Pichiomycetes		Ascomycota		89.2506	0	552/10000	True
GCA_029300705.1_ASM2930070v1	Saccharomycetales sp.	1	GCA_029300795.1_ASM2930079v1	Saccharomycetales sp.			Saccharomycetales	Saccharomycetes		Ascomycota		99.1650	0	7229/10000	True
GCA_029300705.1_ASM2930070v1	Saccharomycetales sp.	2	GCF_000209165.1_ASM20916v1	Scheffersomyces stipitis	Scheffersomyces	Debaryomycetaceae	Serinales	Pichiomycetes		Ascomycota		99.1346	0	7150/10000	True
GCA_029300705.1_ASM2930070v1	Saccharomycetales sp.	3	GCA_055265985.1_ASM5526598v1	Scheffersomyces stipitis	Scheffersomyces	Debaryomycetaceae	Serinales	Pichiomycetes		Ascomycota		98.7804	0	6314/10000	True
GCA_029300705.1_ASM2930070v1	Saccharomycetales sp.	4	GCA_055265995.1_ASM5526599v1	Scheffersomyces stipitis	Scheffersomyces	Debaryomycetaceae	Serinales	Pichiomycetes		Ascomycota		98.7665	0	6284/10000	True
GCA_029300705.1_ASM2930070v1	Saccharomycetales sp.	5	GCA_016859295.1_ASM1685929v1	Scheffersomyces stipitis	Scheffersomyces	Debaryomycetaceae	Serinales	Pichiomycetes		Ascomycota		98.7619	0	6274/10000	True
GCA_029300705.1_ASM2930070v1	Saccharomycetales sp.	6	GCA_029303655.1_ASM2930365v1	Saccharomycetaceae sp.		Saccharomycetaceae	Saccharomycetales	Saccharomycetes		Ascomycota		93.1930	0	1360/10000	True
GCA_029300705.1_ASM2930070v1	Saccharomycetales sp.	7	GCA_030572695.1_ASM3057269v1	Scheffersomyces illinoinensis	Scheffersomyces	Debaryomycetaceae	Serinales	Pichiomycetes		Ascomycota		92.2181	0	1081/10000	True
GCA_029300705.1_ASM2930070v1	Saccharomycetales sp.	8	GCA_029300755.1_ASM2930075v1	Saccharomycetaceae sp.		Saccharomycetaceae	Saccharomycetales	Saccharomycetes		Ascomycota		91.0849	0	833/10000	True
GCA_029300705.1_ASM2930070v1	Saccharomycetales sp.	9	GCA_018489445.1_ASM1848944v1	Scheffersomyces segobiensis	Scheffersomyces	Debaryomycetaceae	Serinales	Pichiomycetes		Ascomycota		88.7020	0	489/10000	True
GCA_029300705.1_ASM2930070v1	Saccharomycetales sp.	10	GCA_030564745.1_ASM3056474v1	Scheffersomyces segobiensis	Scheffersomyces	Debaryomycetaceae	Serinales	Pichiomycetes		Ascomycota		87.6934	0	392/10000	True
GCA_057557315.1_ASM5755731v1	Saccharomycetes sp.	1	GCF_011074885.1_ASM1107488v2	Brettanomyces bruxellensis	Brettanomyces	Pichiaceae	Pichiales	Pichiomycetes		Ascomycota		98.2311	0	5264/10000	True
GCA_057557315.1_ASM5755731v1	Saccharomycetes sp.	2	GCA_016906875.1_ASM1690687v1	Brettanomyces sp. HC-2020a	Brettanomyces	Pichiaceae	Pichiales	Pichiomycetes		Ascomycota		97.7752	0	4564/10000	True
GCA_057557315.1_ASM5755731v1	Saccharomycetes sp.	3	GCA_000340765.1_Dekkera_bruxellensis_CBS_2499_v2.0	Brettanomyces bruxellensis	Brettanomyces	Pichiaceae	Pichiales	Pichiomycetes		Ascomycota		97.7165	0	4483/10000	True
GCA_057557315.1_ASM5755731v1	Saccharomycetes sp.	4	GCA_014176175.1_P.AWRI1613	Brettanomyces bruxellensis	Brettanomyces	Pichiaceae	Pichiales	Pichiomycetes		Ascomycota		97.7106	0	4475/10000	True
GCA_057557315.1_ASM5755731v1	Saccharomycetes sp.	5	GCA_900186115.1_UMY321ace	Brettanomyces bruxellensis	Brettanomyces	Pichiaceae	Pichiales	Pichiomycetes		Ascomycota		97.7010	0	4462/10000	True
GCA_057557315.1_ASM5755731v1	Saccharomycetes sp.	6	GCA_012295375.1_ASM1229537v1	Brettanomyces bruxellensis	Brettanomyces	Pichiaceae	Pichiales	Pichiomycetes		Ascomycota		97.6736	0	4425/10000	True
GCA_057557315.1_ASM5755731v1	Saccharomycetes sp.	7	GCA_018346845.1_ASM1834684v1	Brettanomyces bruxellensis	Brettanomyces	Pichiaceae	Pichiales	Pichiomycetes		Ascomycota		97.5778	0	4299/10000	True
GCA_057557315.1_ASM5755731v1	Saccharomycetes sp.	8	GCA_001719535.1_ASM171953v1	Brettanomyces bruxellensis	Brettanomyces	Pichiaceae	Pichiales	Pichiomycetes		Ascomycota		97.4565	0	4146/10000	True
GCA_057557315.1_ASM5755731v1	Saccharomycetes sp.	9	GCA_019923885.1_AWRI_1499_Dip-1.0_A1A2	Brettanomyces bruxellensis	Brettanomyces	Pichiaceae	Pichiales	Pichiomycetes		Ascomycota		97.3292	0	3993/10000	True
GCA_057557315.1_ASM5755731v1	Saccharomycetes sp.	10	GCA_029301595.1_ASM2930159v1	Saccharomycetales sp.			Saccharomycetales	Saccharomycetes		Ascomycota		97.2391	0	3889/10000	True
GCA_029299855.1_ASM2929985v1	Saccharomycopsidaceae sp.	1	GCA_012062855.1_ASM1206285v1	Saccharomycopsis fibuligera	Saccharomycopsis	Saccharomycopsidaceae	Ascoideales	Saccharomycetes		Ascomycota		97.5986	0	4326/10000	True
GCA_029299855.1_ASM2929985v1	Saccharomycopsidaceae sp.	2	GCA_048164895.1_ASM4816489v1	Saccharomycopsis crataegensis	Saccharomycopsis	Saccharomycopsidaceae	Ascoideales	Saccharomycetes		Ascomycota		97.5986	0	4326/10000	True
GCA_029299855.1_ASM2929985v1	Saccharomycopsidaceae sp.	3	GCA_001936155.1_KPH12	Saccharomycopsis fibuligera	Saccharomycopsis	Saccharomycopsidaceae	Ascoideales	Saccharomycetes		Ascomycota		97.5963	0	4323/10000	True
GCA_029299855.1_ASM2929985v1	Saccharomycopsidaceae sp.	4	GCA_003271645.1_ASM327164v1	Saccharomyces cerevisiae	Saccharomyces	Saccharomycetaceae	Saccharomycetales	Saccharomycetes		Ascomycota		97.1173	0	3754/10000	True
GCA_029299855.1_ASM2929985v1	Saccharomycopsidaceae sp.	5	GCA_003273585.1_ASM327358v1	Saccharomyces cerevisiae	Saccharomyces	Saccharomycetaceae	Saccharomycetales	Saccharomycetes		Ascomycota		97.1118	0	3748/10000	True
GCA_029299855.1_ASM2929985v1	Saccharomycopsidaceae sp.	6	GCA_019394315.1_ASM1939431v1	Saccharomyces cerevisiae	Saccharomyces	Saccharomycetaceae	Saccharomycetales	Saccharomycetes		Ascomycota		97.1053	0	3741/10000	True
GCA_029299855.1_ASM2929985v1	Saccharomycopsidaceae sp.	7	GCA_003271675.1_ASM327167v1	Saccharomyces cerevisiae	Saccharomyces	Saccharomycetaceae	Saccharomycetales	Saccharomycetes		Ascomycota		97.1035	0	3739/10000	True
GCA_029299855.1_ASM2929985v1	Saccharomycopsidaceae sp.	8	GCA_003273685.1_ASM327368v1	Saccharomyces cerevisiae	Saccharomyces	Saccharomycetaceae	Saccharomycetales	Saccharomycetes		Ascomycota		97.0998	0	3735/10000	True
GCA_029299855.1_ASM2929985v1	Saccharomycopsidaceae sp.	9	GCA_017866565.1_ASM1786656v1	Saccharomyces cerevisiae	Saccharomyces	Saccharomycetaceae	Saccharomycetales	Saccharomycetes		Ascomycota		97.0951	0	3730/10000	True
GCA_029299855.1_ASM2929985v1	Saccharomycopsidaceae sp.	10	GCA_003271705.1_ASM327170v1	Saccharomyces cerevisiae	Saccharomyces	Saccharomycetaceae	Saccharomycetales	Saccharomycetes		Ascomycota		97.0886	0	3723/10000	True
GCA_029299835.1_ASM2929983v1	Saccharomycopsidaceae sp.	1	GCA_001936155.1_KPH12	Saccharomycopsis fibuligera	Saccharomycopsis	Saccharomycopsidaceae	Ascoideales	Saccharomycetes		Ascomycota		92.4421	0	1139/10000	True
GCA_029299835.1_ASM2929983v1	Saccharomycopsidaceae sp.	2	GCA_048164895.1_ASM4816489v1	Saccharomycopsis crataegensis	Saccharomycopsis	Saccharomycopsidaceae	Ascoideales	Saccharomycetes		Ascomycota		92.4346	0	1137/10000	True
GCA_029299835.1_ASM2929983v1	Saccharomycopsidaceae sp.	3	GCA_012062855.1_ASM1206285v1	Saccharomycopsis fibuligera	Saccharomycopsis	Saccharomycopsidaceae	Ascoideales	Saccharomycetes		Ascomycota		92.4233	0	1134/10000	True
GCA_029299835.1_ASM2929983v1	Saccharomycopsidaceae sp.	4	GCA_040365455.1_JCM_7609_assembly_v001	Saccharomycopsis fibuligera	Saccharomycopsis	Saccharomycopsidaceae	Ascoideales	Saccharomycetes		Ascomycota		91.9508	0	1016/10000	True
GCA_029299835.1_ASM2929983v1	Saccharomycopsidaceae sp.	5	GCA_023497445.1_ASM2349744v1	Saccharomycopsis fibuligera	Saccharomycopsis	Saccharomycopsidaceae	Ascoideales	Saccharomycetes		Ascomycota		91.8517	0	993/10000	True
GCA_029299835.1_ASM2929983v1	Saccharomycopsidaceae sp.	6	GCA_001936275.1_ATCC36309	Saccharomycopsis fibuligera	Saccharomycopsis	Saccharomycopsidaceae	Ascoideales	Saccharomycetes		Ascomycota		91.6733	0	953/10000	True
GCA_029299835.1_ASM2929983v1	Saccharomycopsidaceae sp.	7	GCA_031126305.1_ASM3112630v1	Saccharomycopsis fibuligera	Saccharomycopsis	Saccharomycopsidaceae	Ascoideales	Saccharomycetes		Ascomycota		91.5996	0	937/10000	True
GCA_029299835.1_ASM2929983v1	Saccharomycopsidaceae sp.	8	GCA_030583195.1_ASM3058319v1	Saccharomycopsis fibuligera	Saccharomycopsis	Saccharomycopsidaceae	Ascoideales	Saccharomycetes		Ascomycota		91.5340	0	923/10000	True
GCA_029299835.1_ASM2929983v1	Saccharomycopsidaceae sp.	9	GCA_031126225.1_ASM3112622v1	Saccharomycopsis fibuligera	Saccharomycopsis	Saccharomycopsidaceae	Ascoideales	Saccharomycetes		Ascomycota		91.1685	0	849/10000	True
GCA_029299835.1_ASM2929983v1	Saccharomycopsidaceae sp.	10	GCA_049306565.1_ASM4930656v1	Saccharomycopsis fibuligera	Saccharomycopsis	Saccharomycopsidaceae	Ascoideales	Saccharomycetes		Ascomycota		90.7267	0	768/10000	True
GCA_022457085.1_ASM2245708v1	Saccharomycotina sp. CBS 16003	1	GCA_022023595.1_ASM2202359v1	Sungouiella thailandica	Sungouiella	Metschnikowiaceae	Serinales	Pichiomycetes		Ascomycota		96.6064	0	3248/10000	True
GCA_022457085.1_ASM2245708v1	Saccharomycotina sp. CBS 16003	2	GCA_022023575.1_ASM2202357v1	Geotrichum ghanense	Geotrichum	Dipodascaceae	Dipodascales	Dipodascomycetes		Ascomycota		74.1507	2.29858e-54	22/10000	True
GCA_022457085.1_ASM2245708v1	Saccharomycotina sp. CBS 16003	3	GCA_044232465.1_ASM4423246v1	Cunninghamella bainieri	Cunninghamella	Cunninghamellaceae	Mucorales	Mucoromycetes		Mucoromycota		72.6371	2.14001e-34	16/10000	True
GCA_022457085.1_ASM2245708v1	Saccharomycotina sp. CBS 16003	4	GCA_030566815.1_ASM3056681v1	Sungouiella suratensis	Sungouiella	Metschnikowiaceae	Serinales	Pichiomycetes		Ascomycota		72.3303	5.83473e-37	15/10000	True
GCA_022457085.1_ASM2245708v1	Saccharomycotina sp. CBS 16003	5	GCA_056151365.1_ASM5615136v1	Sungouiella pseudointermedia	Sungouiella	Metschnikowiaceae	Serinales	Pichiomycetes		Ascomycota		72.3303	1.27232e-36	15/10000	True
GCA_022457085.1_ASM2245708v1	Saccharomycotina sp. CBS 16003	6	GCA_000597565.1_DAOM197198w_N31nuc_v1	Rhizophagus irregularis	Rhizophagus	Glomeraceae	Glomerales	Glomeromycetes		Glomeromycota		72.0022	1.22406e-27	14/10000	True
GCA_022457085.1_ASM2245708v1	Saccharomycotina sp. CBS 16003	7	GCA_023158955.1_ASM2315895v1	Sungouiella xylosa	Sungouiella	Metschnikowiaceae	Serinales	Pichiomycetes		Ascomycota		72.0022	1.15474e-33	14/10000	True
GCA_022457085.1_ASM2245708v1	Saccharomycotina sp. CBS 16003	8	GCA_030573325.1_ASM3057332v1	Sungouiella dosseyi	Sungouiella	Metschnikowiaceae	Serinales	Pichiomycetes		Ascomycota		72.0022	7.429e-35	14/10000	True
GCA_022457085.1_ASM2245708v1	Saccharomycotina sp. CBS 16003	9	GCA_030575135.1_ASM3057513v1	Sungouiella intermedia	Sungouiella	Metschnikowiaceae	Serinales	Pichiomycetes		Ascomycota		72.0022	1.96e-34	14/10000	True
GCA_022457085.1_ASM2245708v1	Saccharomycotina sp. CBS 16003	10	GCA_900106115.1_CBS_141442_assembly	Sungouiella intermedia	Sungouiella	Metschnikowiaceae	Serinales	Pichiomycetes		Ascomycota		72.0022	2.20153e-34	14/10000	True
GCA_054471075.1_ASM5447107v1	Saccharomycotina sp. YJ-2025a	1	GCA_054771755.1_JCM5354_assembly01	Erythrobasidium elongatum	Erythrobasidium	Erythrobasidiaceae	Erythrobasidiales	Cystobasidiomycetes		Basidiomycota		71.2691	6.9555e-29	12/10000	True
GCA_054471075.1_ASM5447107v1	Saccharomycotina sp. YJ-2025a	2	GCA_060229845.1_ASM6022984v1	Symmetrospora sp. CLIB4444	Symmetrospora	Symmetrosporaceae		Cystobasidiomycetes		Basidiomycota		71.2691	9.67592e-29	12/10000	True
GCA_054471075.1_ASM5447107v1	Saccharomycotina sp. YJ-2025a	3	GCA_008802785.1_ASM880278v1	Symmetrospora coprosmae	Symmetrospora	Symmetrosporaceae		Cystobasidiomycetes		Basidiomycota		70.4019	2.22151e-23	10/10000	True
GCA_054471075.1_ASM5447107v1	Saccharomycotina sp. YJ-2025a	4	GCA_045934365.1_ASM4593436v1	Tilletia rugispora	Tilletia	Tilletiaceae	Tilletiales	Exobasidiomycetes		Basidiomycota		70.4019	3.18357e-23	10/10000	True
GCA_054471075.1_ASM5447107v1	Saccharomycotina sp. YJ-2025a	5	GCA_015501985.1_ASM1550198v1	Rhodotorula glutinis	Rhodotorula	Sporidiobolaceae	Sporidiobolales	Microbotryomycetes		Basidiomycota		68.7048	1.55097e-15	7/10000	True
GCA_054471075.1_ASM5447107v1	Saccharomycotina sp. YJ-2025a	6	GCA_050403145.1_Rt_glutinis_JCM8208v1	Rhodotorula glutinis	Rhodotorula	Sporidiobolaceae	Sporidiobolales	Microbotryomycetes		Basidiomycota		68.7048	1.2088e-15	7/10000	True
GCA_054471075.1_ASM5447107v1	Saccharomycotina sp. YJ-2025a	7	GCA_920103745.3_Hybrid_genome_assembly_and_annotation	Rhodotorula glutinis	Rhodotorula	Sporidiobolaceae	Sporidiobolales	Microbotryomycetes		Basidiomycota		68.7048	1.69323e-15	7/10000	True
GCA_054471075.1_ASM5447107v1	Saccharomycotina sp. YJ-2025a	8	GCA_000230245.1_ASM23024v1	Sporisorium reilianum	Sporisorium	Ustilaginaceae	Ustilaginales	Ustilaginomycetes		Basidiomycota		67.9713	2.27116e-13	6/10000	True
GCA_054471075.1_ASM5447107v1	Saccharomycotina sp. YJ-2025a	9	GCA_000616785.1_Tric_rubr_H6_V2	Trichophyton interdigitale	Trichophyton	Arthrodermataceae	Onygenales	Eurotiomycetes		Ascomycota		67.9713	3.43186e-13	6/10000	True
GCA_054471075.1_ASM5447107v1	Saccharomycotina sp. YJ-2025a	10	GCA_000622975.1_Tric_inte_MR816_V1	Trichophyton interdigitale	Trichophyton	Arthrodermataceae	Onygenales	Eurotiomycetes		Ascomycota		67.9713	4.07581e-13	6/10000	True
GCA_054471015.1_ASM5447101v1	Saccharomycotina sp. YJ-2025b	1	GCA_052696405.1_DUKE_Asor_1.0	Microbotryomycetes sp. NB124-2				Microbotryomycetes		Basidiomycota		98.0565	0	4980/10000	True
GCA_054471015.1_ASM5447101v1	Saccharomycotina sp. YJ-2025b	2	GCA_033819885.2_DUKE_Aeri_2.0	Microbotryomycetes sp. JL201				Microbotryomycetes		Basidiomycota		75.7795	2.27354e-87	31/10000	True
GCA_054471015.1_ASM5447101v1	Saccharomycotina sp. YJ-2025b	3	GCA_003665825.1_ASM366582v1	Microbotryum silenes-acaulis	Microbotryum	Microbotryaceae	Microbotryales	Microbotryomycetes		Basidiomycota		71.2691	1.26617e-28	12/10000	True
GCA_054471015.1_ASM5447101v1	Saccharomycotina sp. YJ-2025b	4	GCA_050403285.1_S_blumeae_JCM10212v1	Sporobolomyces blumeae	Sporobolomyces	Sporidiobolaceae	Sporidiobolales	Microbotryomycetes		Basidiomycota		71.2691	1.59956e-29	12/10000	True
GCA_054471015.1_ASM5447101v1	Saccharomycotina sp. YJ-2025b	5	GCA_003121355.1_MvSl-1318_A2	Microbotryum lychnidis-dioicae	Microbotryum	Microbotryaceae	Microbotryales	Microbotryomycetes		Basidiomycota		70.8553	7.34814e-26	11/10000	True
GCA_054471015.1_ASM5447101v1	Saccharomycotina sp. YJ-2025b	6	GCA_003121365.1_MvSl-1318_A1	Microbotryum lychnidis-dioicae	Microbotryum	Microbotryaceae	Microbotryales	Microbotryomycetes		Basidiomycota		70.8553	6.72182e-26	11/10000	True
GCA_054471015.1_ASM5447101v1	Saccharomycotina sp. YJ-2025b	7	GCA_005281665.1_ASM528166v1	Rhodotorula paludigena	Rhodotorula	Sporidiobolaceae	Sporidiobolales	Microbotryomycetes		Basidiomycota		70.8553	1.13655e-26	11/10000	True
GCA_054471015.1_ASM5447101v1	Saccharomycotina sp. YJ-2025b	8	GCA_014805725.1_ASM1480572v1	Microbotryum silenes-dioicae	Microbotryum	Microbotryaceae	Microbotryales	Microbotryomycetes		Basidiomycota		70.8553	9.98645e-26	11/10000	True
GCA_054471015.1_ASM5447101v1	Saccharomycotina sp. YJ-2025b	9	GCA_022505995.1_ASM2250599v1	Microbotryum violaceum	Microbotryum	Microbotryaceae	Microbotryales	Microbotryomycetes		Basidiomycota		70.8553	6.96577e-26	11/10000	True
GCA_054471015.1_ASM5447101v1	Saccharomycotina sp. YJ-2025b	10	GCA_022506015.1_ASM2250601v1	Microbotryum violaceum	Microbotryum	Microbotryaceae	Microbotryales	Microbotryomycetes		Basidiomycota		70.8553	6.88397e-26	11/10000	True
GCA_021347865.1_ASM2134786v1	Sarocladiaceae sp. CBMAI 1973	1	GCA_042370655.1_Acrst1	Sarocladium strictum	Sarocladium	Sarocladiaceae	Hypocreales	Sordariomycetes		Ascomycota		94.4572	0	1850/10000	True
GCA_021347865.1_ASM2134786v1	Sarocladiaceae sp. CBMAI 1973	2	GCA_048934535.1_HSRZ1Dup1_V1.0	Sarocladium zeae	Sarocladium	Sarocladiaceae	Hypocreales	Sordariomycetes		Ascomycota		77.7536	1.37083e-125	47/10000	True
GCA_021347865.1_ASM2134786v1	Sarocladiaceae sp. CBMAI 1973	3	GCA_020740345.1_ASM2074034v1	Calonectria ilicicola	Calonectria	Nectriaceae	Hypocreales	Sordariomycetes		Ascomycota		77.5475	6.58868e-119	45/10000	True
GCA_021347865.1_ASM2134786v1	Sarocladiaceae sp. CBMAI 1973	4	GCA_030734395.1_ASM3073439v1	Sarocladium kiliense	Sarocladium	Sarocladiaceae	Hypocreales	Sordariomycetes		Ascomycota		77.5475	5.81434e-119	45/10000	True
GCA_021347865.1_ASM2134786v1	Sarocladiaceae sp. CBMAI 1973	5	GCA_051527415.1_YNP38	Sarocladium sp. G79	Sarocladium	Sarocladiaceae	Hypocreales	Sordariomycetes		Ascomycota		76.7457	1.86296e-99	38/10000	True
GCA_021347865.1_ASM2134786v1	Sarocladiaceae sp. CBMAI 1973	6	GCA_051528815.1_YNP77	Sarocladium sp. G77	Sarocladium	Sarocladiaceae	Hypocreales	Sordariomycetes		Ascomycota		76.6192	2.04477e-96	37/10000	True
GCA_021347865.1_ASM2134786v1	Sarocladiaceae sp. CBMAI 1973	7	GCA_001605845.1_ASM160584v1	Sarocladium oryzae	Sarocladium	Sarocladiaceae	Hypocreales	Sordariomycetes		Ascomycota		75.9302	8.79482e-82	32/10000	True
GCA_021347865.1_ASM2134786v1	Sarocladiaceae sp. CBMAI 1973	8	GCA_001972265.1_JCM_12450_assembly_v001	Sarocladium oryzae	Sarocladium	Sarocladiaceae	Hypocreales	Sordariomycetes		Ascomycota		75.9302	2.15093e-81	32/10000	True
GCA_021347865.1_ASM2134786v1	Sarocladiaceae sp. CBMAI 1973	9	GCA_040543105.1_ASM4054310v1	Sarocladium oryzae	Sarocladium	Sarocladiaceae	Hypocreales	Sordariomycetes		Ascomycota		75.7795	2.01669e-78	31/10000	True
GCA_021347865.1_ASM2134786v1	Sarocladiaceae sp. CBMAI 1973	10	GCA_040543115.1_ASM4054311v1	Sarocladium attenuatum	Sarocladium	Sarocladiaceae	Hypocreales	Sordariomycetes		Ascomycota		75.6239	2.98428e-75	30/10000	True
GCA_023628655.1_ASM2362865v1	Sarocladiaceae sp. R1802	1	GCA_021176775.1_ASM2117677v1	Sarocladium implicatum	Sarocladium	Sarocladiaceae	Hypocreales	Sordariomycetes		Ascomycota		99.4706	0	8096/10000	True
GCA_023628655.1_ASM2362865v1	Sarocladiaceae sp. R1802	2	GCA_058129405.1_ASM5812940v1	Sarocladium sp. Y-1	Sarocladium	Sarocladiaceae	Hypocreales	Sordariomycetes		Ascomycota		99.4530	0	8042/10000	True
GCA_023628655.1_ASM2362865v1	Sarocladiaceae sp. R1802	3	GCA_052399015.1_ASM5239901v1	Cordyceps gunnii	Cordyceps	Cordycipitaceae	Hypocreales	Sordariomycetes		Ascomycota		98.2205	0	5246/10000	True
GCA_023628655.1_ASM2362865v1	Sarocladiaceae sp. R1802	4	GCA_032173455.1_Cf_hybrid	Ceratocystis fimbriata	Ceratocystis	Ceratocystidaceae	Microascales	Sordariomycetes		Ascomycota		81.5986	3.60668e-322	106/10000	True
GCA_023628655.1_ASM2362865v1	Sarocladiaceae sp. R1802	5	GCA_051527415.1_YNP38	Sarocladium sp. G79	Sarocladium	Sarocladiaceae	Hypocreales	Sordariomycetes		Ascomycota		76.8689	8.23839e-104	39/10000	True
GCA_023628655.1_ASM2362865v1	Sarocladiaceae sp. R1802	6	GCA_030435815.1_ASM3043581v1	Sarocladium strictum	Sarocladium	Sarocladiaceae	Hypocreales	Sordariomycetes		Ascomycota		76.6192	1.75507e-97	37/10000	True
GCA_023628655.1_ASM2362865v1	Sarocladiaceae sp. R1802	7	GCA_051528815.1_YNP77	Sarocladium sp. G77	Sarocladium	Sarocladiaceae	Hypocreales	Sordariomycetes		Ascomycota		76.4892	1.14388e-94	36/10000	True
GCA_023628655.1_ASM2362865v1	Sarocladiaceae sp. R1802	8	GCA_042370655.1_Acrst1	Sarocladium strictum	Sarocladium	Sarocladiaceae	Hypocreales	Sordariomycetes		Ascomycota		76.2180	9.09532e-88	34/10000	True
GCA_023628655.1_ASM2362865v1	Sarocladiaceae sp. R1802	9	GCA_056633415.1_ASM5663341v1	Sarocladium zeae	Sarocladium	Sarocladiaceae	Hypocreales	Sordariomycetes		Ascomycota		76.0763	1.1634e-85	33/10000	True
GCA_023628655.1_ASM2362865v1	Sarocladiaceae sp. R1802	10	GCA_020740345.1_ASM2074034v1	Calonectria ilicicola	Calonectria	Nectriaceae	Hypocreales	Sordariomycetes		Ascomycota		75.9302	1.64323e-81	32/10000	True
GCA_019633565.1_Serend407_1.0	Serendipita sp. 407	1	GCA_019627725.1_Serend401_1.0	Serendipita sp. 401	Serendipita	Serendipitaceae	Sebacinales	Agaricomycetes		Basidiomycota		99.3033	0	7604/10000	True
GCA_019633565.1_Serend407_1.0	Serendipita sp. 407	2	GCA_019623675.1_Serend398_1.0	Serendipita sp. 398	Serendipita	Serendipitaceae	Sebacinales	Agaricomycetes		Basidiomycota		98.1869	0	5190/10000	True
GCA_019633565.1_Serend407_1.0	Serendipita sp. 407	3	GCA_019623665.1_Serend397_1.0	Serendipita sp. 397	Serendipita	Serendipitaceae	Sebacinales	Agaricomycetes		Basidiomycota		98.1306	0	5098/10000	True
GCA_019633565.1_Serend407_1.0	Serendipita sp. 407	4	GCA_019627745.1_Serend405_1.0	Serendipita sp. 405	Serendipita	Serendipitaceae	Sebacinales	Agaricomycetes		Basidiomycota		98.1157	0	5074/10000	True
GCA_019633565.1_Serend407_1.0	Serendipita sp. 407	5	GCA_019627755.1_Serend411_1.0	Serendipita sp. 411	Serendipita	Serendipitaceae	Sebacinales	Agaricomycetes		Basidiomycota		97.9501	0	4817/10000	True
GCA_019633565.1_Serend407_1.0	Serendipita sp. 407	6	GCA_019616975.1_Serend396_1.0	Serendipita sp. 396	Serendipita	Serendipitaceae	Sebacinales	Agaricomycetes		Basidiomycota		97.7916	0	4587/10000	True
GCA_019633565.1_Serend407_1.0	Serendipita sp. 407	7	GCA_019627735.1_Serend400_1.0	Serendipita sp. 400	Serendipita	Serendipitaceae	Sebacinales	Agaricomycetes		Basidiomycota		97.7831	0	4575/10000	True
GCA_019633565.1_Serend407_1.0	Serendipita sp. 407	8	GCA_019627685.1_Serend399_1.0	Serendipita sp. 399	Serendipita	Serendipitaceae	Sebacinales	Agaricomycetes		Basidiomycota		76.4892	1.52272e-96	36/10000	True
GCA_019633565.1_Serend407_1.0	Serendipita sp. 407	9	GCA_019616945.1_Cerato414_1.0	Ceratobasidium sp. 414	Ceratobasidium	Ceratobasidiaceae	Cantharellales	Agaricomycetes		Basidiomycota		73.6978	1.82137e-47	20/10000	True
GCA_019633565.1_Serend407_1.0	Serendipita sp. 407	10	GCA_025134825.1_LMA-1150_v1	Geotrichum citri-aurantii	Geotrichum	Dipodascaceae	Dipodascales	Dipodascomycetes		Ascomycota		68.7048	2.98013e-15	7/10000	True
GCA_053477585.1_ASM5347758v1	Sinodiscula camellicola	1	GCA_003012995.1_ASM301299v1	Juglanconis oblonga	Juglanconis	Juglanconidaceae	Diaporthales	Sordariomycetes		Ascomycota		76.6192	9.17559e-93	37/10000	True
GCA_053477585.1_ASM5347758v1	Sinodiscula camellicola	2	GCA_003013055.1_ASM301305v1	Juglanconis sp. DMW523	Juglanconis	Juglanconidaceae	Diaporthales	Sordariomycetes		Ascomycota		76.6192	4.94153e-93	37/10000	True
GCA_053477585.1_ASM5347758v1	Sinodiscula camellicola	3	GCA_003012975.1_ASM301297v1	Juglanconis juglandina	Juglanconis	Juglanconidaceae	Diaporthales	Sordariomycetes		Ascomycota		76.2180	1.15724e-83	34/10000	True
GCA_053477585.1_ASM5347758v1	Sinodiscula camellicola	4	GCA_003012965.1_ASM301296v1	Juglanconis oblonga	Juglanconis	Juglanconidaceae	Diaporthales	Sordariomycetes		Ascomycota		76.0763	4.16029e-81	33/10000	True
GCA_053477585.1_ASM5347758v1	Sinodiscula camellicola	5	GCA_014849955.1_ASM1484995v1	Cryphonectria carpinicola	Cryphonectria	Cryphonectriaceae	Diaporthales	Sordariomycetes		Ascomycota		76.0763	2.39474e-81	33/10000	True
GCA_053477585.1_ASM5347758v1	Sinodiscula camellicola	6	GCA_014850475.1_ASM1485047v1	Cryphonectria naterciae	Cryphonectria	Cryphonectriaceae	Diaporthales	Sordariomycetes		Ascomycota		75.9302	5.94342e-79	32/10000	True
GCA_053477585.1_ASM5347758v1	Sinodiscula camellicola	7	GCA_014850565.1_ASM1485056v1	Cryphonectria naterciae	Cryphonectria	Cryphonectriaceae	Diaporthales	Sordariomycetes		Ascomycota		75.9302	5.63031e-79	32/10000	True
GCA_053477585.1_ASM5347758v1	Sinodiscula camellicola	8	GCA_014849695.1_ASM1484969v1	Cryphonectria carpinicola	Cryphonectria	Cryphonectriaceae	Diaporthales	Sordariomycetes		Ascomycota		75.7795	9.43733e-76	31/10000	True
GCA_053477585.1_ASM5347758v1	Sinodiscula camellicola	9	GCA_015678955.1_ASM1567895v1	Chrysoporthe puriensis	Chrysoporthe	Cryphonectriaceae	Diaporthales	Sordariomycetes		Ascomycota		75.6239	1.84687e-72	30/10000	True
GCA_053477585.1_ASM5347758v1	Sinodiscula camellicola	10	GCA_001282315.2_ASM128231v2	Chrysoporthe cubensis	Chrysoporthe	Cryphonectriaceae	Diaporthales	Sordariomycetes		Ascomycota		75.4629	8.09498e-70	29/10000	True
GCA_029295265.1_ASM2929526v1	Sordariomycetes sp.	1	GCA_029295075.1_ASM2929507v1	Sordariomycetes sp.				Sordariomycetes		Ascomycota		96.7320	0	3364/10000	True
GCA_029295265.1_ASM2929526v1	Sordariomycetes sp.	2	GCA_029295655.1_ASM2929565v1	Hypocreales sp.			Hypocreales	Sordariomycetes		Ascomycota		93.0994	0	1330/10000	True
GCA_029295265.1_ASM2929526v1	Sordariomycetes sp.	3	GCA_029295175.1_ASM2929517v1	Sordariomycetes sp.				Sordariomycetes		Ascomycota		89.0154	0	524/10000	True
GCA_029295265.1_ASM2929526v1	Sordariomycetes sp.	4	GCA_029294915.1_ASM2929491v1	Sordariomycetes sp.				Sordariomycetes		Ascomycota		87.0124	0	338/10000	True
GCA_029295265.1_ASM2929526v1	Sordariomycetes sp.	5	GCA_040285535.1_ASM4028553v1	Plectosphaerella cucumerina	Plectosphaerella	Plectosphaerellaceae	Glomerellales	Sordariomycetes		Ascomycota		70.8553	3.04421e-25	11/10000	True
GCA_029295265.1_ASM2929526v1	Sordariomycetes sp.	6	GCA_020464245.1_42872	Colletotrichum fioriniae	Colletotrichum	Glomerellaceae	Glomerellales	Sordariomycetes		Ascomycota		70.4019	3.21733e-22	10/10000	True
GCA_029295265.1_ASM2929526v1	Sordariomycetes sp.	7	GCA_020466255.1_42949	Colletotrichum fioriniae	Colletotrichum	Glomerellaceae	Glomerellales	Sordariomycetes		Ascomycota		70.4019	3.43523e-22	10/10000	True
GCA_029295265.1_ASM2929526v1	Sordariomycetes sp.	8	GCA_020746995.1_Plecuc1	Plectosphaerella cucumerina	Plectosphaerella	Plectosphaerellaceae	Glomerellales	Sordariomycetes		Ascomycota		70.4019	1.28745e-22	10/10000	True
GCA_029295265.1_ASM2929526v1	Sordariomycetes sp.	9	GCA_026653475.1_CGRA15	Colletotrichum graminicola	Colletotrichum	Glomerellaceae	Glomerellales	Sordariomycetes		Ascomycota		70.4019	2.86693e-22	10/10000	True
GCA_029295265.1_ASM2929526v1	Sordariomycetes sp.	10	GCA_026656465.1_CGRA13	Colletotrichum graminicola	Colletotrichum	Glomerellaceae	Glomerellales	Sordariomycetes		Ascomycota		70.4019	2.47257e-22	10/10000	True
GCA_029295175.1_ASM2929517v1	Sordariomycetes sp.	1	GCA_029295265.1_ASM2929526v1	Sordariomycetes sp.				Sordariomycetes		Ascomycota		89.0154	0	524/10000	True
GCA_029295175.1_ASM2929517v1	Sordariomycetes sp.	2	GCA_029295655.1_ASM2929565v1	Hypocreales sp.			Hypocreales	Sordariomycetes		Ascomycota		88.7665	0	496/10000	True
GCA_029295175.1_ASM2929517v1	Sordariomycetes sp.	3	GCA_029294915.1_ASM2929491v1	Sordariomycetes sp.				Sordariomycetes		Ascomycota		83.7063	0	166/10000	True
GCA_029295175.1_ASM2929517v1	Sordariomycetes sp.	4	GCA_000813385.1_ASM81338v1	Cytospora mali	Cytospora	Cytosporaceae	Diaporthales	Sordariomycetes		Ascomycota		66.0414	2.31869e-10	4/10000	True
GCA_029295175.1_ASM2929517v1	Sordariomycetes sp.	5	GCA_022392925.1_ASM2239292v1	Ophiostoma tasmaniense	Ophiostoma	Ophiostomataceae	Ophiostomatales	Sordariomycetes		Ascomycota		66.0414	2.22835e-10	4/10000	True
GCA_029295175.1_ASM2929517v1	Sordariomycetes sp.	6	GCA_023375675.1_ASM2337567v1	Cytospora piceicola	Cytospora	Cytosporaceae	Diaporthales	Sordariomycetes		Ascomycota		66.0414	2.51299e-10	4/10000	True
GCA_029295175.1_ASM2929517v1	Sordariomycetes sp.	7	GCA_033439705.1_Cersc1	Cercophora scortea	Cercophora	Lasiosphaeriaceae	Sordariales	Sordariomycetes		Ascomycota		66.0414	2.43424e-10	4/10000	True
GCA_029295175.1_ASM2929517v1	Sordariomycetes sp.	8	GCA_000732205.1_ASM73220v1	Verticillium tricorpus	Verticillium	Plectosphaerellaceae	Glomerellales	Sordariomycetes		Ascomycota		64.6720	1.0765e-07	3/10000	True
GCA_029295175.1_ASM2929517v1	Sordariomycetes sp.	9	GCA_000818155.1_ASM81815v1	Cytospora mali	Cytospora	Cytosporaceae	Diaporthales	Sordariomycetes		Ascomycota		64.6720	1.14412e-07	3/10000	True
GCA_029295175.1_ASM2929517v1	Sordariomycetes sp.	10	GCA_001630395.1_ASM163039v1	Aspergillus terreus	Aspergillus	Aspergillaceae	Eurotiales	Eurotiomycetes		Ascomycota		64.6720	1.00226e-07	3/10000	True
GCA_029295075.1_ASM2929507v1	Sordariomycetes sp.	1	GCA_029295265.1_ASM2929526v1	Sordariomycetes sp.				Sordariomycetes		Ascomycota		96.7320	0	3364/10000	True
GCA_029295075.1_ASM2929507v1	Sordariomycetes sp.	2	GCA_029295655.1_ASM2929565v1	Hypocreales sp.			Hypocreales	Sordariomycetes		Ascomycota		93.0867	0	1326/10000	True
GCA_029295075.1_ASM2929507v1	Sordariomycetes sp.	3	GCA_029294915.1_ASM2929491v1	Sordariomycetes sp.				Sordariomycetes		Ascomycota		89.0326	0	526/10000	True
GCA_029295075.1_ASM2929507v1	Sordariomycetes sp.	4	GCA_042257625.1_ASM4225762v1	Diaporthe australafricana	Diaporthe	Diaporthaceae	Diaporthales	Sordariomycetes		Ascomycota		72.3303	1.41621e-32	15/10000	True
GCA_029295075.1_ASM2929507v1	Sordariomycetes sp.	5	GCA_042258035.1_ASM4225803v1	Diaporthe australafricana	Diaporthe	Diaporthaceae	Diaporthales	Sordariomycetes		Ascomycota		72.3303	1.43537e-32	15/10000	True
GCA_029295075.1_ASM2929507v1	Sordariomycetes sp.	6	GCA_039880735.1_ASM3988073v1	Diaporthe australafricana	Diaporthe	Diaporthaceae	Diaporthales	Sordariomycetes		Ascomycota		71.2691	4.44011e-25	12/10000	True
GCA_029295075.1_ASM2929507v1	Sordariomycetes sp.	7	GCA_026652245.1_CGRA14	Colletotrichum graminicola	Colletotrichum	Glomerellaceae	Glomerellales	Sordariomycetes		Ascomycota		70.8553	3.81004e-23	11/10000	True
GCA_029295075.1_ASM2929507v1	Sordariomycetes sp.	8	GCA_026652355.1_CGRA03	Colletotrichum graminicola	Colletotrichum	Glomerellaceae	Glomerellales	Sordariomycetes		Ascomycota		70.8553	3.66995e-23	11/10000	True
GCA_029295075.1_ASM2929507v1	Sordariomycetes sp.	9	GCA_026653375.1_CGRA10	Colletotrichum graminicola	Colletotrichum	Glomerellaceae	Glomerellales	Sordariomycetes		Ascomycota		70.8553	4.1419e-23	11/10000	True
GCA_029295075.1_ASM2929507v1	Sordariomycetes sp.	10	GCA_026654635.1_CGRA08	Colletotrichum graminicola	Colletotrichum	Glomerellaceae	Glomerellales	Sordariomycetes		Ascomycota		70.8553	3.54185e-23	11/10000	True
GCA_029294915.1_ASM2929491v1	Sordariomycetes sp.	1	GCA_029295075.1_ASM2929507v1	Sordariomycetes sp.				Sordariomycetes		Ascomycota		89.0326	0	526/10000	True
GCA_029294915.1_ASM2929491v1	Sordariomycetes sp.	2	GCA_029295265.1_ASM2929526v1	Sordariomycetes sp.				Sordariomycetes		Ascomycota		87.0124	0	338/10000	True
GCA_029294915.1_ASM2929491v1	Sordariomycetes sp.	3	GCA_029295655.1_ASM2929565v1	Hypocreales sp.			Hypocreales	Sordariomycetes		Ascomycota		85.2896	0	233/10000	True
GCA_029294915.1_ASM2929491v1	Sordariomycetes sp.	4	GCA_029295175.1_ASM2929517v1	Sordariomycetes sp.				Sordariomycetes		Ascomycota		83.7063	0	166/10000	True
GCA_029294915.1_ASM2929491v1	Sordariomycetes sp.	5	GCA_011426385.1_ASM1142638v1	Colletotrichum siamense	Colletotrichum	Glomerellaceae	Glomerellales	Sordariomycetes		Ascomycota		69.9006	7.20477e-19	9/10000	True
GCA_029294915.1_ASM2929491v1	Sordariomycetes sp.	6	GCA_023375665.1_ASM2337566v1	Cytospora piceae	Cytospora	Cytosporaceae	Diaporthales	Sordariomycetes		Ascomycota		69.9006	3.1595e-19	9/10000	True
GCA_029294915.1_ASM2929491v1	Sordariomycetes sp.	7	GCA_011428095.1_ASM1142809v1	Colletotrichum siamense	Colletotrichum	Glomerellaceae	Glomerellales	Sordariomycetes		Ascomycota		69.3402	1.93617e-16	8/10000	True
GCA_029294915.1_ASM2929491v1	Sordariomycetes sp.	8	GCA_011428115.1_ASM1142811v1	Colletotrichum siamense	Colletotrichum	Glomerellaceae	Glomerellales	Sordariomycetes		Ascomycota		69.3402	2.08475e-16	8/10000	True
GCA_029294915.1_ASM2929491v1	Sordariomycetes sp.	9	GCA_013201785.1_ASM1320178v1	Colletotrichum tropicale	Colletotrichum	Glomerellaceae	Glomerellales	Sordariomycetes		Ascomycota		69.3402	2.07997e-16	8/10000	True
GCA_029294915.1_ASM2929491v1	Sordariomycetes sp.	10	GCA_027406125.1_ASM2740612v1	Colletotrichum tropicale	Colletotrichum	Glomerellaceae	Glomerellales	Sordariomycetes		Ascomycota		69.3402	2.21526e-16	8/10000	True
GCA_025503055.1_ASM2550305v1	Sordariomycetes sp. B11D1	1	GCA_030411695.1_ASM3041169v1	Scopulariopsis brevicaulis	Scopulariopsis	Microascaceae	Microascales	Sordariomycetes		Ascomycota		93.0581	0	1317/10000	True
GCA_025503055.1_ASM2550305v1	Sordariomycetes sp. B11D1	2	GCA_030772195.1_ASM3077219v1	Scopulariopsis brevicaulis	Scopulariopsis	Microascaceae	Microascales	Sordariomycetes		Ascomycota		93.0389	0	1311/10000	True
GCA_025503055.1_ASM2550305v1	Sordariomycetes sp. B11D1	3	GCA_982397445.1_T5-F	Scopulariopsis alboflavescens	Scopulariopsis	Microascaceae	Microascales	Sordariomycetes		Ascomycota		92.9936	0	1297/10000	True
GCA_025503055.1_ASM2550305v1	Sordariomycetes sp. B11D1	4	GCA_030779665.1_ASM3077966v1	Scopulariopsis brevicaulis	Scopulariopsis	Microascaceae	Microascales	Sordariomycetes		Ascomycota		92.8377	0	1250/10000	True
GCA_025503055.1_ASM2550305v1	Sordariomycetes sp. B11D1	5	GCA_017657125.1_ASM1765712v1	Scopulariopsis brevicaulis	Scopulariopsis	Microascaceae	Microascales	Sordariomycetes		Ascomycota		87.2253	0	354/10000	True
GCA_025503055.1_ASM2550305v1	Sordariomycetes sp. B11D1	6	GCA_054123095.1_ASM5412309v1	Scopulariopsis sp.	Scopulariopsis	Microascaceae	Microascales	Sordariomycetes		Ascomycota		86.0424	0	274/10000	True
GCA_025503055.1_ASM2550305v1	Sordariomycetes sp. B11D1	7	GCA_023628835.1_ASM2362883v1	Sordariomycetes sp. S4602				Sordariomycetes		Ascomycota		77.1061	1.12047e-109	41/10000	True
GCA_025503055.1_ASM2550305v1	Sordariomycetes sp. B11D1	8	GCA_023628875.1_ASM2362887v1	Sordariomycetes sp. R4601				Sordariomycetes		Ascomycota		77.1061	1.09824e-109	41/10000	True
GCA_025503055.1_ASM2550305v1	Sordariomycetes sp. B11D1	9	GCA_059754795.1_ASM5975479v1	Curvularia sp. VISTSTROM-2862	Curvularia	Pleosporaceae	Pleosporales	Dothideomycetes		Ascomycota		76.6192	3.24801e-98	37/10000	True
GCA_025503055.1_ASM2550305v1	Sordariomycetes sp. B11D1	10	GCA_042186575.1_Theste1	Microascus stellatus	Microascus	Microascaceae	Microascales	Sordariomycetes		Ascomycota		76.2180	1.50694e-89	34/10000	True
GCA_037040145.1_ASM3704014v1	Sordariomycetes sp. M70-01Q	1	GCA_023628855.1_ASM2362885v1	Coniochaeta sp. PK30-01	Coniochaeta	Coniochaetaceae	Coniochaetales	Sordariomycetes		Ascomycota		74.3619	5.64109e-55	23/10000	True
GCA_037040145.1_ASM3704014v1	Sordariomycetes sp. M70-01Q	2	GCA_023628895.1_ASM2362889v1	Coniochaeta sp. PT30-03-2	Coniochaeta	Coniochaetaceae	Coniochaetales	Sordariomycetes		Ascomycota		74.3619	5.6313e-55	23/10000	True
GCA_037040145.1_ASM3704014v1	Sordariomycetes sp. M70-01Q	3	GCA_002179595.1_ASM217959v1	Cryphonectria radicalis	Cryphonectria	Cryphonectriaceae	Diaporthales	Sordariomycetes		Ascomycota		73.1970	8.32807e-41	18/10000	True
GCA_037040145.1_ASM3704014v1	Sordariomycetes sp. M70-01Q	4	GCA_014850315.1_ASM1485031v1	Cryphonectria radicalis	Cryphonectria	Cryphonectriaceae	Diaporthales	Sordariomycetes		Ascomycota		73.1970	9.71399e-41	18/10000	True
GCA_037040145.1_ASM3704014v1	Sordariomycetes sp. M70-01Q	5	GCA_003054855.1_ASM305485v1	Cryphonectria radicalis	Cryphonectria	Cryphonectriaceae	Diaporthales	Sordariomycetes		Ascomycota		72.9253	3.46871e-38	17/10000	True
GCA_037040145.1_ASM3704014v1	Sordariomycetes sp. M70-01Q	6	GCA_003264835.1_ASM326483v1	Cryphonectria radicalis	Cryphonectria	Cryphonectriaceae	Diaporthales	Sordariomycetes		Ascomycota		72.9253	6.39838e-38	17/10000	True
GCA_037040145.1_ASM3704014v1	Sordariomycetes sp. M70-01Q	7	GCA_003264845.1_ASM326484v1	Cryphonectria radicalis	Cryphonectria	Cryphonectriaceae	Diaporthales	Sordariomycetes		Ascomycota		72.9253	6.68817e-38	17/10000	True
GCA_037040145.1_ASM3704014v1	Sordariomycetes sp. M70-01Q	8	GCA_007388135.1_STR0027633	Coniochaeta endophytica	Coniochaeta	Coniochaetaceae	Coniochaetales	Sordariomycetes		Ascomycota		72.9253	5.63407e-39	17/10000	True
GCA_037040145.1_ASM3704014v1	Sordariomycetes sp. M70-01Q	9	GCA_014849355.1_ASM1484935v1	Cryphonectria radicalis	Cryphonectria	Cryphonectriaceae	Diaporthales	Sordariomycetes		Ascomycota		72.9253	3.85879e-38	17/10000	True
GCA_037040145.1_ASM3704014v1	Sordariomycetes sp. M70-01Q	10	GCA_014850475.1_ASM1485047v1	Cryphonectria naterciae	Cryphonectria	Cryphonectriaceae	Diaporthales	Sordariomycetes		Ascomycota		72.9253	3.01858e-38	17/10000	True
GCA_060154425.1_ASM6015442v1	Sordariomycetes sp. QZ-2024a	1	GCA_001676865.1_ASM167686v1	Ceratocystiopsis minuta	Ceratocystiopsis	Ophiostomataceae	Ophiostomatales	Sordariomycetes		Ascomycota		73.9297	1.42841e-52	21/10000	True
GCA_060154425.1_ASM6015442v1	Sordariomycetes sp. QZ-2024a	2	GCA_019925495.1_ASM1992549v1	Ophiostoma fasciatum	Ophiostoma	Ophiostomataceae	Ophiostomatales	Sordariomycetes		Ascomycota		73.6978	2.34277e-49	20/10000	True
GCA_060154425.1_ASM6015442v1	Sordariomycetes sp. QZ-2024a	3	GCA_019925685.1_ASM1992568v1	Ceratocystiopsis sp. VPRI43766	Ceratocystiopsis	Ophiostomataceae	Ophiostomatales	Sordariomycetes		Ascomycota		73.4540	4.89727e-47	19/10000	True
GCA_060154425.1_ASM6015442v1	Sordariomycetes sp. QZ-2024a	4	GCA_048773225.1_ASM4877322v1	Nigrospora vesicularis	Nigrospora	Apiosporaceae	Amphisphaeriales	Sordariomycetes		Ascomycota		73.4540	1.28026e-43	19/10000	True
GCA_060154425.1_ASM6015442v1	Sordariomycetes sp. QZ-2024a	5	GCA_002778105.1_ASM277810v1	Ceratocystiopsis brevicomis	Ceratocystiopsis	Ophiostomataceae	Ophiostomatales	Sordariomycetes		Ascomycota		73.1970	3.54209e-44	18/10000	True
GCA_060154425.1_ASM6015442v1	Sordariomycetes sp. QZ-2024a	6	GCA_019925305.1_ASM1992530v1	Sporothrix cf. nigrograna	Sporothrix	Ophiostomataceae	Ophiostomatales	Sordariomycetes		Ascomycota		73.1970	6.98041e-43	18/10000	True
GCA_060154425.1_ASM6015442v1	Sordariomycetes sp. QZ-2024a	7	GCA_029299085.1_OphIps_1.0	Ophiostoma ips	Ophiostoma	Ophiostomataceae	Ophiostomatales	Sordariomycetes		Ascomycota		72.9253	1.19139e-40	17/10000	True
GCA_060154425.1_ASM6015442v1	Sordariomycetes sp. QZ-2024a	8	GCA_029299595.1_LepSer_1.0	Grosmannia serpens	Grosmannia	Ophiostomataceae	Ophiostomatales	Sordariomycetes		Ascomycota		72.9253	4.71729e-40	17/10000	True
GCA_060154425.1_ASM6015442v1	Sordariomycetes sp. QZ-2024a	9	GCA_029489945.1_ASM2948994v1	Nigrospora osmanthi	Nigrospora	Apiosporaceae	Amphisphaeriales	Sordariomycetes		Ascomycota		72.9253	2.72341e-38	17/10000	True
GCA_060154425.1_ASM6015442v1	Sordariomycetes sp. QZ-2024a	10	GCA_041956545.1_Thefe1	Thermothelomyces fergusii	Thermothelomyces	Chaetomiaceae	Sordariales	Sordariomycetes		Ascomycota		72.9253	6.42897e-40	17/10000	True
GCA_023628875.1_ASM2362887v1	Sordariomycetes sp. R4601	1	GCA_023628835.1_ASM2362883v1	Sordariomycetes sp. S4602				Sordariomycetes		Ascomycota		99.9976	0	9990/10000	True
GCA_023628875.1_ASM2362887v1	Sordariomycetes sp. R4601	2	GCA_030271035.1_ASM3027103v1	Microascus cirrosus	Microascus	Microascaceae	Microascales	Sordariomycetes		Ascomycota		84.9583	0	217/10000	True
GCA_023628875.1_ASM2362887v1	Sordariomycetes sp. R4601	3	GCA_042186575.1_Theste1	Microascus stellatus	Microascus	Microascaceae	Microascales	Sordariomycetes		Ascomycota		83.2624	0	151/10000	True
GCA_023628875.1_ASM2362887v1	Sordariomycetes sp. R4601	4	GCA_017657125.1_ASM1765712v1	Scopulariopsis brevicaulis	Scopulariopsis	Microascaceae	Microascales	Sordariomycetes		Ascomycota		79.4325	2.45553e-190	67/10000	True
GCA_023628875.1_ASM2362887v1	Sordariomycetes sp. R4601	5	GCA_054123095.1_ASM5412309v1	Scopulariopsis sp.	Scopulariopsis	Microascaceae	Microascales	Sordariomycetes		Ascomycota		78.4115	1.67937e-155	54/10000	True
GCA_023628875.1_ASM2362887v1	Sordariomycetes sp. R4601	6	GCA_030779665.1_ASM3077966v1	Scopulariopsis brevicaulis	Scopulariopsis	Microascaceae	Microascales	Sordariomycetes		Ascomycota		78.0469	3.74302e-137	50/10000	True
GCA_023628875.1_ASM2362887v1	Sordariomycetes sp. R4601	7	GCA_030772195.1_ASM3077219v1	Scopulariopsis brevicaulis	Scopulariopsis	Microascaceae	Microascales	Sordariomycetes		Ascomycota		77.9511	5.25845e-134	49/10000	True
GCA_023628875.1_ASM2362887v1	Sordariomycetes sp. R4601	8	GCA_982397445.1_T5-F	Scopulariopsis alboflavescens	Scopulariopsis	Microascaceae	Microascales	Sordariomycetes		Ascomycota		77.8534	1.54823e-130	48/10000	True
GCA_023628875.1_ASM2362887v1	Sordariomycetes sp. R4601	9	GCA_030411695.1_ASM3041169v1	Scopulariopsis brevicaulis	Scopulariopsis	Microascaceae	Microascales	Sordariomycetes		Ascomycota		77.6517	1.23492e-124	46/10000	True
GCA_023628875.1_ASM2362887v1	Sordariomycetes sp. R4601	10	GCA_025503055.1_ASM2550305v1	Sordariomycetes sp. B11D1				Sordariomycetes		Ascomycota		77.1061	1.09824e-109	41/10000	True
GCA_023628835.1_ASM2362883v1	Sordariomycetes sp. S4602	1	GCA_023628875.1_ASM2362887v1	Sordariomycetes sp. R4601				Sordariomycetes		Ascomycota		99.9976	0	9990/10000	True
GCA_023628835.1_ASM2362883v1	Sordariomycetes sp. S4602	2	GCA_030271035.1_ASM3027103v1	Microascus cirrosus	Microascus	Microascaceae	Microascales	Sordariomycetes		Ascomycota		84.9583	0	217/10000	True
GCA_023628835.1_ASM2362883v1	Sordariomycetes sp. S4602	3	GCA_042186575.1_Theste1	Microascus stellatus	Microascus	Microascaceae	Microascales	Sordariomycetes		Ascomycota		83.2624	0	151/10000	True
GCA_023628835.1_ASM2362883v1	Sordariomycetes sp. S4602	4	GCA_017657125.1_ASM1765712v1	Scopulariopsis brevicaulis	Scopulariopsis	Microascaceae	Microascales	Sordariomycetes		Ascomycota		79.4325	2.54358e-190	67/10000	True
GCA_023628835.1_ASM2362883v1	Sordariomycetes sp. S4602	5	GCA_054123095.1_ASM5412309v1	Scopulariopsis sp.	Scopulariopsis	Microascaceae	Microascales	Sordariomycetes		Ascomycota		78.4115	1.7154e-155	54/10000	True
GCA_023628835.1_ASM2362883v1	Sordariomycetes sp. S4602	6	GCA_030779665.1_ASM3077966v1	Scopulariopsis brevicaulis	Scopulariopsis	Microascaceae	Microascales	Sordariomycetes		Ascomycota		78.0469	3.83805e-137	50/10000	True
GCA_023628835.1_ASM2362883v1	Sordariomycetes sp. S4602	7	GCA_030772195.1_ASM3077219v1	Scopulariopsis brevicaulis	Scopulariopsis	Microascaceae	Microascales	Sordariomycetes		Ascomycota		77.9511	5.38931e-134	49/10000	True
GCA_023628835.1_ASM2362883v1	Sordariomycetes sp. S4602	8	GCA_982397445.1_T5-F	Scopulariopsis alboflavescens	Scopulariopsis	Microascaceae	Microascales	Sordariomycetes		Ascomycota		77.8534	1.58659e-130	48/10000	True
GCA_023628835.1_ASM2362883v1	Sordariomycetes sp. S4602	9	GCA_030411695.1_ASM3041169v1	Scopulariopsis brevicaulis	Scopulariopsis	Microascaceae	Microascales	Sordariomycetes		Ascomycota		77.6517	1.26376e-124	46/10000	True
GCA_023628835.1_ASM2362883v1	Sordariomycetes sp. S4602	10	GCA_025503055.1_ASM2550305v1	Sordariomycetes sp. B11D1				Sordariomycetes		Ascomycota		77.1061	1.12047e-109	41/10000	True
GCA_037042185.1_ASM3704218v1	Sordariomycetes sp. S80-01Y	1	GCA_037074925.2_ASM3707492v2	Tetracladium maxilliforme	Tetracladium		Helotiales	Leotiomycetes		Ascomycota		98.7758	0	6304/10000	True
GCA_037042185.1_ASM3704218v1	Sordariomycetes sp. S80-01Y	2	GCA_041430195.1_ASM4143019v1	Agaricus bisporus	Agaricus	Agaricaceae	Agaricales	Agaricomycetes		Basidiomycota		76.8689	1.02189e-98	39/10000	True
GCA_037042185.1_ASM3704218v1	Sordariomycetes sp. S80-01Y	3	GCA_051527895.1_YNP11	Amphichorda felina	Amphichorda	Bionectriaceae	Hypocreales	Sordariomycetes		Ascomycota		74.9443	1.04026e-65	26/10000	True
GCA_037042185.1_ASM3704218v1	Sordariomycetes sp. S80-01Y	4	GCA_900188575.1_Geosmithia-putterillii	Geosmithia putterillii	Geosmithia	Bionectriaceae	Hypocreales	Sordariomycetes		Ascomycota		74.1507	6.13484e-54	22/10000	True
GCA_037042185.1_ASM3704218v1	Sordariomycetes sp. S80-01Y	5	GCF_050947745.1_ASM5094774v1	Amphichorda felina	Amphichorda	Bionectriaceae	Hypocreales	Sordariomycetes		Ascomycota		74.1507	5.25207e-54	22/10000	True
GCA_037042185.1_ASM3704218v1	Sordariomycetes sp. S80-01Y	6	GCA_051527935.1_YNP10	Amphichorda felina	Amphichorda	Bionectriaceae	Hypocreales	Sordariomycetes		Ascomycota		73.9297	1.24483e-51	21/10000	True
GCA_037042185.1_ASM3704218v1	Sordariomycetes sp. S80-01Y	7	GCA_001468795.1_ASM146879v1	Purpureocillium lilacinum	Purpureocillium	Ophiocordycipitaceae	Hypocreales	Sordariomycetes		Ascomycota		73.6978	2.67937e-47	20/10000	True
GCA_037042185.1_ASM3704218v1	Sordariomycetes sp. S80-01Y	8	GCA_016490725.1_ASM1649072v1	Amphichorda felina	Amphichorda	Bionectriaceae	Hypocreales	Sordariomycetes		Ascomycota		73.6978	1.9074e-48	20/10000	True
GCA_037042185.1_ASM3704218v1	Sordariomycetes sp. S80-01Y	9	GCA_029292925.1_ASM2929292v1	Ophiocordycipitaceae sp.		Ophiocordycipitaceae	Hypocreales	Sordariomycetes		Ascomycota		73.6978	5.04275e-48	20/10000	True
GCA_037042185.1_ASM3704218v1	Sordariomycetes sp. S80-01Y	10	GCA_030772975.1_ASM3077297v1	Purpureocillium lilacinum	Purpureocillium	Ophiocordycipitaceae	Hypocreales	Sordariomycetes		Ascomycota		73.6978	1.48185e-47	20/10000	True
GCA_963379365.1_SMGC_7567_bin.1_MetaWRAP_v1.2.1_MAG	Sordariomycetidae sp.	1	GCA_019925495.1_ASM1992549v1	Ophiostoma fasciatum	Ophiostoma	Ophiostomataceae	Ophiostomatales	Sordariomycetes		Ascomycota		72.3303	5.63161e-37	15/10000	True
GCA_963379365.1_SMGC_7567_bin.1_MetaWRAP_v1.2.1_MAG	Sordariomycetidae sp.	2	GCA_042920535.1_ASM4292053v1	Purpureocillium lilacinum	Purpureocillium	Ophiocordycipitaceae	Hypocreales	Sordariomycetes		Ascomycota		72.3303	1.14149e-35	15/10000	True
GCA_963379365.1_SMGC_7567_bin.1_MetaWRAP_v1.2.1_MAG	Sordariomycetidae sp.	3	GCA_001653205.1_ASM165320v1	Purpureocillium lilacinum	Purpureocillium	Ophiocordycipitaceae	Hypocreales	Sordariomycetes		Ascomycota		72.0022	7.25704e-33	14/10000	True
GCA_963379365.1_SMGC_7567_bin.1_MetaWRAP_v1.2.1_MAG	Sordariomycetidae sp.	4	GCA_003144605.1_ASM314460v1	Purpureocillium lilacinum	Purpureocillium	Ophiocordycipitaceae	Hypocreales	Sordariomycetes		Ascomycota		72.0022	6.77339e-33	14/10000	True
GCA_963379365.1_SMGC_7567_bin.1_MetaWRAP_v1.2.1_MAG	Sordariomycetidae sp.	5	GCA_011319275.2_ASM1131927v2	Echinosphaeria canescens	Echinosphaeria	Helminthosphaeriaceae	Sordariales	Sordariomycetes		Ascomycota		72.0022	1.8809e-33	14/10000	True
GCA_963379365.1_SMGC_7567_bin.1_MetaWRAP_v1.2.1_MAG	Sordariomycetidae sp.	6	GCA_019925645.1_ASM1992564v1	Graphilbum cf. rectangulosporium	Graphilbum	Ophiostomataceae	Ophiostomatales	Sordariomycetes		Ascomycota		72.0022	4.65944e-34	14/10000	True
GCA_963379365.1_SMGC_7567_bin.1_MetaWRAP_v1.2.1_MAG	Sordariomycetidae sp.	7	GCA_023168115.2_PurlilIFM63780_1.0	Purpureocillium lilacinum	Purpureocillium	Ophiocordycipitaceae	Hypocreales	Sordariomycetes		Ascomycota		72.0022	7.16447e-33	14/10000	True
GCA_963379365.1_SMGC_7567_bin.1_MetaWRAP_v1.2.1_MAG	Sordariomycetidae sp.	8	GCA_030778445.1_ASM3077844v1	Cordyceps javanica	Cordyceps	Cordycipitaceae	Hypocreales	Sordariomycetes		Ascomycota		72.0022	2.09409e-33	14/10000	True
GCA_963379365.1_SMGC_7567_bin.1_MetaWRAP_v1.2.1_MAG	Sordariomycetidae sp.	9	GCA_033847395.1_Purlil1	Purpureocillium lilacinum	Purpureocillium	Ophiocordycipitaceae	Hypocreales	Sordariomycetes		Ascomycota		72.0022	9.41865e-33	14/10000	True
GCA_963379365.1_SMGC_7567_bin.1_MetaWRAP_v1.2.1_MAG	Sordariomycetidae sp.	10	GCA_046056195.1_ASM4605619v1	Ceratostomella sordida	Ceratostomella	Barbatosphaeriaceae	Barbatosphaeriales	Sordariomycetes		Ascomycota		72.0022	2.40189e-32	14/10000	True
GCA_029299915.1_ASM2929991v1	Sporidiobolaceae sp.	1	GCA_019190135.1_ASM1919013v1	Rhodotorula mucilaginosa	Rhodotorula	Sporidiobolaceae	Sporidiobolales	Microbotryomycetes		Basidiomycota		99.9636	0	9849/10000	True
GCA_029299915.1_ASM2929991v1	Sporidiobolaceae sp.	2	GCA_019190015.1_ASM1919001v1	Rhodotorula mucilaginosa	Rhodotorula	Sporidiobolaceae	Sporidiobolales	Microbotryomycetes		Basidiomycota		99.9634	0	9848/10000	True
GCA_029299915.1_ASM2929991v1	Sporidiobolaceae sp.	3	GCA_019190035.1_ASM1919003v1	Rhodotorula mucilaginosa	Rhodotorula	Sporidiobolaceae	Sporidiobolales	Microbotryomycetes		Basidiomycota		99.9634	0	9848/10000	True
GCA_029299915.1_ASM2929991v1	Sporidiobolaceae sp.	4	GCA_019190935.1_ASM1919093v1	Rhodotorula mucilaginosa	Rhodotorula	Sporidiobolaceae	Sporidiobolales	Microbotryomycetes		Basidiomycota		99.9629	0	9846/10000	True
GCA_029299915.1_ASM2929991v1	Sporidiobolaceae sp.	5	GCA_019059545.1_ASM1905954v1	Rhodotorula sp. VS67	Rhodotorula	Sporidiobolaceae	Sporidiobolales	Microbotryomycetes		Basidiomycota		99.9544	0	9811/10000	True
GCA_029299915.1_ASM2929991v1	Sporidiobolaceae sp.	6	GCA_023628275.1_ASM2362827v1	Rhodotorula sp. M30-05A-2	Rhodotorula	Sporidiobolaceae	Sporidiobolales	Microbotryomycetes		Basidiomycota		99.2948	0	7580/10000	True
GCA_029299915.1_ASM2929991v1	Sporidiobolaceae sp.	7	GCA_001541205.1_Rhosp1	Rhodotorula sp. JG-1b	Rhodotorula	Sporidiobolaceae	Sporidiobolales	Microbotryomycetes		Basidiomycota		95.8701	0	2659/10000	True
GCA_029299915.1_ASM2929991v1	Sporidiobolaceae sp.	8	GCA_963379285.1_SMGC_7569_bin.1_MetaWRAP_v1.2.1_MAG	Rhodotorula sp. JG-1b	Rhodotorula	Sporidiobolaceae	Sporidiobolales	Microbotryomycetes		Basidiomycota		95.5860	0	2467/10000	True
GCA_029299915.1_ASM2929991v1	Sporidiobolaceae sp.	9	GCA_025502885.1_ASM2550288v1	Rhodotorula mucilaginosa	Rhodotorula	Sporidiobolaceae	Sporidiobolales	Microbotryomycetes		Basidiomycota		92.0558	0	1041/10000	True
GCA_029299915.1_ASM2929991v1	Sporidiobolaceae sp.	10	GCA_000931965.1_ASM93196v1	Rhodotorula mucilaginosa	Rhodotorula	Sporidiobolaceae	Sporidiobolales	Microbotryomycetes		Basidiomycota		92.0392	0	1037/10000	True
GCA_056507755.1_ASM5650775v1	Tarzettaceae sp. PLDXAR	1	GCA_037055185.1_ASM3705518v1	Capillidium rhysosporum	Capillidium	Capillidiaceae	Entomophthorales	Entomophthoromycetes		Entomophthoromycota		76.4892	1.48955e-83	36/10000	True
GCA_056507755.1_ASM5650775v1	Tarzettaceae sp. PLDXAR	2	GCA_027248385.1_ASM2724838v1	Neocallimastix californiae	Neocallimastix	Neocallimastigaceae	Neocallimastigales	Neocallimastigomycetes		Neocallimastigomycota		76.2180	6.86453e-71	34/10000	True
GCA_056507755.1_ASM5650775v1	Tarzettaceae sp. PLDXAR	3	GCA_027248345.1_ASM2724834v1	Neocallimastix californiae	Neocallimastix	Neocallimastigaceae	Neocallimastigales	Neocallimastigomycetes		Neocallimastigomycota		76.0763	1.13704e-68	33/10000	True
GCA_056507755.1_ASM5650775v1	Tarzettaceae sp. PLDXAR	4	GCA_964256015.1_public_SRR11456923_metabat2_merged.0	Peltigera hydrothyria	Peltigera	Peltigeraceae	Peltigerales	Lecanoromycetes		Ascomycota		75.9302	3.81245e-63	32/10000	True
GCA_056507755.1_ASM5650775v1	Tarzettaceae sp. PLDXAR	5	GCA_016946835.1_ASM1694683v1	Neocallimastix lanati	Neocallimastix	Neocallimastigaceae	Neocallimastigales	Neocallimastigomycetes		Neocallimastigomycota		75.7795	2.68438e-58	31/10000	True
GCA_056507755.1_ASM5650775v1	Tarzettaceae sp. PLDXAR	6	GCA_027248585.1_ASM2724858v1	Neocallimastix californiae	Neocallimastix	Neocallimastigaceae	Neocallimastigales	Neocallimastigomycetes		Neocallimastigomycota		75.7795	7.12934e-65	31/10000	True
GCA_056507755.1_ASM5650775v1	Tarzettaceae sp. PLDXAR	7	GCA_027248625.1_ASM2724862v1	Neocallimastix californiae	Neocallimastix	Neocallimastigaceae	Neocallimastigales	Neocallimastigomycetes		Neocallimastigomycota		75.7795	3.97296e-64	31/10000	True
GCA_056507755.1_ASM5650775v1	Tarzettaceae sp. PLDXAR	8	GCA_002104975.1_Neocallimastix_sp._G1_v1.0	Neocallimastix californiae	Neocallimastix	Neocallimastigaceae	Neocallimastigales	Neocallimastigomycetes		Neocallimastigomycota		75.6239	3.02235e-56	30/10000	True
GCA_056507755.1_ASM5650775v1	Tarzettaceae sp. PLDXAR	9	GCA_027248425.1_ASM2724842v1	Neocallimastix californiae	Neocallimastix	Neocallimastigaceae	Neocallimastigales	Neocallimastigomycetes		Neocallimastigomycota		75.6239	9.56721e-66	30/10000	True
GCA_056507755.1_ASM5650775v1	Tarzettaceae sp. PLDXAR	10	GCA_027248765.1_ASM2724876v1	Neocallimastix californiae	Neocallimastix	Neocallimastigaceae	Neocallimastigales	Neocallimastigomycetes		Neocallimastigomycota		75.6239	2.03012e-63	30/10000	True
GCA_030247885.1_UCR_JES119	Taxawa tesnikishii nom. ined.	1	GCA_040142845.1_UCR_Afum_ATCC42202_1.0	Aspergillus fumigatus	Aspergillus	Aspergillaceae	Eurotiales	Eurotiomycetes		Ascomycota		77.5475	1.8635e-123	45/10000	True
GCA_030247885.1_UCR_JES119	Taxawa tesnikishii nom. ined.	2	GCA_049901915.1_BMK210907-AN672-ZX01-0101	Aspergillus fumigatus	Aspergillus	Aspergillaceae	Eurotiales	Eurotiomycetes		Ascomycota		77.5475	1.32569e-123	45/10000	True
GCA_030247885.1_UCR_JES119	Taxawa tesnikishii nom. ined.	3	GCA_056582585.1_ASM5658258v1	Aspergillus fumigatus	Aspergillus	Aspergillaceae	Eurotiales	Eurotiomycetes		Ascomycota		77.5475	1.14667e-123	45/10000	True
GCA_030247885.1_UCR_JES119	Taxawa tesnikishii nom. ined.	4	GCA_001599455.1_JCM_10253_assembly_v001	Aspergillus fumigatus	Aspergillus	Aspergillaceae	Eurotiales	Eurotiomycetes		Ascomycota		77.4410	1.71369e-120	44/10000	True
GCA_030247885.1_UCR_JES119	Taxawa tesnikishii nom. ined.	5	GCA_012656115.1_ASM1265611v1	Aspergillus fumigatus	Aspergillus	Aspergillaceae	Eurotiales	Eurotiomycetes		Ascomycota		77.4410	1.04911e-120	44/10000	True
GCA_030247885.1_UCR_JES119	Taxawa tesnikishii nom. ined.	6	GCA_012656125.1_ASM1265612v1	Aspergillus fumigatus	Aspergillus	Aspergillaceae	Eurotiales	Eurotiomycetes		Ascomycota		77.4410	1.20574e-120	44/10000	True
GCA_030247885.1_UCR_JES119	Taxawa tesnikishii nom. ined.	7	GCA_012656165.1_ASM1265616v1	Aspergillus fumigatus	Aspergillus	Aspergillaceae	Eurotiales	Eurotiomycetes		Ascomycota		77.4410	1.76943e-120	44/10000	True
GCA_030247885.1_UCR_JES119	Taxawa tesnikishii nom. ined.	8	GCA_012656185.1_ASM1265618v1	Aspergillus fumigatus	Aspergillus	Aspergillaceae	Eurotiales	Eurotiomycetes		Ascomycota		77.4410	1.36528e-120	44/10000	True
GCA_030247885.1_UCR_JES119	Taxawa tesnikishii nom. ined.	9	GCA_012656215.1_ASM1265621v1	Aspergillus fumigatus	Aspergillus	Aspergillaceae	Eurotiales	Eurotiomycetes		Ascomycota		77.4410	1.40271e-120	44/10000	True
GCA_030247885.1_UCR_JES119	Taxawa tesnikishii nom. ined.	10	GCA_019176365.1_ASM1917636v1	Aspergillus sp. GbtcF1	Aspergillus	Aspergillaceae	Eurotiales	Eurotiomycetes		Ascomycota		77.4410	3.01443e-120	44/10000	True
GCA_964255085.1_public_SRR14722085_metabat2_bin.6	Teloschistales sp.	1	GCA_023646635.1_KEW_Foas	Flavoplaca oasis	Flavoplaca	Teloschistaceae	Teloschistales	Lecanoromycetes		Ascomycota		70.4019	5.09485e-22	10/10000	True
GCA_964255085.1_public_SRR14722085_metabat2_bin.6	Teloschistales sp.	2	GCA_051941985.1_KEW_Flna225	Flavoplaca navasiana	Flavoplaca	Teloschistaceae	Teloschistales	Lecanoromycetes		Ascomycota		70.4019	1.20766e-21	10/10000	True
GCA_964255085.1_public_SRR14722085_metabat2_bin.6	Teloschistales sp.	3	GCA_051942465.1_KEW_Flli	Flavoplaca limonia	Flavoplaca	Teloschistaceae	Teloschistales	Lecanoromycetes		Ascomycota		69.9006	5.74128e-20	9/10000	True
GCA_964255085.1_public_SRR14722085_metabat2_bin.6	Teloschistales sp.	4	GCA_023646365.1_KEW_Xful	Gallowayella cf. fulva	Gallowayella	Teloschistaceae	Teloschistales	Lecanoromycetes		Ascomycota		69.3402	2.86528e-17	8/10000	True
GCA_964255085.1_public_SRR14722085_metabat2_bin.6	Teloschistales sp.	5	GCA_051941225.1_KEW_Flci	Flavoplaca citrina	Flavoplaca	Teloschistaceae	Teloschistales	Lecanoromycetes		Ascomycota		69.3402	2.80027e-17	8/10000	True
GCA_964255085.1_public_SRR14722085_metabat2_bin.6	Teloschistales sp.	6	GCA_051942005.1_KEW_Flci1	Flavoplaca cf. flavocitrina	Flavoplaca	Teloschistaceae	Teloschistales	Lecanoromycetes		Ascomycota		69.3402	2.15248e-17	8/10000	True
GCA_964255085.1_public_SRR14722085_metabat2_bin.6	Teloschistales sp.	7	GCA_052059015.1_KEW_Flho	Flavoplaca sp. TL-2023a	Flavoplaca	Teloschistaceae	Teloschistales	Lecanoromycetes		Ascomycota		69.3402	7.72031e-17	8/10000	True
GCA_964255085.1_public_SRR14722085_metabat2_bin.6	Teloschistales sp.	8	GCA_964257585.1_public_SRR14722046_concoct_bin.7	Rhizocarpon geographicum	Rhizocarpon	Rhizocarpaceae	Rhizocarpales	Lecanoromycetes		Ascomycota		69.3402	2.12148e-17	8/10000	True
GCA_964255085.1_public_SRR14722085_metabat2_bin.6	Teloschistales sp.	9	GCA_000611775.1_Umbmu1.0	Umbilicaria muhlenbergii	Umbilicaria	Umbilicariaceae	Umbilicariales	Lecanoromycetes		Ascomycota		68.7048	1.21592e-14	7/10000	True
GCA_964255085.1_public_SRR14722085_metabat2_bin.6	Teloschistales sp.	10	GCA_009801365.1_ASM980136v1	Neurospora sp. CHS-2018c	Neurospora	Sordariaceae	Sordariales	Sordariomycetes		Ascomycota		68.7048	4.45239e-14	7/10000	True
GCA_049996275.1_ASM4999627v1	Teratosphaeriaceae sp. BF9	1	GCA_005059865.1_ASM505986v1	Friedmanniomyces simplex	Friedmanniomyces	Teratosphaeriaceae	Mycosphaerellales	Dothideomycetes		Ascomycota		77.8534	5.02576e-127	48/10000	True
GCA_049996275.1_ASM4999627v1	Teratosphaeriaceae sp. BF9	2	GCA_030926145.1_ASM3092614v1	Friedmanniomyces endolithicus	Friedmanniomyces	Teratosphaeriaceae	Mycosphaerellales	Dothideomycetes		Ascomycota		76.6192	2.06134e-92	37/10000	True
GCA_049996275.1_ASM4999627v1	Teratosphaeriaceae sp. BF9	3	GCA_033119285.1_ASM3311928v1	Teratosphaeriaceae sp. CCFEE 6253		Teratosphaeriaceae	Mycosphaerellales	Dothideomycetes		Ascomycota		76.4892	6.09071e-90	36/10000	True
GCA_049996275.1_ASM4999627v1	Teratosphaeriaceae sp. BF9	4	GCA_030411855.1_ASM3041185v1	Friedmanniomyces endolithicus	Friedmanniomyces	Teratosphaeriaceae	Mycosphaerellales	Dothideomycetes		Ascomycota		75.9302	3.48731e-78	32/10000	True
GCA_049996275.1_ASM4999627v1	Teratosphaeriaceae sp. BF9	5	GCA_030553275.1_ASM3055327v1	Friedmanniomyces endolithicus	Friedmanniomyces	Teratosphaeriaceae	Mycosphaerellales	Dothideomycetes		Ascomycota		75.9302	3.12286e-78	32/10000	True
GCA_049996275.1_ASM4999627v1	Teratosphaeriaceae sp. BF9	6	GCA_030553295.1_ASM3055329v1	Friedmanniomyces endolithicus	Friedmanniomyces	Teratosphaeriaceae	Mycosphaerellales	Dothideomycetes		Ascomycota		75.9302	3.33169e-78	32/10000	True
GCA_049996275.1_ASM4999627v1	Teratosphaeriaceae sp. BF9	7	GCA_030411825.1_ASM3041182v1	Friedmanniomyces endolithicus	Friedmanniomyces	Teratosphaeriaceae	Mycosphaerellales	Dothideomycetes		Ascomycota		75.7795	2.1733e-75	31/10000	True
GCA_049996275.1_ASM4999627v1	Teratosphaeriaceae sp. BF9	8	GCA_030411835.1_ASM3041183v1	Friedmanniomyces endolithicus	Friedmanniomyces	Teratosphaeriaceae	Mycosphaerellales	Dothideomycetes		Ascomycota		75.7795	2.2685e-75	31/10000	True
GCA_049996275.1_ASM4999627v1	Teratosphaeriaceae sp. BF9	9	GCA_030412055.1_ASM3041205v1	Friedmanniomyces endolithicus	Friedmanniomyces	Teratosphaeriaceae	Mycosphaerellales	Dothideomycetes		Ascomycota		75.7795	2.2596e-75	31/10000	True
GCA_049996275.1_ASM4999627v1	Teratosphaeriaceae sp. BF9	10	GCA_030553175.1_ASM3055317v1	Friedmanniomyces endolithicus	Friedmanniomyces	Teratosphaeriaceae	Mycosphaerellales	Dothideomycetes		Ascomycota		75.7795	2.33273e-75	31/10000	True
GCA_033119285.1_ASM3311928v1	Teratosphaeriaceae sp. CCFEE 6253	1	GCA_030553435.1_ASM3055343v1	Friedmanniomyces endolithicus	Friedmanniomyces	Teratosphaeriaceae	Mycosphaerellales	Dothideomycetes		Ascomycota		79.1412	3.09896e-169	63/10000	True
GCA_033119285.1_ASM3311928v1	Teratosphaeriaceae sp. CCFEE 6253	2	GCA_030553175.1_ASM3055317v1	Friedmanniomyces endolithicus	Friedmanniomyces	Teratosphaeriaceae	Mycosphaerellales	Dothideomycetes		Ascomycota		78.9103	1.76751e-160	60/10000	True
GCA_033119285.1_ASM3311928v1	Teratosphaeriaceae sp. CCFEE 6253	3	GCA_030553335.1_ASM3055333v1	Friedmanniomyces endolithicus	Friedmanniomyces	Teratosphaeriaceae	Mycosphaerellales	Dothideomycetes		Ascomycota		78.9103	1.53043e-160	60/10000	True
GCA_033119285.1_ASM3311928v1	Teratosphaeriaceae sp. CCFEE 6253	4	GCA_030412055.1_ASM3041205v1	Friedmanniomyces endolithicus	Friedmanniomyces	Teratosphaeriaceae	Mycosphaerellales	Dothideomycetes		Ascomycota		78.7498	2.3211e-154	58/10000	True
GCA_033119285.1_ASM3311928v1	Teratosphaeriaceae sp. CCFEE 6253	5	GCA_030553215.1_ASM3055321v1	Friedmanniomyces endolithicus	Friedmanniomyces	Teratosphaeriaceae	Mycosphaerellales	Dothideomycetes		Ascomycota		78.7498	2.30215e-154	58/10000	True
GCA_033119285.1_ASM3311928v1	Teratosphaeriaceae sp. CCFEE 6253	6	GCA_030553195.1_ASM3055319v1	Friedmanniomyces endolithicus	Friedmanniomyces	Teratosphaeriaceae	Mycosphaerellales	Dothideomycetes		Ascomycota		78.6675	2.67008e-151	57/10000	True
GCA_033119285.1_ASM3311928v1	Teratosphaeriaceae sp. CCFEE 6253	7	GCA_030553475.1_ASM3055347v1	Friedmanniomyces endolithicus	Friedmanniomyces	Teratosphaeriaceae	Mycosphaerellales	Dothideomycetes		Ascomycota		78.6675	2.51314e-153	57/10000	True
GCA_033119285.1_ASM3311928v1	Teratosphaeriaceae sp. CCFEE 6253	8	GCA_005059865.1_ASM505986v1	Friedmanniomyces simplex	Friedmanniomyces	Teratosphaeriaceae	Mycosphaerellales	Dothideomycetes		Ascomycota		78.5837	8.01764e-151	56/10000	True
GCA_033119285.1_ASM3311928v1	Teratosphaeriaceae sp. CCFEE 6253	9	GCA_030553275.1_ASM3055327v1	Friedmanniomyces endolithicus	Friedmanniomyces	Teratosphaeriaceae	Mycosphaerellales	Dothideomycetes		Ascomycota		78.5837	2.56182e-148	56/10000	True
GCA_033119285.1_ASM3311928v1	Teratosphaeriaceae sp. CCFEE 6253	10	GCA_030411835.1_ASM3041183v1	Friedmanniomyces endolithicus	Friedmanniomyces	Teratosphaeriaceae	Mycosphaerellales	Dothideomycetes		Ascomycota		78.4115	3.71916e-142	54/10000	True
GCA_000825705.1_Allpaths-LG	Torrubiella hemipterigena	1	GCA_003056565.1_ASM305656v1	Lecanicillium sp. MT-2017a	Lecanicillium	Cordycipitaceae	Hypocreales	Sordariomycetes		Ascomycota		73.4540	1.43304e-45	19/10000	True
GCA_000825705.1_Allpaths-LG	Torrubiella hemipterigena	2	GCA_003056585.1_ASM305658v1	Lecanicillium sp. MT-2017a	Lecanicillium	Cordycipitaceae	Hypocreales	Sordariomycetes		Ascomycota		73.4540	1.43494e-45	19/10000	True
GCA_000825705.1_Allpaths-LG	Torrubiella hemipterigena	3	GCA_003056605.2_AZ2_2.1	Lecanicillium sp. MT-2017a	Lecanicillium	Cordycipitaceae	Hypocreales	Sordariomycetes		Ascomycota		73.4540	1.44594e-45	19/10000	True
GCA_000825705.1_Allpaths-LG	Torrubiella hemipterigena	4	GCA_051527325.1_YNP40	Lecanicillium coprophilum	Lecanicillium	Cordycipitaceae	Hypocreales	Sordariomycetes		Ascomycota		72.9253	2.92987e-40	17/10000	True
GCA_000825705.1_Allpaths-LG	Torrubiella hemipterigena	5	GCA_051528535.1_YNP87	Simplicillium lamellicola	Simplicillium	Cordycipitaceae	Hypocreales	Sordariomycetes		Ascomycota		72.9253	5.87218e-41	17/10000	True
GCA_000825705.1_Allpaths-LG	Torrubiella hemipterigena	6	GCA_029292995.1_ASM2929299v1	Ophiocordycipitaceae sp.		Ophiocordycipitaceae	Hypocreales	Sordariomycetes		Ascomycota		72.6371	1.50883e-37	16/10000	True
GCA_000825705.1_Allpaths-LG	Torrubiella hemipterigena	7	GCA_051527815.1_YNP17	Cordyceps militaris	Cordyceps	Cordycipitaceae	Hypocreales	Sordariomycetes		Ascomycota		72.6371	1.18778e-37	16/10000	True
GCA_000825705.1_Allpaths-LG	Torrubiella hemipterigena	8	GCA_051527855.1_YNP15	Cordyceps militaris	Cordyceps	Cordycipitaceae	Hypocreales	Sordariomycetes		Ascomycota		72.6371	9.21202e-38	16/10000	True
GCA_000825705.1_Allpaths-LG	Torrubiella hemipterigena	9	GCA_056149035.1_ASM5614903v1	Cordyceps hehuanensis	Cordyceps	Cordycipitaceae	Hypocreales	Sordariomycetes		Ascomycota		72.6371	1.45221e-37	16/10000	True
GCA_000825705.1_Allpaths-LG	Torrubiella hemipterigena	10	GCA_003332165.1_ASM333216v1	Cordyceps militaris	Cordyceps	Cordycipitaceae	Hypocreales	Sordariomycetes		Ascomycota		72.3303	8.70615e-35	15/10000	True
GCA_964255395.1_private_X1_concoct_bin.0	Tremellales sp.	1	GCA_904859935.1_Tremellales_sp_Tagirdzhanova-0007_MAG	Tremellales sp. Tagirdzhanova-0007			Tremellales	Tremellomycetes		Basidiomycota		84.3627	0	191/10000	True
GCA_964255395.1_private_X1_concoct_bin.0	Tremellales sp.	2	GCA_013618395.1_ASM1361839v1	Fusarium domesticum	Fusarium	Nectriaceae	Hypocreales	Sordariomycetes		Ascomycota		67.1035	7.59244e-11	5/10000	True
GCA_964255395.1_private_X1_concoct_bin.0	Tremellales sp.	3	GCA_021527695.1_ASM2152769v1	Naematelia aurantialba	Naematelia	Naemateliaceae	Tremellales	Tremellomycetes		Basidiomycota		67.1035	3.42907e-11	5/10000	True
GCA_964255395.1_private_X1_concoct_bin.0	Tremellales sp.	4	GCA_033032035.1_ASM3303203v1	Naematelia aurantialba	Naematelia	Naemateliaceae	Tremellales	Tremellomycetes		Basidiomycota		67.1035	3.14374e-11	5/10000	True
GCA_964255395.1_private_X1_concoct_bin.0	Tremellales sp.	5	GCA_033032055.1_ASM3303205v1	Naematelia aurantialba	Naematelia	Naemateliaceae	Tremellales	Tremellomycetes		Basidiomycota		67.1035	3.15692e-11	5/10000	True
GCA_964255395.1_private_X1_concoct_bin.0	Tremellales sp.	6	GCA_033032075.1_ASM3303207v1	Naematelia aurantialba	Naematelia	Naemateliaceae	Tremellales	Tremellomycetes		Basidiomycota		67.1035	3.16995e-11	5/10000	True
GCA_964255395.1_private_X1_concoct_bin.0	Tremellales sp.	7	GCA_033032605.1_ASM3303260v1	Naematelia aurantialba	Naematelia	Naemateliaceae	Tremellales	Tremellomycetes		Basidiomycota		67.1035	3.11873e-11	5/10000	True
GCA_964255395.1_private_X1_concoct_bin.0	Tremellales sp.	8	GCA_056747475.1_ASM5674747v1	Naematelia sinensis	Naematelia	Naemateliaceae	Tremellales	Tremellomycetes		Basidiomycota		67.1035	3.3392e-11	5/10000	True
GCA_964255395.1_private_X1_concoct_bin.0	Tremellales sp.	9	GCA_056747515.1_ASM5674751v1	Naematelia sinensis	Naematelia	Naemateliaceae	Tremellales	Tremellomycetes		Basidiomycota		67.1035	3.32075e-11	5/10000	True
GCA_964255395.1_private_X1_concoct_bin.0	Tremellales sp.	10	GCA_056747525.1_ASM5674752v1	Naematelia sinensis	Naematelia	Naemateliaceae	Tremellales	Tremellomycetes		Basidiomycota		67.1035	3.33041e-11	5/10000	True
GCA_022813505.1_ASM2281350v1	Tremellales sp. FJII-L8-SW-PAB2	1	GCA_060229505.1_ASM6022950v1	Vishniacozyma sp. CLIB4449	Vishniacozyma	Bulleribasidiaceae	Tremellales	Tremellomycetes		Basidiomycota		74.5641	2.30938e-64	24/10000	True
GCA_022813505.1_ASM2281350v1	Tremellales sp. FJII-L8-SW-PAB2	2	GCA_060229625.1_ASM6022962v1	Vishniacozyma sp. CLIB4443	Vishniacozyma	Bulleribasidiaceae	Tremellales	Tremellomycetes		Basidiomycota		73.9297	3.06419e-55	21/10000	True
GCA_022813505.1_ASM2281350v1	Tremellales sp. FJII-L8-SW-PAB2	3	GCA_060229585.1_ASM6022958v1	Vishniacozyma sp. CLIB4442	Vishniacozyma	Bulleribasidiaceae	Tremellales	Tremellomycetes		Basidiomycota		72.3303	7.07035e-38	15/10000	True
GCA_022813505.1_ASM2281350v1	Tremellales sp. FJII-L8-SW-PAB2	4	GCA_026538325.1_ASM2653832v1	Cryptococcus sp. GC_Crypt_8	Cryptococcus	Cryptococcaceae	Tremellales	Tremellomycetes		Basidiomycota		72.0022	2.42386e-35	14/10000	True
GCA_022813505.1_ASM2281350v1	Tremellales sp. FJII-L8-SW-PAB2	5	GCA_026538405.1_ASM2653840v1	Cryptococcus sp. GC_Crypt_2	Cryptococcus	Cryptococcaceae	Tremellales	Tremellomycetes		Basidiomycota		72.0022	2.56421e-35	14/10000	True
GCA_022813505.1_ASM2281350v1	Tremellales sp. FJII-L8-SW-PAB2	6	GCA_026538315.1_ASM2653831v1	Cryptococcus sp. GC_Crypt_6	Cryptococcus	Cryptococcaceae	Tremellales	Tremellomycetes		Basidiomycota		70.4019	6.66857e-24	10/10000	True
GCA_022813505.1_ASM2281350v1	Tremellales sp. FJII-L8-SW-PAB2	7	GCA_026538335.1_ASM2653833v1	Cryptococcus sp. GC_Crypt_7	Cryptococcus	Cryptococcaceae	Tremellales	Tremellomycetes		Basidiomycota		70.4019	6.66138e-24	10/10000	True
GCA_022813505.1_ASM2281350v1	Tremellales sp. FJII-L8-SW-PAB2	8	GCA_000738825.1_ASM73882v1	Papiliotrema laurentii	Papiliotrema	Rhynchogastremaceae	Tremellales	Tremellomycetes		Basidiomycota		69.9006	2.62598e-21	9/10000	True
GCA_022813505.1_ASM2281350v1	Tremellales sp. FJII-L8-SW-PAB2	9	GCA_012922615.1_ASM1292261v1	Papiliotrema laurentii	Papiliotrema	Rhynchogastremaceae	Tremellales	Tremellomycetes		Basidiomycota		69.9006	2.61125e-21	9/10000	True
GCA_022813505.1_ASM2281350v1	Tremellales sp. FJII-L8-SW-PAB2	10	GCA_012922625.1_ASM1292262v1	Papiliotrema laurentii	Papiliotrema	Rhynchogastremaceae	Tremellales	Tremellomycetes		Basidiomycota		69.9006	2.72202e-21	9/10000	True
GCA_904859935.1_Tremellales_sp_Tagirdzhanova-0007_MAG	Tremellales sp. Tagirdzhanova-0007	1	GCA_964255395.1_private_X1_concoct_bin.0	Tremellales sp.			Tremellales	Tremellomycetes		Basidiomycota		84.3627	0	191/10000	True
GCA_904859935.1_Tremellales_sp_Tagirdzhanova-0007_MAG	Tremellales sp. Tagirdzhanova-0007	2	GCA_021527695.1_ASM2152769v1	Naematelia aurantialba	Naematelia	Naemateliaceae	Tremellales	Tremellomycetes		Basidiomycota		67.9713	1.33239e-13	6/10000	True
GCA_904859935.1_Tremellales_sp_Tagirdzhanova-0007_MAG	Tremellales sp. Tagirdzhanova-0007	3	GCA_024343405.1_Tfnb_1.0	Tremella fuciformis	Tremella	Tremellaceae	Tremellales	Tremellomycetes		Basidiomycota		67.9713	1.57014e-13	6/10000	True
GCA_904859935.1_Tremellales_sp_Tagirdzhanova-0007_MAG	Tremellales sp. Tagirdzhanova-0007	4	GCA_033032035.1_ASM3303203v1	Naematelia aurantialba	Naematelia	Naemateliaceae	Tremellales	Tremellomycetes		Basidiomycota		67.9713	1.19833e-13	6/10000	True
GCA_904859935.1_Tremellales_sp_Tagirdzhanova-0007_MAG	Tremellales sp. Tagirdzhanova-0007	5	GCA_033032055.1_ASM3303205v1	Naematelia aurantialba	Naematelia	Naemateliaceae	Tremellales	Tremellomycetes		Basidiomycota		67.9713	1.20447e-13	6/10000	True
GCA_904859935.1_Tremellales_sp_Tagirdzhanova-0007_MAG	Tremellales sp. Tagirdzhanova-0007	6	GCA_033032075.1_ASM3303207v1	Naematelia aurantialba	Naematelia	Naemateliaceae	Tremellales	Tremellomycetes		Basidiomycota		67.9713	1.21054e-13	6/10000	True
GCA_904859935.1_Tremellales_sp_Tagirdzhanova-0007_MAG	Tremellales sp. Tagirdzhanova-0007	7	GCA_033032605.1_ASM3303260v1	Naematelia aurantialba	Naematelia	Naemateliaceae	Tremellales	Tremellomycetes		Basidiomycota		67.9713	1.18671e-13	6/10000	True
GCA_904859935.1_Tremellales_sp_Tagirdzhanova-0007_MAG	Tremellales sp. Tagirdzhanova-0007	8	GCA_056747475.1_ASM5674747v1	Naematelia sinensis	Naematelia	Naemateliaceae	Tremellales	Tremellomycetes		Basidiomycota		67.9713	1.28989e-13	6/10000	True
GCA_904859935.1_Tremellales_sp_Tagirdzhanova-0007_MAG	Tremellales sp. Tagirdzhanova-0007	9	GCA_056747515.1_ASM5674751v1	Naematelia sinensis	Naematelia	Naemateliaceae	Tremellales	Tremellomycetes		Basidiomycota		67.9713	1.28119e-13	6/10000	True
GCA_904859935.1_Tremellales_sp_Tagirdzhanova-0007_MAG	Tremellales sp. Tagirdzhanova-0007	10	GCA_056747525.1_ASM5674752v1	Naematelia sinensis	Naematelia	Naemateliaceae	Tremellales	Tremellomycetes		Basidiomycota		67.9713	1.28575e-13	6/10000	True
GCA_035521475.1_Uapishka_1	Tremellales sp. Uapishka_1	1	GCA_008065275.1_ASM806527v1	Vanrija humicola	Vanrija	Trichosporonaceae	Trichosporonales	Tremellomycetes		Basidiomycota		69.3402	1.66816e-18	8/10000	True
GCA_035521475.1_Uapishka_1	Tremellales sp. Uapishka_1	2	GCA_001600235.1_JCM_1457_assembly_v001	Vanrija humicola	Vanrija	Trichosporonaceae	Trichosporonales	Tremellomycetes		Basidiomycota		68.7048	5.9184e-16	7/10000	True
GCA_035521475.1_Uapishka_1	Tremellales sp. Uapishka_1	3	GCA_001600315.1_JCM_9941_assembly_v001	Apiotrichum gamsii	Apiotrichum	Trichosporonaceae	Trichosporonales	Tremellomycetes		Basidiomycota		68.7048	7.56803e-16	7/10000	True
GCA_035521475.1_Uapishka_1	Tremellales sp. Uapishka_1	4	GCA_001600335.1_JCM_10018_assembly_v001	Apiotrichum gracile	Apiotrichum	Trichosporonaceae	Trichosporonales	Tremellomycetes		Basidiomycota		68.7048	7.12978e-16	7/10000	True
GCA_035521475.1_Uapishka_1	Tremellales sp. Uapishka_1	5	GCA_001600855.1_JCM_24511_assembly_v001	Saitozyma sp. JCM 24511	Saitozyma	Trimorphomycetaceae	Tremellales	Tremellomycetes		Basidiomycota		68.7048	1.10832e-15	7/10000	True
GCA_035521475.1_Uapishka_1	Tremellales sp. Uapishka_1	6	GCA_002897395.1_Vhumicola_1.0	Vanrija humicola	Vanrija	Trichosporonaceae	Trichosporonales	Tremellomycetes		Basidiomycota		68.7048	5.89787e-16	7/10000	True
GCA_035521475.1_Uapishka_1	Tremellales sp. Uapishka_1	7	GCA_023628075.1_ASM2362807v1	Naganishia sp. PG3902-1	Naganishia	Filobasidiaceae	Filobasidiales	Tremellomycetes		Basidiomycota		68.7048	3.3767e-16	7/10000	True
GCA_035521475.1_Uapishka_1	Tremellales sp. Uapishka_1	8	GCA_036428645.1_ASM3642864v1	Kwoniella sp. DSM 27419	Kwoniella	Cryptococcaceae	Tremellales	Tremellomycetes		Basidiomycota		68.7048	2.83738e-16	7/10000	True
GCA_035521475.1_Uapishka_1	Tremellales sp. Uapishka_1	9	GCA_037832395.1_ASM3783239v1	Naganishia diffluens	Naganishia	Filobasidiaceae	Filobasidiales	Tremellomycetes		Basidiomycota		68.7048	3.37691e-16	7/10000	True
GCA_035521475.1_Uapishka_1	Tremellales sp. Uapishka_1	10	GCA_060229725.1_ASM6022972v1	Bullera sp. CLIB4446	Bullera	Bulleraceae	Tremellales	Tremellomycetes		Basidiomycota		68.7048	3.86147e-16	7/10000	True
GCA_023625875.1_ASM2362587v1	Trichocomaceae sp. PYS4502	1	GCA_049901525.1_ZNU_Talaro_1	Talaromyces trachyspermus	Talaromyces	Trichocomaceae	Eurotiales	Eurotiomycetes		Ascomycota		86.4774	0	301/10000	True
GCA_023625875.1_ASM2362587v1	Trichocomaceae sp. PYS4502	2	GCA_020137715.1_BUMICRO_TalaroTrachy_1.1	Talaromyces trachyspermus	Talaromyces	Trichocomaceae	Eurotiales	Eurotiomycetes		Ascomycota		86.2732	0	288/10000	True
GCA_023625875.1_ASM2362587v1	Trichocomaceae sp. PYS4502	3	GCA_051125915.1_assembly_CBS18551_v3	Talaromyces atroroseus	Talaromyces	Trichocomaceae	Eurotiales	Eurotiomycetes		Ascomycota		83.7345	0	167/10000	True
GCA_023625875.1_ASM2362587v1	Trichocomaceae sp. PYS4502	4	GCF_001907595.1_ASM190759v1	Talaromyces atroroseus	Talaromyces	Trichocomaceae	Eurotiales	Eurotiomycetes		Ascomycota		83.7063	0	166/10000	True
GCA_023625875.1_ASM2362587v1	Trichocomaceae sp. PYS4502	5	GCA_040669935.1_ASM4066993v1	Talaromyces sp. UPCC 4333	Talaromyces	Trichocomaceae	Eurotiales	Eurotiomycetes		Ascomycota		83.5921	0	162/10000	True
GCA_023625875.1_ASM2362587v1	Trichocomaceae sp. PYS4502	6	GCA_011750695.1_ASM1175069v1	Penicillium sp. OUCMDZ-019	Penicillium	Aspergillaceae	Eurotiales	Eurotiomycetes		Ascomycota		81.5539	6.91692e-323	105/10000	True
GCA_023625875.1_ASM2362587v1	Trichocomaceae sp. PYS4502	7	GCA_040333115.2_ASM4033311v2	Talaromyces fuscoviridis	Talaromyces	Trichocomaceae	Eurotiales	Eurotiomycetes		Ascomycota		78.9886	2.2356e-172	61/10000	True
GCA_023625875.1_ASM2362587v1	Trichocomaceae sp. PYS4502	8	GCF_000003125.1_JCVI-TSTA1-3.0	Talaromyces stipitatus	Talaromyces	Trichocomaceae	Eurotiales	Eurotiomycetes		Ascomycota		78.0469	2.20199e-137	50/10000	True
GCA_023625875.1_ASM2362587v1	Trichocomaceae sp. PYS4502	9	GCA_033439165.1_ICGEB_NCIM1228_1	Talaromyces pinophilus	Talaromyces	Trichocomaceae	Eurotiales	Eurotiomycetes		Ascomycota		77.1061	6.26561e-109	41/10000	True
GCA_023625875.1_ASM2362587v1	Trichocomaceae sp. PYS4502	10	GCA_009805475.2_Tcel_Rcb_2.1	Talaromyces pinophilus	Talaromyces	Trichocomaceae	Eurotiales	Eurotiomycetes		Ascomycota		76.9890	1.00404e-105	40/10000	True
GCA_037040845.1_ASM3704084v1	Trichomonascaceae sp. B5901	1	GCA_041430575.1_ASM4143057v1	Trichomonascaceae sp. VP_10		Trichomonascaceae	Dipodascales	Dipodascomycetes		Ascomycota		99.9995	0	9998/10000	True
GCA_037040845.1_ASM3704084v1	Trichomonascaceae sp. B5901	2	GCA_048569295.1_ASM4856929v1	Zygoascus sp. AB1278	Zygoascus	Trichomonascaceae	Dipodascales	Dipodascomycetes		Ascomycota		99.2901	0	7567/10000	True
GCA_037040845.1_ASM3704084v1	Trichomonascaceae sp. B5901	3	GCA_030580475.1_ASM3058047v1	Casaregolazyma patagonica	Casaregolazyma	Trichomonascaceae	Dipodascales	Dipodascomycetes		Ascomycota		86.5837	0	308/10000	True
GCA_037040845.1_ASM3704084v1	Trichomonascaceae sp. B5901	4	GCA_030568895.1_ASM3056889v1	Casaregolazyma suthepensis	Casaregolazyma	Trichomonascaceae	Dipodascales	Dipodascomycetes		Ascomycota		84.0067	0	177/10000	True
GCA_037040845.1_ASM3704084v1	Trichomonascaceae sp. B5901	5	GCA_030563415.1_ASM3056341v1	Casaregolazyma lundiana	Casaregolazyma	Trichomonascaceae	Dipodascales	Dipodascomycetes		Ascomycota		74.9443	6.43381e-76	26/10000	True
GCA_037040845.1_ASM3704084v1	Trichomonascaceae sp. B5901	6	GCA_030565365.1_ASM3056536v1	Zygoascus flipseniorum	Zygoascus	Trichomonascaceae	Dipodascales	Dipodascomycetes		Ascomycota		70.4019	3.72142e-26	10/10000	True
GCA_037040845.1_ASM3704084v1	Trichomonascaceae sp. B5901	7	GCA_030705125.1_ASM3070512v1	Zygoascus bituminiphila	Zygoascus	Trichomonascaceae	Dipodascales	Dipodascomycetes		Ascomycota		69.9006	3.83415e-23	9/10000	True
GCA_037040845.1_ASM3704084v1	Trichomonascaceae sp. B5901	8	GCA_003707925.3_ASM370792v3	Daia ofunaensis	Daia	Trichomonascaceae	Dipodascales	Dipodascomycetes		Ascomycota		68.7048	1.65706e-17	7/10000	True
GCA_037040845.1_ASM3704084v1	Trichomonascaceae sp. B5901	9	GCA_023628935.1_ASM2362893v1	Zygoascus sp. PK3305	Zygoascus	Trichomonascaceae	Dipodascales	Dipodascomycetes		Ascomycota		68.7048	1.67509e-17	7/10000	True
GCA_037040845.1_ASM3704084v1	Trichomonascaceae sp. B5901	10	GCA_030556875.1_ASM3055687v1	Zygoascus biomembranicola	Zygoascus	Trichomonascaceae	Dipodascales	Dipodascomycetes		Ascomycota		68.7048	1.23571e-17	7/10000	True
GCA_055797495.1_UFMG_Dzmpeteri_v1.0	Trichomonascaceae sp. UFMG-CM-Y2876	1	GCA_056507785.1_ASM5650778v1	Limtongella incommunis	Limtongella	Trichomonascaceae	Dipodascales	Dipodascomycetes		Ascomycota		70.4019	6.94088e-26	10/10000	True
GCA_055797495.1_UFMG_Dzmpeteri_v1.0	Trichomonascaceae sp. UFMG-CM-Y2876	2	GCA_003706695.3_ASM370669v3	Limtongella incommunis	Limtongella	Trichomonascaceae	Dipodascales	Dipodascomycetes		Ascomycota		69.3402	3.08813e-20	8/10000	True
GCA_055797495.1_UFMG_Dzmpeteri_v1.0	Trichomonascaceae sp. UFMG-CM-Y2876	3	GCA_003708225.3_ASM370822v3	Williopsis suaveolens	Williopsis	Wickerhamomycetaceae	Phaffomycetales	Saccharomycetes		Ascomycota		67.9713	9.68373e-15	6/10000	True
GCA_055797495.1_UFMG_Dzmpeteri_v1.0	Trichomonascaceae sp. UFMG-CM-Y2876	4	GCA_003709245.3_ASM370924v3	Williopsis saturnus	Williopsis	Wickerhamomycetaceae	Phaffomycetales	Saccharomycetes		Ascomycota		67.9713	1.10038e-14	6/10000	True
GCA_055797495.1_UFMG_Dzmpeteri_v1.0	Trichomonascaceae sp. UFMG-CM-Y2876	5	GCA_004919885.1_ASM491988v1	Hanseniaspora occidentalis	Hanseniaspora	Saccharomycodaceae	Saccharomycodales	Saccharomycetes		Ascomycota		67.9713	8.69207e-15	6/10000	True
GCA_055797495.1_UFMG_Dzmpeteri_v1.0	Trichomonascaceae sp. UFMG-CM-Y2876	6	GCA_030557175.1_ASM3055717v1	Petasospora japonica	Petasospora	Wickerhamomycetaceae	Phaffomycetales	Saccharomycetes		Ascomycota		67.9713	8.77707e-15	6/10000	True
GCA_055797495.1_UFMG_Dzmpeteri_v1.0	Trichomonascaceae sp. UFMG-CM-Y2876	7	GCA_030563305.1_ASM3056330v1	Petasospora maesae	Petasospora	Wickerhamomycetaceae	Phaffomycetales	Saccharomycetes		Ascomycota		67.9713	1.07061e-14	6/10000	True
GCA_055797495.1_UFMG_Dzmpeteri_v1.0	Trichomonascaceae sp. UFMG-CM-Y2876	8	GCA_030564005.1_ASM3056400v1	Ruyongia tratensis	Ruyongia	Wickerhamomycetaceae	Phaffomycetales	Saccharomycetes		Ascomycota		67.9713	8.79559e-15	6/10000	True
GCA_055797495.1_UFMG_Dzmpeteri_v1.0	Trichomonascaceae sp. UFMG-CM-Y2876	9	GCA_030568365.1_ASM3056836v1	Myxozyma kluyveri	Myxozyma	Lipomycetaceae	Lipomycetales	Lipomycetes		Ascomycota		67.9713	1.79571e-14	6/10000	True
GCA_055797495.1_UFMG_Dzmpeteri_v1.0	Trichomonascaceae sp. UFMG-CM-Y2876	10	GCA_030674515.1_ASM3067451v1	Geotrichum armillariae	Geotrichum	Dipodascaceae	Dipodascales	Dipodascomycetes		Ascomycota		67.9713	2.21551e-14	6/10000	True
GCA_041430575.1_ASM4143057v1	Trichomonascaceae sp. VP_10	1	GCA_037040845.1_ASM3704084v1	Trichomonascaceae sp. B5901		Trichomonascaceae	Dipodascales	Dipodascomycetes		Ascomycota		99.9995	0	9998/10000	True
GCA_041430575.1_ASM4143057v1	Trichomonascaceae sp. VP_10	2	GCA_048569295.1_ASM4856929v1	Zygoascus sp. AB1278	Zygoascus	Trichomonascaceae	Dipodascales	Dipodascomycetes		Ascomycota		99.2901	0	7567/10000	True
GCA_041430575.1_ASM4143057v1	Trichomonascaceae sp. VP_10	3	GCA_030580475.1_ASM3058047v1	Casaregolazyma patagonica	Casaregolazyma	Trichomonascaceae	Dipodascales	Dipodascomycetes		Ascomycota		86.5837	0	308/10000	True
GCA_041430575.1_ASM4143057v1	Trichomonascaceae sp. VP_10	4	GCA_030568895.1_ASM3056889v1	Casaregolazyma suthepensis	Casaregolazyma	Trichomonascaceae	Dipodascales	Dipodascomycetes		Ascomycota		84.0067	0	177/10000	True
GCA_041430575.1_ASM4143057v1	Trichomonascaceae sp. VP_10	5	GCA_030563415.1_ASM3056341v1	Casaregolazyma lundiana	Casaregolazyma	Trichomonascaceae	Dipodascales	Dipodascomycetes		Ascomycota		74.9443	6.36526e-76	26/10000	True
GCA_041430575.1_ASM4143057v1	Trichomonascaceae sp. VP_10	6	GCA_030565365.1_ASM3056536v1	Zygoascus flipseniorum	Zygoascus	Trichomonascaceae	Dipodascales	Dipodascomycetes		Ascomycota		70.4019	3.70676e-26	10/10000	True
GCA_041430575.1_ASM4143057v1	Trichomonascaceae sp. VP_10	7	GCA_030705125.1_ASM3070512v1	Zygoascus bituminiphila	Zygoascus	Trichomonascaceae	Dipodascales	Dipodascomycetes		Ascomycota		69.9006	3.82011e-23	9/10000	True
GCA_041430575.1_ASM4143057v1	Trichomonascaceae sp. VP_10	8	GCA_003707925.3_ASM370792v3	Daia ofunaensis	Daia	Trichomonascaceae	Dipodascales	Dipodascomycetes		Ascomycota		68.7048	1.65229e-17	7/10000	True
GCA_041430575.1_ASM4143057v1	Trichomonascaceae sp. VP_10	9	GCA_023628935.1_ASM2362893v1	Zygoascus sp. PK3305	Zygoascus	Trichomonascaceae	Dipodascales	Dipodascomycetes		Ascomycota		68.7048	1.67026e-17	7/10000	True
GCA_041430575.1_ASM4143057v1	Trichomonascaceae sp. VP_10	10	GCA_030556875.1_ASM3055687v1	Zygoascus biomembranicola	Zygoascus	Trichomonascaceae	Dipodascales	Dipodascomycetes		Ascomycota		68.7048	1.2323e-17	7/10000	True
GCA_023628915.1_ASM2362891v1	Trichomonascaceae sp. Y4102	1	GCA_037074825.1_ASM3707482v1	Blastobotrys sp. G-9	Blastobotrys	Trichomonascaceae	Dipodascales	Dipodascomycetes		Ascomycota		71.2691	4.18596e-32	12/10000	True
GCA_023628915.1_ASM2362891v1	Trichomonascaceae sp. Y4102	2	GCA_016162255.1_ASM1616225v1	Blastobotrys adeninivorans	Blastobotrys	Trichomonascaceae	Dipodascales	Dipodascomycetes		Ascomycota		70.8553	4.11498e-29	11/10000	True
GCA_023628915.1_ASM2362891v1	Trichomonascaceae sp. Y4102	3	GCA_030578655.1_ASM3057865v1	Magnusiomyces starmeri	Magnusiomyces	Dipodascaceae	Dipodascales	Dipodascomycetes		Ascomycota		70.8553	1.27825e-28	11/10000	True
GCA_023628915.1_ASM2362891v1	Trichomonascaceae sp. Y4102	4	GCA_055672235.1_ASM5567223v1	Blastobotrys adeninivorans	Blastobotrys	Trichomonascaceae	Dipodascales	Dipodascomycetes		Ascomycota		70.8553	4.0434e-29	11/10000	True
GCA_023628915.1_ASM2362891v1	Trichomonascaceae sp. Y4102	5	GCA_003705705.2_ASM370570v2	Blastobotrys raffinosifermentans	Blastobotrys	Trichomonascaceae	Dipodascales	Dipodascomycetes		Ascomycota		70.4019	3.26945e-26	10/10000	True
GCA_023628915.1_ASM2362891v1	Trichomonascaceae sp. Y4102	6	GCA_013305925.1_ASM1330592v1	Geotrichum reessii	Geotrichum	Dipodascaceae	Dipodascales	Dipodascomycetes		Ascomycota		69.9006	2.68518e-22	9/10000	True
GCA_023628915.1_ASM2362891v1	Trichomonascaceae sp. Y4102	7	GCA_030566025.1_ASM3056602v1	Geotrichum cucujoidarum	Geotrichum	Dipodascaceae	Dipodascales	Dipodascomycetes		Ascomycota		69.9006	1.59215e-22	9/10000	True
GCA_023628915.1_ASM2362891v1	Trichomonascaceae sp. Y4102	8	GCA_003705745.3_ASM370574v3	Blastobotrys muscicola	Blastobotrys	Trichomonascaceae	Dipodascales	Dipodascomycetes		Ascomycota		69.3402	3.4785e-20	8/10000	True
GCA_023628915.1_ASM2362891v1	Trichomonascaceae sp. Y4102	9	GCA_013305805.1_LMA-1147_v2	Geotrichum galactomycetum	Geotrichum	Dipodascaceae	Dipodascales	Dipodascomycetes		Ascomycota		69.3402	1.32504e-19	8/10000	True
GCA_023628915.1_ASM2362891v1	Trichomonascaceae sp. Y4102	10	GCA_017639365.1_ASM1763936v1	Yarrowia sp. E02	Yarrowia		Dipodascales	Dipodascomycetes		Ascomycota		69.3402	1.73144e-19	8/10000	True
GCA_019633535.1_Tulinq235_1.0	Tulasnella sp. JGI-2019a	1	GCA_019633545.1_Tulinq238_1.0	Tulasnella sp. JGI-2019a		Tulasnellaceae	Cantharellales	Agaricomycetes		Basidiomycota		99.6208	0	8578/10000	True
GCA_019633535.1_Tulinq235_1.0	Tulasnella sp. JGI-2019a	2	GCA_019633555.1_Tulinq7632_1.0	Tulasnella sp. JGI-2019a		Tulasnellaceae	Cantharellales	Agaricomycetes		Basidiomycota		99.2865	0	7557/10000	True
GCA_019633535.1_Tulinq235_1.0	Tulasnella sp. JGI-2019a	3	GCA_019632285.1_Tulasn332_1.0	Tulasnella sp. 332	Tulasnella	Tulasnellaceae	Cantharellales	Agaricomycetes		Basidiomycota		72.9253	1.77719e-37	17/10000	True
GCA_019633535.1_Tulinq235_1.0	Tulasnella sp. JGI-2019a	4	GCA_019632265.1_Tulasn331_1.0	Tulasnella sp. 331	Tulasnella	Tulasnellaceae	Cantharellales	Agaricomycetes		Basidiomycota		72.6371	5.95506e-35	16/10000	True
GCA_019633535.1_Tulinq235_1.0	Tulasnella sp. JGI-2019a	5	GCA_019632275.1_Tulasn330_1.0	Tulasnella sp. 330	Tulasnella	Tulasnellaceae	Cantharellales	Agaricomycetes		Basidiomycota		72.6371	4.52009e-35	16/10000	True
GCA_019633535.1_Tulinq235_1.0	Tulasnella sp. JGI-2019a	6	GCA_000507065.1_B6842	Mortierella alpina	Mortierella	Mortierellaceae	Mortierellales	Mortierellomycetes		Mortierellomycota		67.9713	1.40493e-11	6/10000	True
GCA_019633535.1_Tulinq235_1.0	Tulasnella sp. JGI-2019a	7	GCA_015679415.1_UCR_MalpAD072_1.0	Mortierella alpina	Mortierella	Mortierellaceae	Mortierellales	Mortierellomycetes		Mortierellomycota		67.9713	1.13613e-11	6/10000	True
GCA_019633535.1_Tulinq235_1.0	Tulasnella sp. JGI-2019a	8	GCA_059919325.1_ASM5991932v1	Mortierella alpina	Mortierella	Mortierellaceae	Mortierellales	Mortierellomycetes		Mortierellomycota		67.9713	1.24567e-11	6/10000	True
GCA_019633535.1_Tulinq235_1.0	Tulasnella sp. JGI-2019a	9	GCA_000410735.1_Opiceae_UAMHv01	Ophiostoma piceae	Ophiostoma	Ophiostomataceae	Ophiostomatales	Sordariomycetes		Ascomycota		67.1035	1.12419e-09	5/10000	True
GCA_019633535.1_Tulinq235_1.0	Tulasnella sp. JGI-2019a	10	GCA_001712455.1_ASM171245v1	Solicoccozyma terricola	Solicoccozyma	Piskurozymaceae	Filobasidiales	Tremellomycetes		Basidiomycota		67.1035	3.87732e-10	5/10000	True
GCA_019633545.1_Tulinq238_1.0	Tulasnella sp. JGI-2019a	1	GCA_019633535.1_Tulinq235_1.0	Tulasnella sp. JGI-2019a		Tulasnellaceae	Cantharellales	Agaricomycetes		Basidiomycota		99.6208	0	8578/10000	True
GCA_019633545.1_Tulinq238_1.0	Tulasnella sp. JGI-2019a	2	GCA_019633555.1_Tulinq7632_1.0	Tulasnella sp. JGI-2019a		Tulasnellaceae	Cantharellales	Agaricomycetes		Basidiomycota		99.3051	0	7609/10000	True
GCA_019633545.1_Tulinq238_1.0	Tulasnella sp. JGI-2019a	3	GCA_019632285.1_Tulasn332_1.0	Tulasnella sp. 332	Tulasnella	Tulasnellaceae	Cantharellales	Agaricomycetes		Basidiomycota		73.9297	9.56944e-48	21/10000	True
GCA_019633545.1_Tulinq238_1.0	Tulasnella sp. JGI-2019a	4	GCA_019632265.1_Tulasn331_1.0	Tulasnella sp. 331	Tulasnella	Tulasnellaceae	Cantharellales	Agaricomycetes		Basidiomycota		73.6978	3.89051e-45	20/10000	True
GCA_019633545.1_Tulinq238_1.0	Tulasnella sp. JGI-2019a	5	GCA_019632275.1_Tulasn330_1.0	Tulasnella sp. 330	Tulasnella	Tulasnellaceae	Cantharellales	Agaricomycetes		Basidiomycota		73.4540	1.11613e-42	19/10000	True
GCA_019633545.1_Tulinq238_1.0	Tulasnella sp. JGI-2019a	6	GCA_002105175.1_Absrep1	Absidia repens	Absidia	Cunninghamellaceae	Mucorales	Mucoromycetes		Mucoromycota		68.7048	2.01683e-13	7/10000	True
GCA_019633545.1_Tulinq238_1.0	Tulasnella sp. JGI-2019a	7	GCA_000507065.1_B6842	Mortierella alpina	Mortierella	Mortierellaceae	Mortierellales	Mortierellomycetes		Mortierellomycota		67.9713	1.50282e-11	6/10000	True
GCA_019633545.1_Tulinq238_1.0	Tulasnella sp. JGI-2019a	8	GCA_015679415.1_UCR_MalpAD072_1.0	Mortierella alpina	Mortierella	Mortierellaceae	Mortierellales	Mortierellomycetes		Mortierellomycota		67.9713	1.21243e-11	6/10000	True
GCA_019633545.1_Tulinq238_1.0	Tulasnella sp. JGI-2019a	9	GCA_021396255.1_ASM2139625v1	Sporothrix variecibatus	Sporothrix	Ophiostomataceae	Ophiostomatales	Sordariomycetes		Ascomycota		67.9713	1.47339e-11	6/10000	True
GCA_019633545.1_Tulinq238_1.0	Tulasnella sp. JGI-2019a	10	GCA_023091675.1_ASM2309167v1	Linnemannia amoeboidea	Linnemannia	Mortierellaceae	Mortierellales	Mortierellomycetes		Mortierellomycota		67.9713	1.38603e-11	6/10000	True
GCA_019633555.1_Tulinq7632_1.0	Tulasnella sp. JGI-2019a	1	GCA_019633545.1_Tulinq238_1.0	Tulasnella sp. JGI-2019a		Tulasnellaceae	Cantharellales	Agaricomycetes		Basidiomycota		99.3051	0	7609/10000	True
GCA_019633555.1_Tulinq7632_1.0	Tulasnella sp. JGI-2019a	2	GCA_019633535.1_Tulinq235_1.0	Tulasnella sp. JGI-2019a		Tulasnellaceae	Cantharellales	Agaricomycetes		Basidiomycota		99.2865	0	7557/10000	True
GCA_019633555.1_Tulinq7632_1.0	Tulasnella sp. JGI-2019a	3	GCA_019632285.1_Tulasn332_1.0	Tulasnella sp. 332	Tulasnella	Tulasnellaceae	Cantharellales	Agaricomycetes		Basidiomycota		74.1507	2.55286e-50	22/10000	True
GCA_019633555.1_Tulinq7632_1.0	Tulasnella sp. JGI-2019a	4	GCA_019632265.1_Tulasn331_1.0	Tulasnella sp. 331	Tulasnella	Tulasnellaceae	Cantharellales	Agaricomycetes		Basidiomycota		73.9297	1.07773e-47	21/10000	True
GCA_019633555.1_Tulinq7632_1.0	Tulasnella sp. JGI-2019a	5	GCA_019632275.1_Tulasn330_1.0	Tulasnella sp. 330	Tulasnella	Tulasnellaceae	Cantharellales	Agaricomycetes		Basidiomycota		73.6978	3.15973e-45	20/10000	True
GCA_019633555.1_Tulinq7632_1.0	Tulasnella sp. JGI-2019a	6	GCA_003708265.3_ASM370826v3	Williopsis vartiovaarae	Williopsis	Wickerhamomycetaceae	Phaffomycetales	Saccharomycetes		Ascomycota		68.7048	2.82386e-16	7/10000	True
GCA_019633555.1_Tulinq7632_1.0	Tulasnella sp. JGI-2019a	7	GCA_020995425.1_ASM2099542v1	Williopsis sargentensis	Williopsis	Wickerhamomycetaceae	Phaffomycetales	Saccharomycetes		Ascomycota		68.7048	3.14145e-16	7/10000	True
GCA_019633555.1_Tulinq7632_1.0	Tulasnella sp. JGI-2019a	8	GCA_000507065.1_B6842	Mortierella alpina	Mortierella	Mortierellaceae	Mortierellales	Mortierellomycetes		Mortierellomycota		67.9713	1.56482e-11	6/10000	True
GCA_019633555.1_Tulinq7632_1.0	Tulasnella sp. JGI-2019a	9	GCA_015679415.1_UCR_MalpAD072_1.0	Mortierella alpina	Mortierella	Mortierellaceae	Mortierellales	Mortierellomycetes		Mortierellomycota		67.9713	1.26066e-11	6/10000	True
GCA_019633555.1_Tulinq7632_1.0	Tulasnella sp. JGI-2019a	10	GCA_059919325.1_ASM5991932v1	Mortierella alpina	Mortierella	Mortierellaceae	Mortierellales	Mortierellomycetes		Mortierellomycota		67.9713	1.38445e-11	6/10000	True
GCA_937857905.1_SRR13685131_bin.26_CONCOCT_v1.1_MAG	uncultured Alectoria	1	GCA_905337325.1_GTX0161_lecanoromycete	Alectoria fallacina	Alectoria	Parmeliaceae	Lecanorales	Lecanoromycetes		Ascomycota		98.3349	0	5443/10000	True
GCA_937857905.1_SRR13685131_bin.26_CONCOCT_v1.1_MAG	uncultured Alectoria	2	GCA_964257205.1_private_VT19_concoct_bin.7	Alectoria ochroleuca	Alectoria	Parmeliaceae	Lecanorales	Lecanoromycetes		Ascomycota		93.3558	0	1414/10000	True
GCA_937857905.1_SRR13685131_bin.26_CONCOCT_v1.1_MAG	uncultured Alectoria	3	GCA_964255965.1_private_X12_concoct_bin.4	Alectoria sarmentosa	Alectoria	Parmeliaceae	Lecanorales	Lecanoromycetes		Ascomycota		92.3701	0	1120/10000	True
GCA_937857905.1_SRR13685131_bin.26_CONCOCT_v1.1_MAG	uncultured Alectoria	4	GCA_009733775.1_ASM973377v1	Alectoria sarmentosa	Alectoria	Parmeliaceae	Lecanorales	Lecanoromycetes		Ascomycota		91.7367	0	967/10000	True
GCA_937857905.1_SRR13685131_bin.26_CONCOCT_v1.1_MAG	uncultured Alectoria	5	GCA_964254905.1_private_VT31_metabat2_bin.4	Bryoria fremontii	Bryoria	Parmeliaceae	Lecanorales	Lecanoromycetes		Ascomycota		84.8275	0	211/10000	True
GCA_937857905.1_SRR13685131_bin.26_CONCOCT_v1.1_MAG	uncultured Alectoria	6	GCA_964257005.1_public_SRR7232211_concoct_bin.3	Letharia vulpina	Letharia	Parmeliaceae	Lecanorales	Lecanoromycetes		Ascomycota		83.9535	0	175/10000	True
GCA_937857905.1_SRR13685131_bin.26_CONCOCT_v1.1_MAG	uncultured Alectoria	7	GCA_964256985.1_public_SRR5808932_concoct_bin.35	Pseudevernia furfuracea	Pseudevernia	Parmeliaceae	Lecanorales	Lecanoromycetes		Ascomycota		83.8997	0	173/10000	True
GCA_937857905.1_SRR13685131_bin.26_CONCOCT_v1.1_MAG	uncultured Alectoria	8	GCA_964255465.1_private_VT22_concoct_bin.7	Pseudephebe minuscula	Pseudephebe	Parmeliaceae	Lecanorales	Lecanoromycetes		Ascomycota		83.8453	0	171/10000	True
GCA_937857905.1_SRR13685131_bin.26_CONCOCT_v1.1_MAG	uncultured Alectoria	9	GCA_059794075.1_ASM5979407v1	Pseudephebe pubescens	Pseudephebe	Parmeliaceae	Lecanorales	Lecanoromycetes		Ascomycota		83.7624	0	168/10000	True
GCA_937857905.1_SRR13685131_bin.26_CONCOCT_v1.1_MAG	uncultured Alectoria	10	GCA_964255205.1_public_SRR14722118_metabat2_bin.5	Bryoria tenuis	Bryoria	Parmeliaceae	Lecanorales	Lecanoromycetes		Ascomycota		83.7345	0	167/10000	True
GCA_937900785.1_ERR1332601_bin.1_CONCOCT_v1.1_MAG	uncultured Arthrodermataceae	1	GCA_001651445.1_CMCC_F_T1i	Trichophyton rubrum	Trichophyton	Arthrodermataceae	Onygenales	Eurotiomycetes		Ascomycota		99.4054	0	7899/10000	True
GCA_937900785.1_ERR1332601_bin.1_CONCOCT_v1.1_MAG	uncultured Arthrodermataceae	2	GCA_051943855.2_ASM5194385v2	Trichophyton rubrum	Trichophyton	Arthrodermataceae	Onygenales	Eurotiomycetes		Ascomycota		99.3987	0	7879/10000	True
GCA_937900785.1_ERR1332601_bin.1_CONCOCT_v1.1_MAG	uncultured Arthrodermataceae	3	GCA_000812105.1_ASM81210v1	Trichophyton rubrum	Trichophyton	Arthrodermataceae	Onygenales	Eurotiomycetes		Ascomycota		99.3895	0	7852/10000	True
GCA_937900785.1_ERR1332601_bin.1_CONCOCT_v1.1_MAG	uncultured Arthrodermataceae	4	GCF_000151425.1_ASM15142v1	Trichophyton rubrum	Trichophyton	Arthrodermataceae	Onygenales	Eurotiomycetes		Ascomycota		99.3892	0	7851/10000	True
GCA_937900785.1_ERR1332601_bin.1_CONCOCT_v1.1_MAG	uncultured Arthrodermataceae	5	GCA_000616985.1_Tric_raub_CBS_202_88_V2	Trichophyton rubrum	Trichophyton	Arthrodermataceae	Onygenales	Eurotiomycetes		Ascomycota		99.3810	0	7827/10000	True
GCA_937900785.1_ERR1332601_bin.1_CONCOCT_v1.1_MAG	uncultured Arthrodermataceae	6	GCA_051943675.1_ASM5194367v1	Trichophyton violaceum	Trichophyton	Arthrodermataceae	Onygenales	Eurotiomycetes		Ascomycota		99.3532	0	7746/10000	True
GCA_937900785.1_ERR1332601_bin.1_CONCOCT_v1.1_MAG	uncultured Arthrodermataceae	7	GCA_000622995.1_Tric_rubr_D6_V1	Trichophyton rubrum	Trichophyton	Arthrodermataceae	Onygenales	Eurotiomycetes		Ascomycota		99.3431	0	7717/10000	True
GCA_937900785.1_ERR1332601_bin.1_CONCOCT_v1.1_MAG	uncultured Arthrodermataceae	8	GCA_021853515.1_ASM2185351v1	Trichophyton rubrum	Trichophyton	Arthrodermataceae	Onygenales	Eurotiomycetes		Ascomycota		99.3427	0	7716/10000	True
GCA_937900785.1_ERR1332601_bin.1_CONCOCT_v1.1_MAG	uncultured Arthrodermataceae	9	GCA_000616945.1_Tric_rubr_MR1459_V1	Trichophyton rubrum	Trichophyton	Arthrodermataceae	Onygenales	Eurotiomycetes		Ascomycota		99.3393	0	7706/10000	True
GCA_937900785.1_ERR1332601_bin.1_CONCOCT_v1.1_MAG	uncultured Arthrodermataceae	10	GCA_000616765.1_Tric_rubr_MR-850_V1	Trichophyton rubrum	Trichophyton	Arthrodermataceae	Onygenales	Eurotiomycetes		Ascomycota		99.3389	0	7705/10000	True
GCA_935753355.1_ERR7747324_bin.10	uncultured Ascochyta	1	GCF_010093625.1_Macan1	Macroventuria anomochaeta	Macroventuria	Didymellaceae	Pleosporales	Dothideomycetes		Ascomycota		84.6702	0	204/10000	True
GCA_935753355.1_ERR7747324_bin.10	uncultured Ascochyta	2	GCA_057978275.1_Crustfungi11_Didyme	Didymellaceae sp. 537F		Didymellaceae	Pleosporales	Dothideomycetes		Ascomycota		83.9535	0	175/10000	True
GCA_935753355.1_ERR7747324_bin.10	uncultured Ascochyta	3	GCA_004835665.1_ASM483566v1	Phoma sp. XZ068	Phoma	Didymellaceae	Pleosporales	Dothideomycetes		Ascomycota		82.5229	0	129/10000	True
GCA_935753355.1_ERR7747324_bin.10	uncultured Ascochyta	4	GCA_028584115.1_ASM2858411v1	Stagonosporopsis vannaccii	Stagonosporopsis	Didymellaceae	Pleosporales	Dothideomycetes		Ascomycota		81.9413	0	114/10000	True
GCA_935753355.1_ERR7747324_bin.10	uncultured Ascochyta	5	GCA_027946495.1_ASM2794649v1	Didymella sp. IMI 355093	Didymella	Didymellaceae	Pleosporales	Dothideomycetes		Ascomycota		81.3708	1.2921e-308	101/10000	True
GCA_935753355.1_ERR7747324_bin.10	uncultured Ascochyta	6	GCA_000812845.1_ASM81284v1	Stagonosporopsis tanaceti	Stagonosporopsis	Didymellaceae	Pleosporales	Dothideomycetes		Ascomycota		81.1803	4.62245e-295	97/10000	True
GCA_935753355.1_ERR7747324_bin.10	uncultured Ascochyta	7	GCA_016767195.1_ASM1676719v1	Stagonosporopsis rhizophila	Stagonosporopsis	Didymellaceae	Pleosporales	Dothideomycetes		Ascomycota		81.0820	6.02581e-287	95/10000	True
GCA_935753355.1_ERR7747324_bin.10	uncultured Ascochyta	8	GCA_022345275.1_ASM2234527v1	Alternaria alternata	Alternaria	Pleosporaceae	Pleosporales	Dothideomycetes		Ascomycota		80.7209	5.18375e-262	88/10000	True
GCA_935753355.1_ERR7747324_bin.10	uncultured Ascochyta	9	GCA_011058895.1_ASM1105889v1	Didymella heteroderae	Didymella	Didymellaceae	Pleosporales	Dothideomycetes		Ascomycota		80.6669	1.07548e-257	87/10000	True
GCA_935753355.1_ERR7747324_bin.10	uncultured Ascochyta	10	GCA_004335285.1_ASM433528v1	Ascochyta fabae	Ascochyta	Didymellaceae	Pleosporales	Dothideomycetes		Ascomycota		80.6123	1.5506e-254	86/10000	True
GCA_937873075.1_SRR1562005_bin.67_CONCOCT_v1.1_MAG	uncultured Hypocreales	1	GCA_003012175.1_Trichothecium_roseum_DAOM197141_TROSE1_contigs	Trichothecium roseum	Trichothecium		Hypocreales	Sordariomycetes		Ascomycota		98.1362	0	5107/10000	True
GCA_937873075.1_SRR1562005_bin.67_CONCOCT_v1.1_MAG	uncultured Hypocreales	2	GCA_029300035.1_ASM2930003v1	Ascomycota sp.						Ascomycota		97.9766	0	4857/10000	True
GCA_937873075.1_SRR1562005_bin.67_CONCOCT_v1.1_MAG	uncultured Hypocreales	3	GCA_022701375.1_ASM2270137v1	Trichothecium roseum	Trichothecium		Hypocreales	Sordariomycetes		Ascomycota		97.9674	0	4843/10000	True
GCA_937873075.1_SRR1562005_bin.67_CONCOCT_v1.1_MAG	uncultured Hypocreales	4	GCA_003012185.1_Trichothecium_roseum_DAOM195227_TROSE_contigs	Trichothecium roseum	Trichothecium		Hypocreales	Sordariomycetes		Ascomycota		97.9581	0	4829/10000	True
GCA_937873075.1_SRR1562005_bin.67_CONCOCT_v1.1_MAG	uncultured Hypocreales	5	GCA_003012095.1_Trichothecium_roseum_K7_1_TROSE2_contigs	Trichothecium roseum	Trichothecium		Hypocreales	Sordariomycetes		Ascomycota		97.3335	0	3998/10000	True
GCA_937873075.1_SRR1562005_bin.67_CONCOCT_v1.1_MAG	uncultured Hypocreales	6	GCA_029300015.1_ASM2930001v1	Ascomycota sp.						Ascomycota		94.0181	0	1660/10000	True
GCA_937873075.1_SRR1562005_bin.67_CONCOCT_v1.1_MAG	uncultured Hypocreales	7	GCA_026184415.1_ASM2618441v1	Trichothecium roseum	Trichothecium		Hypocreales	Sordariomycetes		Ascomycota		93.5231	0	1472/10000	True
GCA_937873075.1_SRR1562005_bin.67_CONCOCT_v1.1_MAG	uncultured Hypocreales	8	GCA_003012195.1_Spicellum_ovalisporum_DAOM186447_SOVAL_contigs	Trichothecium ovalisporum	Trichothecium		Hypocreales	Sordariomycetes		Ascomycota		77.1061	8.54772e-115	41/10000	True
GCA_937873075.1_SRR1562005_bin.67_CONCOCT_v1.1_MAG	uncultured Hypocreales	9	GCA_003012115.1_Spicellum_roseum_DAOM209012_SROSE_contigs	Trichothecium sympodiale	Trichothecium		Hypocreales	Sordariomycetes		Ascomycota		76.9890	2.28758e-111	40/10000	True
GCA_937873075.1_SRR1562005_bin.67_CONCOCT_v1.1_MAG	uncultured Hypocreales	10	GCA_023627875.1_ASM2362787v1	Geotrichum candidum	Geotrichum	Dipodascaceae	Dipodascales	Dipodascomycetes		Ascomycota		74.3619	1.41772e-60	23/10000	True
GCA_937857585.1_SRR13685157_bin.1_CONCOCT_v1.1_MAG	uncultured Lecanoromycetes	1	GCA_964256425.1_public_SRR14721960_metabat2_bin.2	Phyllopsora corallina	Phyllopsora	Ramalinaceae	Lecanorales	Lecanoromycetes		Ascomycota		98.8235	0	6408/10000	True
GCA_937857585.1_SRR13685157_bin.1_CONCOCT_v1.1_MAG	uncultured Lecanoromycetes	2	GCA_964257265.1_public_SRR14721964_metabat2_bin.3	Phyllopsora parvifolia	Phyllopsora	Ramalinaceae	Lecanorales	Lecanoromycetes		Ascomycota		78.4115	8.46689e-159	54/10000	True
GCA_937857585.1_SRR13685157_bin.1_CONCOCT_v1.1_MAG	uncultured Lecanoromycetes	3	GCA_964255495.1_public_SRR14722013_metabat2_bin.2	Biatora pontica	Biatora	Ramalinaceae	Lecanorales	Lecanoromycetes		Ascomycota		72.3303	7.40196e-37	15/10000	True
GCA_937857585.1_SRR13685157_bin.1_CONCOCT_v1.1_MAG	uncultured Lecanoromycetes	4	GCA_020284055.1_ASM2028405v1	Aspergillus brunneus	Aspergillus	Aspergillaceae	Eurotiales	Eurotiomycetes		Ascomycota		68.7048	1.13822e-15	7/10000	True
GCA_937857585.1_SRR13685157_bin.1_CONCOCT_v1.1_MAG	uncultured Lecanoromycetes	5	GCA_022813405.1_ASM2281340v1	Aspergillus pseudoglaucus	Aspergillus	Aspergillaceae	Eurotiales	Eurotiomycetes		Ascomycota		68.7048	1.14542e-15	7/10000	True
GCA_937857585.1_SRR13685157_bin.1_CONCOCT_v1.1_MAG	uncultured Lecanoromycetes	6	GCA_023184635.1_ASM2318463v1	Umbilicaria deusta	Umbilicaria	Umbilicariaceae	Umbilicariales	Lecanoromycetes		Ascomycota		68.7048	3.45728e-15	7/10000	True
GCA_937857585.1_SRR13685157_bin.1_CONCOCT_v1.1_MAG	uncultured Lecanoromycetes	7	GCA_039880875.1_ASM3988087v1	Aspergillus pseudoglaucus	Aspergillus	Aspergillaceae	Eurotiales	Eurotiomycetes		Ascomycota		68.7048	1.2665e-15	7/10000	True
GCA_937857585.1_SRR13685157_bin.1_CONCOCT_v1.1_MAG	uncultured Lecanoromycetes	8	GCA_053478105.1_ASM5347810v1	Umbilicaria deusta	Umbilicaria	Umbilicariaceae	Umbilicariales	Lecanoromycetes		Ascomycota		68.7048	3.1165e-15	7/10000	True
GCA_937857585.1_SRR13685157_bin.1_CONCOCT_v1.1_MAG	uncultured Lecanoromycetes	9	GCA_053478145.1_ASM5347814v1	Umbilicaria deusta	Umbilicaria	Umbilicariaceae	Umbilicariales	Lecanoromycetes		Ascomycota		68.7048	3.12361e-15	7/10000	True
GCA_937857585.1_SRR13685157_bin.1_CONCOCT_v1.1_MAG	uncultured Lecanoromycetes	10	GCA_016098135.1_UCR_MwolfiiNRRL66265_1.0	Actinomortierella wolfii	Actinomortierella	Mortierellaceae	Mortierellales	Mortierellomycetes		Mortierellomycota		67.9713	6.16752e-13	6/10000	True
GCA_937832625.1_SRR13685160_bin.30_CONCOCT_v1.1_MAG	uncultured Leotiomyceta	1	GCA_002989075.1_artRad1.0	Arthonia radiata	Arthonia	Arthoniaceae	Arthoniales	Arthoniomycetes		Ascomycota		68.7048	8.47775e-15	7/10000	True
GCA_937832625.1_SRR13685160_bin.30_CONCOCT_v1.1_MAG	uncultured Leotiomyceta	2	GCA_005059855.1_ASM505985v1	Friedmanniomyces endolithicus	Friedmanniomyces	Teratosphaeriaceae	Mycosphaerellales	Dothideomycetes		Ascomycota		67.9713	3.92418e-12	6/10000	True
GCA_937832625.1_SRR13685160_bin.30_CONCOCT_v1.1_MAG	uncultured Leotiomyceta	3	GCA_030411865.1_ASM3041186v1	Friedmanniomyces endolithicus	Friedmanniomyces	Teratosphaeriaceae	Mycosphaerellales	Dothideomycetes		Ascomycota		67.9713	3.71736e-12	6/10000	True
GCA_937832625.1_SRR13685160_bin.30_CONCOCT_v1.1_MAG	uncultured Leotiomyceta	4	GCA_030553335.1_ASM3055333v1	Friedmanniomyces endolithicus	Friedmanniomyces	Teratosphaeriaceae	Mycosphaerellales	Dothideomycetes		Ascomycota		67.9713	3.69602e-12	6/10000	True
GCA_937832625.1_SRR13685160_bin.30_CONCOCT_v1.1_MAG	uncultured Leotiomyceta	5	GCA_030553415.1_ASM3055341v1	Friedmanniomyces endolithicus	Friedmanniomyces	Teratosphaeriaceae	Mycosphaerellales	Dothideomycetes		Ascomycota		67.9713	7.5959e-12	6/10000	True
GCA_937832625.1_SRR13685160_bin.30_CONCOCT_v1.1_MAG	uncultured Leotiomyceta	6	GCA_030553445.1_ASM3055344v1	Friedmanniomyces endolithicus	Friedmanniomyces	Teratosphaeriaceae	Mycosphaerellales	Dothideomycetes		Ascomycota		67.9713	7.67755e-12	6/10000	True
GCA_937832625.1_SRR13685160_bin.30_CONCOCT_v1.1_MAG	uncultured Leotiomyceta	7	GCA_001006505.1_ASM100650v1	Tilletia horrida	Tilletia	Tilletiaceae	Tilletiales	Exobasidiomycetes		Basidiomycota		67.1035	8.82563e-11	5/10000	True
GCA_937832625.1_SRR13685160_bin.30_CONCOCT_v1.1_MAG	uncultured Leotiomyceta	8	GCA_002975555.1_ASM297555v1	Corynespora cassiicola	Corynespora	Corynesporascaceae	Pleosporales	Dothideomycetes		Ascomycota		67.1035	4.7412e-10	5/10000	True
GCA_937832625.1_SRR13685160_bin.30_CONCOCT_v1.1_MAG	uncultured Leotiomyceta	9	GCA_002975615.1_ASM297561v1	Corynespora cassiicola	Corynespora	Corynesporascaceae	Pleosporales	Dothideomycetes		Ascomycota		67.1035	4.7538e-10	5/10000	True
GCA_937832625.1_SRR13685160_bin.30_CONCOCT_v1.1_MAG	uncultured Leotiomyceta	10	GCA_002975635.1_ASM297563v1	Corynespora cassiicola	Corynespora	Corynesporascaceae	Pleosporales	Dothideomycetes		Ascomycota		67.1035	4.82438e-10	5/10000	True
GCA_902712315.1_SRR3187450_bin.5	uncultured Malassezia	1	GCA_001264765.1_ASM126476v1	Malassezia restricta	Malassezia	Malasseziaceae	Malasseziales	Malasseziomycetes		Basidiomycota		99.4202	0	7943/10000	True
GCA_902712315.1_SRR3187450_bin.5	uncultured Malassezia	2	GCA_937888505.1_ERR1332600_bin.12_CONCOCT_v1.1_MAG	Malassezia restricta	Malassezia	Malasseziaceae	Malasseziales	Malasseziomycetes		Basidiomycota		99.4007	0	7885/10000	True
GCA_902712315.1_SRR3187450_bin.5	uncultured Malassezia	3	GCA_001264725.1_ASM126472v1	Malassezia restricta	Malassezia	Malasseziaceae	Malasseziales	Malasseziomycetes		Basidiomycota		99.3497	0	7736/10000	True
GCA_902712315.1_SRR3187450_bin.5	uncultured Malassezia	4	GCF_003290485.1_ASM329048v1	Malassezia restricta	Malassezia	Malasseziaceae	Malasseziales	Malasseziomycetes		Basidiomycota		99.3266	0	7670/10000	True
GCA_902712315.1_SRR3187450_bin.5	uncultured Malassezia	5	GCA_004026415.1_ASM402641v1	Malassezia sp.	Malassezia	Malasseziaceae	Malasseziales	Malasseziomycetes		Basidiomycota		98.7892	0	6333/10000	True
GCA_902712315.1_SRR3187450_bin.5	uncultured Malassezia	6	GCA_051943955.2_ASM5194395v2	Malassezia restricta	Malassezia	Malasseziaceae	Malasseziales	Malasseziomycetes		Basidiomycota		98.0062	0	4902/10000	True
GCA_902712315.1_SRR3187450_bin.5	uncultured Malassezia	7	GCA_029542905.1_ASM2954290v1	Malassezia arunalokei	Malassezia	Malasseziaceae	Malasseziales	Malasseziomycetes		Basidiomycota		94.2789	0	1770/10000	True
GCA_902712315.1_SRR3187450_bin.5	uncultured Malassezia	8	GCA_020085095.1_MALK	Malassezia arunalokei	Malassezia	Malasseziaceae	Malasseziales	Malasseziomycetes		Basidiomycota		94.2675	0	1765/10000	True
GCA_902712315.1_SRR3187450_bin.5	uncultured Malassezia	9	GCA_018606675.1_ASM1860667v1	Malasseziomycetes sp.				Malasseziomycetes		Basidiomycota		77.4410	2.9173e-211	44/10000	True
GCA_902712315.1_SRR3187450_bin.5	uncultured Malassezia	10	GCA_001264665.1_ASM126466v1	Malassezia dermatis	Malassezia	Malasseziaceae	Malasseziales	Malasseziomycetes		Basidiomycota		74.9443	2.00032e-81	26/10000	True
GCA_937888215.1_SRR3185024_bin.1_CONCOCT_v1.1_MAG	uncultured Malasseziomycetes	1	GCA_010577765.1_ASM1057776v1	Malassezia slooffiae	Malassezia	Malasseziaceae	Malasseziales	Malasseziomycetes		Basidiomycota		98.6171	0	5974/10000	True
GCA_937888215.1_SRR3185024_bin.1_CONCOCT_v1.1_MAG	uncultured Malasseziomycetes	2	GCA_051911445.1_ASM5191144v1	Malassezia sp. 25MD0131	Malassezia	Malasseziaceae	Malasseziales	Malasseziomycetes		Basidiomycota		92.3701	0	1120/10000	True
GCA_937888215.1_SRR3185024_bin.1_CONCOCT_v1.1_MAG	uncultured Malasseziomycetes	3	GCA_023510035.1_ASM2351003v1	Malassezia furfur	Malassezia	Malasseziaceae	Malasseziales	Malasseziomycetes		Basidiomycota		77.7536	3.12976e-156	47/10000	True
GCA_937888215.1_SRR3185024_bin.1_CONCOCT_v1.1_MAG	uncultured Malasseziomycetes	4	GCA_023079145.1_ASM2307914v1	Malassezia furfur	Malassezia	Malasseziaceae	Malasseziales	Malasseziomycetes		Basidiomycota		77.6517	3.023e-152	46/10000	True
GCA_937888215.1_SRR3185024_bin.1_CONCOCT_v1.1_MAG	uncultured Malasseziomycetes	5	GCA_023510055.1_ASM2351005v1	Malassezia furfur	Malassezia	Malasseziaceae	Malasseziales	Malasseziomycetes		Basidiomycota		77.6517	1.13247e-152	46/10000	True
GCA_937888215.1_SRR3185024_bin.1_CONCOCT_v1.1_MAG	uncultured Malasseziomycetes	6	GCA_029542945.1_ASM2954294v1	Malassezia obtusa	Malassezia	Malasseziaceae	Malasseziales	Malasseziomycetes		Basidiomycota		77.6517	1.34154e-152	46/10000	True
GCA_937888215.1_SRR3185024_bin.1_CONCOCT_v1.1_MAG	uncultured Malasseziomycetes	7	GCA_051944075.2_ASM5194407v2	Malassezia furfur	Malassezia	Malasseziaceae	Malasseziales	Malasseziomycetes		Basidiomycota		77.6517	7.04499e-153	46/10000	True
GCA_937888215.1_SRR3185024_bin.1_CONCOCT_v1.1_MAG	uncultured Malasseziomycetes	8	GCA_009938135.1_ASM993813v1	Malassezia furfur	Malassezia	Malasseziaceae	Malasseziales	Malasseziomycetes		Basidiomycota		77.5475	1.00127e-148	45/10000	True
GCA_937888215.1_SRR3185024_bin.1_CONCOCT_v1.1_MAG	uncultured Malasseziomycetes	9	GCA_023079135.1_ASM2307913v1	Malassezia furfur	Malassezia	Malasseziaceae	Malasseziales	Malasseziomycetes		Basidiomycota		77.5475	1.11815e-148	45/10000	True
GCA_937888215.1_SRR3185024_bin.1_CONCOCT_v1.1_MAG	uncultured Malasseziomycetes	10	GCA_024498975.1_ASM2449897v1	Malassezia furfur	Malassezia	Malasseziaceae	Malasseziales	Malasseziomycetes		Basidiomycota		77.5475	9.19807e-149	45/10000	True
GCA_937863695.1_ERR868474_bin.13_CONCOCT_v1.1_MAG	uncultured Microbotryomycetes	1	GCA_026119225.1_ASM2611922v1	Rhodotorula graminis	Rhodotorula	Sporidiobolaceae	Sporidiobolales	Microbotryomycetes		Basidiomycota		74.1507	8.89105e-59	22/10000	True
GCA_937863695.1_ERR868474_bin.13_CONCOCT_v1.1_MAG	uncultured Microbotryomycetes	2	GCF_001329695.1_Rhoba1_1	Rhodotorula graminis	Rhodotorula	Sporidiobolaceae	Sporidiobolales	Microbotryomycetes		Basidiomycota		73.9297	6.50391e-56	21/10000	True
GCA_937863695.1_ERR868474_bin.13_CONCOCT_v1.1_MAG	uncultured Microbotryomycetes	3	GCA_038381065.1_ASM3838106v1	Rhodotorula sp. BUB8	Rhodotorula	Sporidiobolaceae	Sporidiobolales	Microbotryomycetes		Basidiomycota		73.6978	5.16112e-53	20/10000	True
GCA_937863695.1_ERR868474_bin.13_CONCOCT_v1.1_MAG	uncultured Microbotryomycetes	4	GCA_050403105.1_Rt_babjevae_JCM9279v1	Rhodotorula babjevae	Rhodotorula	Sporidiobolaceae	Sporidiobolales	Microbotryomycetes		Basidiomycota		73.6978	6.44939e-53	20/10000	True
GCA_937863695.1_ERR868474_bin.13_CONCOCT_v1.1_MAG	uncultured Microbotryomycetes	5	GCA_050403165.1_Rt_graminis_JCM3775v1	Rhodotorula graminis	Rhodotorula	Sporidiobolaceae	Sporidiobolales	Microbotryomycetes		Basidiomycota		73.6978	5.04001e-53	20/10000	True
GCA_937863695.1_ERR868474_bin.13_CONCOCT_v1.1_MAG	uncultured Microbotryomycetes	6	GCA_920103735.2_Hybrid_genome_assembly_and_annotation_-DBVPG_8058	Rhodotorula babjevae	Rhodotorula	Sporidiobolaceae	Sporidiobolales	Microbotryomycetes		Basidiomycota		73.6978	8.19113e-53	20/10000	True
GCA_937863695.1_ERR868474_bin.13_CONCOCT_v1.1_MAG	uncultured Microbotryomycetes	7	GCA_920104245.2_Hybrid_genome_assembly_and_annotation	Rhodotorula babjevae	Rhodotorula	Sporidiobolaceae	Sporidiobolales	Microbotryomycetes		Basidiomycota		73.6978	9.3465e-53	20/10000	True
GCA_937863695.1_ERR868474_bin.13_CONCOCT_v1.1_MAG	uncultured Microbotryomycetes	8	GCA_015501985.1_ASM1550198v1	Rhodotorula glutinis	Rhodotorula	Sporidiobolaceae	Sporidiobolales	Microbotryomycetes		Basidiomycota		73.4540	1.06123e-49	19/10000	True
GCA_937863695.1_ERR868474_bin.13_CONCOCT_v1.1_MAG	uncultured Microbotryomycetes	9	GCA_050403145.1_Rt_glutinis_JCM8208v1	Rhodotorula glutinis	Rhodotorula	Sporidiobolaceae	Sporidiobolales	Microbotryomycetes		Basidiomycota		73.4540	6.1229e-50	19/10000	True
GCA_937863695.1_ERR868474_bin.13_CONCOCT_v1.1_MAG	uncultured Microbotryomycetes	10	GCA_920103745.3_Hybrid_genome_assembly_and_annotation	Rhodotorula glutinis	Rhodotorula	Sporidiobolaceae	Sporidiobolales	Microbotryomycetes		Basidiomycota		73.4540	1.28685e-49	19/10000	True
GCA_937900885.1_SRR6853383_bin.36_CONCOCT_v1.1_MAG	uncultured Penicillium	1	GCA_023624335.1_ASM2362433v1	Penicillium chrysogenum	Penicillium	Aspergillaceae	Eurotiales	Eurotiomycetes		Ascomycota		99.7803	0	9137/10000	True
GCA_937900885.1_SRR6853383_bin.36_CONCOCT_v1.1_MAG	uncultured Penicillium	2	GCA_023626795.1_ASM2362679v1	Penicillium chrysogenum	Penicillium	Aspergillaceae	Eurotiales	Eurotiomycetes		Ascomycota		99.7803	0	9137/10000	True
GCA_937900885.1_SRR6853383_bin.36_CONCOCT_v1.1_MAG	uncultured Penicillium	3	GCA_023627295.1_ASM2362729v1	Penicillium chrysogenum	Penicillium	Aspergillaceae	Eurotiales	Eurotiomycetes		Ascomycota		99.7794	0	9134/10000	True
GCA_937900885.1_SRR6853383_bin.36_CONCOCT_v1.1_MAG	uncultured Penicillium	4	GCA_023624275.1_ASM2362427v1	Penicillium chrysogenum	Penicillium	Aspergillaceae	Eurotiales	Eurotiomycetes		Ascomycota		99.7789	0	9132/10000	True
GCA_937900885.1_SRR6853383_bin.36_CONCOCT_v1.1_MAG	uncultured Penicillium	5	GCF_028828025.1_ASM2882802v1	Penicillium rubens	Penicillium	Aspergillaceae	Eurotiales	Eurotiomycetes		Ascomycota		99.7625	0	9072/10000	True
GCA_937900885.1_SRR6853383_bin.36_CONCOCT_v1.1_MAG	uncultured Penicillium	6	GCA_902636305.1_nPRUBv1	Penicillium rubens	Penicillium	Aspergillaceae	Eurotiales	Eurotiomycetes		Ascomycota		99.7622	0	9071/10000	True
GCA_937900885.1_SRR6853383_bin.36_CONCOCT_v1.1_MAG	uncultured Penicillium	7	GCA_023626695.1_ASM2362669v1	Penicillium chrysogenum	Penicillium	Aspergillaceae	Eurotiales	Eurotiomycetes		Ascomycota		99.7547	0	9044/10000	True
GCA_937900885.1_SRR6853383_bin.36_CONCOCT_v1.1_MAG	uncultured Penicillium	8	GCA_027256995.2_ASM2725699v2	Penicillium rubens	Penicillium	Aspergillaceae	Eurotiales	Eurotiomycetes		Ascomycota		99.7528	0	9037/10000	True
GCA_937900885.1_SRR6853383_bin.36_CONCOCT_v1.1_MAG	uncultured Penicillium	9	GCA_027257005.2_ASM2725700v2	Penicillium rubens	Penicillium	Aspergillaceae	Eurotiales	Eurotiomycetes		Ascomycota		99.7525	0	9036/10000	True
GCA_937900885.1_SRR6853383_bin.36_CONCOCT_v1.1_MAG	uncultured Penicillium	10	GCA_023624415.1_ASM2362441v1	Penicillium chrysogenum	Penicillium	Aspergillaceae	Eurotiales	Eurotiomycetes		Ascomycota		99.7403	0	8992/10000	True
GCA_937873565.1_ERR599223_bin.4_CONCOCT_v1.1_MAG	uncultured Pleosporineae	1	GCA_052323575.1_ASM5232357v1	Paraleptosphaeria praetermissa	Paraleptosphaeria	Leptosphaeriaceae	Pleosporales	Dothideomycetes		Ascomycota		76.6192	1.23377e-96	37/10000	True
GCA_937873565.1_ERR599223_bin.4_CONCOCT_v1.1_MAG	uncultured Pleosporineae	2	GCA_022343325.1_CAIQ.LN.1	Plenodomus biglobosus	Plenodomus	Leptosphaeriaceae	Pleosporales	Dothideomycetes		Ascomycota		76.0763	3.74602e-85	33/10000	True
GCA_937873565.1_ERR599223_bin.4_CONCOCT_v1.1_MAG	uncultured Pleosporineae	3	GCA_052323595.1_ASM5232359v1	Paraleptosphaeria nitschkei	Paraleptosphaeria	Leptosphaeriaceae	Pleosporales	Dothideomycetes		Ascomycota		75.9302	4.53332e-82	32/10000	True
GCA_937873565.1_ERR599223_bin.4_CONCOCT_v1.1_MAG	uncultured Pleosporineae	4	GCA_900465125.1_G12-14_Genome_assembly	Plenodomus biglobosus	Plenodomus	Leptosphaeriaceae	Pleosporales	Dothideomycetes		Ascomycota		75.6239	6.90806e-76	30/10000	True
GCA_937873565.1_ERR599223_bin.4_CONCOCT_v1.1_MAG	uncultured Pleosporineae	5	GCA_052323755.1_ASM5232375v1	Coniothyrium palmarum	Coniothyrium	Coniothyriaceae	Pleosporales	Dothideomycetes		Ascomycota		75.4629	7.3565e-74	29/10000	True
GCA_937873565.1_ERR599223_bin.4_CONCOCT_v1.1_MAG	uncultured Pleosporineae	6	GCA_033682645.1_ASM3368264v1	Phoma sp. ATCC 74077	Phoma	Didymellaceae	Pleosporales	Dothideomycetes		Ascomycota		75.2963	4.26444e-70	28/10000	True
GCA_937873565.1_ERR599223_bin.4_CONCOCT_v1.1_MAG	uncultured Pleosporineae	7	GCA_052323735.1_ASM5232373v1	Coniothyrium telephii	Coniothyrium	Coniothyriaceae	Pleosporales	Dothideomycetes		Ascomycota		75.2963	1.0673e-70	28/10000	True
GCA_937873565.1_ERR599223_bin.4_CONCOCT_v1.1_MAG	uncultured Pleosporineae	8	GCA_000359685.2_ASM35968v2	Pyrenochaeta sp. UM 256	Pyrenochaeta	Cucurbitariaceae	Pleosporales	Dothideomycetes		Ascomycota		75.1236	3.71545e-67	27/10000	True
GCA_937873565.1_ERR599223_bin.4_CONCOCT_v1.1_MAG	uncultured Pleosporineae	9	GCA_010093695.1_Photr1	Plenodomus tracheiphilus	Plenodomus	Leptosphaeriaceae	Pleosporales	Dothideomycetes		Ascomycota		75.1236	2.37285e-67	27/10000	True
GCA_937873565.1_ERR599223_bin.4_CONCOCT_v1.1_MAG	uncultured Pleosporineae	10	GCA_022560035.1_ASM2256003v1	Boeremia foveata	Boeremia	Didymellaceae	Pleosporales	Dothideomycetes		Ascomycota		75.1236	1.95375e-67	27/10000	True
GCA_937898395.1_SRR4028131_bin.1_CONCOCT_v1.1_MAG	uncultured Psathyrellaceae	1	GCA_051997435.1_ASM5199743v1	Psathyrella sp. B2010_1	Psathyrella	Psathyrellaceae	Agaricales	Agaricomycetes		Basidiomycota		70.4019	7.54096e-22	10/10000	True
GCA_937898395.1_SRR4028131_bin.1_CONCOCT_v1.1_MAG	uncultured Psathyrellaceae	2	GCA_027627275.1_Coprinellus_aureogranulatus_MPG-14n_reassembly	Coprinellus aureogranulatus	Coprinellus	Psathyrellaceae	Agaricales	Agaricomycetes		Basidiomycota		69.3402	8.60753e-17	8/10000	True
GCA_937898395.1_SRR4028131_bin.1_CONCOCT_v1.1_MAG	uncultured Psathyrellaceae	3	GCA_059510655.1_Cdom_T2T_v1	Coprinellus domesticus	Coprinellus	Psathyrellaceae	Agaricales	Agaricomycetes		Basidiomycota		68.7048	7.38627e-15	7/10000	True
GCA_937898395.1_SRR4028131_bin.1_CONCOCT_v1.1_MAG	uncultured Psathyrellaceae	4	GCA_059941265.1_CXA_T2T	Coprinellus xanthothrix	Coprinellus	Psathyrellaceae	Agaricales	Agaricomycetes		Basidiomycota		68.7048	1.18776e-14	7/10000	True
GCA_937898395.1_SRR4028131_bin.1_CONCOCT_v1.1_MAG	uncultured Psathyrellaceae	5	GCA_004369085.1_Copmar1	Coprinopsis marcescibilis	Coprinopsis	Psathyrellaceae	Agaricales	Agaricomycetes		Basidiomycota		67.9713	1.60899e-12	6/10000	True
GCA_937898395.1_SRR4028131_bin.1_CONCOCT_v1.1_MAG	uncultured Psathyrellaceae	6	GCA_017654745.1_ASM1765474v1	Mrakia gelida	Mrakia	Mrakiaceae	Cystofilobasidiales	Tremellomycetes		Basidiomycota		67.9713	3.34557e-13	6/10000	True
GCA_937898395.1_SRR4028131_bin.1_CONCOCT_v1.1_MAG	uncultured Psathyrellaceae	7	GCA_965605795.1_gfHygHelo1.hap1.1	Hygrocybe helobia	Hygrocybe	Hygrophoraceae	Agaricales	Agaricomycetes		Basidiomycota		67.9713	6.3565e-13	6/10000	True
GCA_937898395.1_SRR4028131_bin.1_CONCOCT_v1.1_MAG	uncultured Psathyrellaceae	8	GCA_000827355.1_Hebeloma_cylindrosporum_h7_v2.0	Hebeloma cylindrosporum	Hebeloma	Hymenogastraceae	Agaricales	Agaricomycetes		Basidiomycota		67.1035	2.88656e-10	5/10000	True
GCA_937898395.1_SRR4028131_bin.1_CONCOCT_v1.1_MAG	uncultured Psathyrellaceae	9	GCA_004023515.1_ASM402351v1	Trichosporon inkin	Trichosporon	Trichosporonaceae	Trichosporonales	Tremellomycetes		Basidiomycota		67.1035	1.68086e-11	5/10000	True
GCA_937898395.1_SRR4028131_bin.1_CONCOCT_v1.1_MAG	uncultured Psathyrellaceae	10	GCA_004369175.1_Copmic2	Coprinellus micaceus	Coprinellus	Psathyrellaceae	Agaricales	Agaricomycetes		Basidiomycota		67.1035	8.17482e-10	5/10000	True
GCA_937863395.1_SRR6425773_bin.116_CONCOCT_v1.1_MAG	uncultured Pseudogymnoascus	1	GCA_000750665.1_DG3	Pseudogymnoascus sp. VKM F-3557	Pseudogymnoascus	Thelebolaceae	Thelebolales	Leotiomycetes		Ascomycota		72.3303	3.4201e-36	15/10000	True
GCA_937863395.1_SRR6425773_bin.116_CONCOCT_v1.1_MAG	uncultured Pseudogymnoascus	2	GCA_001630585.1_ASM163058v1	Pseudogymnoascus sp. BL549	Pseudogymnoascus	Thelebolaceae	Thelebolales	Leotiomycetes		Ascomycota		72.3303	2.43089e-36	15/10000	True
GCA_937863395.1_SRR6425773_bin.116_CONCOCT_v1.1_MAG	uncultured Pseudogymnoascus	3	GCA_049639615.1_Pire	Pseudogymnoascus irelandiae	Pseudogymnoascus	Thelebolaceae	Thelebolales	Leotiomycetes		Ascomycota		72.3303	1.18266e-35	15/10000	True
GCA_937863395.1_SRR6425773_bin.116_CONCOCT_v1.1_MAG	uncultured Pseudogymnoascus	4	GCA_000750675.1_DG1	Pseudogymnoascus sp. VKM F-3808	Pseudogymnoascus	Thelebolaceae	Thelebolales	Leotiomycetes		Ascomycota		71.6498	9.44472e-31	13/10000	True
GCA_937863395.1_SRR6425773_bin.116_CONCOCT_v1.1_MAG	uncultured Pseudogymnoascus	5	GCA_000750735.1_DG5	Pseudogymnoascus sp. VKM F-4246	Pseudogymnoascus	Thelebolaceae	Thelebolales	Leotiomycetes		Ascomycota		71.6498	5.18604e-31	13/10000	True
GCA_937863395.1_SRR6425773_bin.116_CONCOCT_v1.1_MAG	uncultured Pseudogymnoascus	6	GCA_000750815.1_DG11	Pseudogymnoascus sp. VKM F-4516 FW-969	Pseudogymnoascus	Thelebolaceae	Thelebolales	Leotiomycetes		Ascomycota		71.6498	1.0793e-30	13/10000	True
GCA_937863395.1_SRR6425773_bin.116_CONCOCT_v1.1_MAG	uncultured Pseudogymnoascus	7	GCA_000750935.1_DG38	Pseudogymnoascus sp. VKM F-4519 FW-2642	Pseudogymnoascus	Thelebolaceae	Thelebolales	Leotiomycetes		Ascomycota		71.6498	2.48516e-30	13/10000	True
GCA_937863395.1_SRR6425773_bin.116_CONCOCT_v1.1_MAG	uncultured Pseudogymnoascus	8	GCA_000750755.1_DG7	Pseudogymnoascus sp. VKM F-4513 FW-928	Pseudogymnoascus	Thelebolaceae	Thelebolales	Leotiomycetes		Ascomycota		71.2691	3.11089e-28	12/10000	True
GCA_937863395.1_SRR6425773_bin.116_CONCOCT_v1.1_MAG	uncultured Pseudogymnoascus	9	GCA_000750795.1_DG8	Pseudogymnoascus sp. VKM F-4514 FW-929	Pseudogymnoascus	Thelebolaceae	Thelebolales	Leotiomycetes		Ascomycota		71.2691	3.83581e-28	12/10000	True
GCA_937863395.1_SRR6425773_bin.116_CONCOCT_v1.1_MAG	uncultured Pseudogymnoascus	10	GCA_000750895.1_DG30	Pseudogymnoascus sp. VKM F-103	Pseudogymnoascus	Thelebolaceae	Thelebolales	Leotiomycetes		Ascomycota		71.2691	8.23533e-28	12/10000	True
GCA_937872955.1_SRR3017105_bin.41_CONCOCT_v1.1_MAG	uncultured Saccharomyces	1	GCA_019394655.1_ASM1939465v1	Saccharomyces cerevisiae	Saccharomyces	Saccharomycetaceae	Saccharomycetales	Saccharomycetes		Ascomycota		99.9013	0	9598/10000	True
GCA_937872955.1_SRR3017105_bin.41_CONCOCT_v1.1_MAG	uncultured Saccharomyces	2	GCA_025727185.1_ASM2572718v1	Saccharomyces cerevisiae	Saccharomyces	Saccharomycetaceae	Saccharomycetales	Saccharomycetes		Ascomycota		99.9008	0	9596/10000	True
GCA_937872955.1_SRR3017105_bin.41_CONCOCT_v1.1_MAG	uncultured Saccharomyces	3	GCA_001737415.2_ASM173741v2	Saccharomyces cerevisiae	Saccharomyces	Saccharomycetaceae	Saccharomycetales	Saccharomycetes		Ascomycota		99.8988	0	9588/10000	True
GCA_937872955.1_SRR3017105_bin.41_CONCOCT_v1.1_MAG	uncultured Saccharomyces	4	GCA_900099445.1_6320-A7	Saccharomyces cerevisiae	Saccharomyces	Saccharomycetaceae	Saccharomycetales	Saccharomycetes		Ascomycota		99.8975	0	9583/10000	True
GCA_937872955.1_SRR3017105_bin.41_CONCOCT_v1.1_MAG	uncultured Saccharomyces	5	GCA_019394105.1_ASM1939410v1	Saccharomyces cerevisiae	Saccharomyces	Saccharomycetaceae	Saccharomycetales	Saccharomycetes		Ascomycota		99.8970	0	9581/10000	True
GCA_937872955.1_SRR3017105_bin.41_CONCOCT_v1.1_MAG	uncultured Saccharomyces	6	GCA_019394325.1_ASM1939432v1	Saccharomyces cerevisiae	Saccharomyces	Saccharomycetaceae	Saccharomycetales	Saccharomycetes		Ascomycota		99.8965	0	9579/10000	True
GCA_937872955.1_SRR3017105_bin.41_CONCOCT_v1.1_MAG	uncultured Saccharomyces	7	GCA_900099355.1_1014-F5	Saccharomyces cerevisiae	Saccharomyces	Saccharomycetaceae	Saccharomycetales	Saccharomycetes		Ascomycota		99.8957	0	9576/10000	True
GCA_937872955.1_SRR3017105_bin.41_CONCOCT_v1.1_MAG	uncultured Saccharomyces	8	GCA_021216695.1_ASM2121669v1	Saccharomyces cerevisiae	Saccharomyces	Saccharomycetaceae	Saccharomycetales	Saccharomycetes		Ascomycota		99.8955	0	9575/10000	True
GCA_937872955.1_SRR3017105_bin.41_CONCOCT_v1.1_MAG	uncultured Saccharomyces	9	GCA_900099275.1_22A4	Saccharomyces cerevisiae	Saccharomyces	Saccharomycetaceae	Saccharomycetales	Saccharomycetes		Ascomycota		99.8947	0	9572/10000	True
GCA_937872955.1_SRR3017105_bin.41_CONCOCT_v1.1_MAG	uncultured Saccharomyces	10	GCA_002804325.1_ASM280432v1	Saccharomyces cerevisiae	Saccharomyces	Saccharomycetaceae	Saccharomycetales	Saccharomycetes		Ascomycota		99.8942	0	9570/10000	True
GCA_937898345.1_SRR3997477_bin.88_CONCOCT_v1.1_MAG	uncultured Saccharomycetales	1	GCA_029296565.1_ASM2929656v1	Saccharomycetales sp.			Saccharomycetales	Saccharomycetes		Ascomycota		99.8161	0	9270/10000	True
GCA_937898345.1_SRR3997477_bin.88_CONCOCT_v1.1_MAG	uncultured Saccharomycetales	2	GCA_029293515.1_ASM2929351v1	Saccharomycetales sp.			Saccharomycetales	Saccharomycetes		Ascomycota		99.8022	0	9218/10000	True
GCA_937898345.1_SRR3997477_bin.88_CONCOCT_v1.1_MAG	uncultured Saccharomycetales	3	GCA_030560805.1_ASM3056080v1	Suzukiozyma palmioleophila	Suzukiozyma	Debaryomycetaceae	Serinales	Pichiomycetes		Ascomycota		99.1681	0	7237/10000	True
GCA_937898345.1_SRR3997477_bin.88_CONCOCT_v1.1_MAG	uncultured Saccharomycetales	4	GCA_025602875.1_ASM2560287v1	Suzukiozyma palmioleophila	Suzukiozyma	Debaryomycetaceae	Serinales	Pichiomycetes		Ascomycota		99.0330	0	6895/10000	True
GCA_937898345.1_SRR3997477_bin.88_CONCOCT_v1.1_MAG	uncultured Saccharomycetales	5	GCA_030569175.1_ASM3056917v1	Suzukiozyma manassasensis	Suzukiozyma	Debaryomycetaceae	Serinales	Pichiomycetes		Ascomycota		84.0854	0	180/10000	True
GCA_937898345.1_SRR3997477_bin.88_CONCOCT_v1.1_MAG	uncultured Saccharomycetales	6	GCA_030560825.1_ASM3056082v1	Suzukiozyma fluviatilis	Suzukiozyma	Debaryomycetaceae	Serinales	Pichiomycetes		Ascomycota		74.3619	8.78439e-66	23/10000	True
GCA_937898345.1_SRR3997477_bin.88_CONCOCT_v1.1_MAG	uncultured Saccharomycetales	7	GCA_030569075.1_ASM3056907v1	Suzukiozyma sphagnicola	Suzukiozyma	Debaryomycetaceae	Serinales	Pichiomycetes		Ascomycota		74.3619	9.38761e-66	23/10000	True
GCA_937898345.1_SRR3997477_bin.88_CONCOCT_v1.1_MAG	uncultured Saccharomycetales	8	GCA_003708205.2_ASM370820v2	Isabelozyma gotoi	Isabelozyma	Metschnikowiaceae	Serinales	Pichiomycetes		Ascomycota		72.0022	1.07005e-37	14/10000	True
GCA_937898345.1_SRR3997477_bin.88_CONCOCT_v1.1_MAG	uncultured Saccharomycetales	9	GCA_030444945.1_ASM3044494v1	Hyphopichia fennica	Hyphopichia	Debaryomycetaceae	Serinales	Pichiomycetes		Ascomycota		72.0022	2.28381e-37	14/10000	True
GCA_937898345.1_SRR3997477_bin.88_CONCOCT_v1.1_MAG	uncultured Saccharomycetales	10	GCA_030563685.1_ASM3056368v1	Suhomyces kilbournensis	Suhomyces	Debaryomycetaceae	Serinales	Pichiomycetes		Ascomycota		72.0022	7.54585e-38	14/10000	True
GCA_935751715.1_ERR7738209_bin.119_149_154_merged	uncultured Sordaria	1	GCA_008692325.1_ASM869232v1	Sordaria macrospora	Sordaria	Sordariaceae	Sordariales	Sordariomycetes		Ascomycota		86.6875	0	315/10000	True
GCA_935751715.1_ERR7738209_bin.119_149_154_merged	uncultured Sordaria	2	GCF_033870435.1_ASM3387043v1	Sordaria macrospora	Sordaria	Sordariaceae	Sordariales	Sordariomycetes		Ascomycota		86.6875	0	315/10000	True
GCA_935751715.1_ERR7738209_bin.119_149_154_merged	uncultured Sordaria	3	GCA_020800285.1_Sorhu1	Sordaria sp. MPI-SDFR-AT-0083	Sordaria	Sordariaceae	Sordariales	Sordariomycetes		Ascomycota		86.6580	0	313/10000	True
GCA_935751715.1_ERR7738209_bin.119_149_154_merged	uncultured Sordaria	4	GCF_000182805.3_ASM18280v2	Sordaria macrospora	Sordaria	Sordariaceae	Sordariales	Sordariomycetes		Ascomycota		86.5384	0	305/10000	True
GCA_935751715.1_ERR7738209_bin.119_149_154_merged	uncultured Sordaria	5	GCA_009805285.1_ASM980528v1	Neurospora terricola	Neurospora	Sordariaceae	Sordariales	Sordariomycetes		Ascomycota		86.5080	0	303/10000	True
GCA_935751715.1_ERR7738209_bin.119_149_154_merged	uncultured Sordaria	6	GCA_009802835.1_ASM980283v1	Neurospora sp. CHS-2018b	Neurospora	Sordariaceae	Sordariales	Sordariomycetes		Ascomycota		86.4466	0	299/10000	True
GCA_935751715.1_ERR7738209_bin.119_149_154_merged	uncultured Sordaria	7	GCA_009802275.1_ASM980227v1	Neurospora sp. CHS-2018a	Neurospora	Sordariaceae	Sordariales	Sordariomycetes		Ascomycota		86.3843	0	295/10000	True
GCA_935751715.1_ERR7738209_bin.119_149_154_merged	uncultured Sordaria	8	GCA_009802535.1_ASM980253v1	Neurospora sp. CHS-2018a	Neurospora	Sordariaceae	Sordariales	Sordariomycetes		Ascomycota		86.3843	0	295/10000	True
GCA_935751715.1_ERR7738209_bin.119_149_154_merged	uncultured Sordaria	9	GCA_009802575.1_ASM980257v1	Neurospora sp. CHS-2018b	Neurospora	Sordariaceae	Sordariales	Sordariomycetes		Ascomycota		86.3843	0	295/10000	True
GCA_935751715.1_ERR7738209_bin.119_149_154_merged	uncultured Sordaria	10	GCA_009801875.1_ASM980187v1	Neurospora sp. CHS-2018a	Neurospora	Sordariaceae	Sordariales	Sordariomycetes		Ascomycota		86.3686	0	294/10000	True
GCA_937902615.1_SRR6853352_bin.14_CONCOCT_v1.1_MAG	uncultured Tremellales	1	GCA_012922615.1_ASM1292261v1	Papiliotrema laurentii	Papiliotrema	Rhynchogastremaceae	Tremellales	Tremellomycetes		Basidiomycota		99.3916	0	7858/10000	True
GCA_937902615.1_SRR6853352_bin.14_CONCOCT_v1.1_MAG	uncultured Tremellales	2	GCA_012922625.1_ASM1292262v1	Papiliotrema laurentii	Papiliotrema	Rhynchogastremaceae	Tremellales	Tremellomycetes		Basidiomycota		99.3721	0	7801/10000	True
GCA_937902615.1_SRR6853352_bin.14_CONCOCT_v1.1_MAG	uncultured Tremellales	3	GCA_055761855.1_ASM5576185v1	Kwoniella sp. UNSW_COCOA_04	Kwoniella	Cryptococcaceae	Tremellales	Tremellomycetes		Basidiomycota		98.6941	0	6131/10000	True
GCA_937902615.1_SRR6853352_bin.14_CONCOCT_v1.1_MAG	uncultured Tremellales	4	GCA_031326905.1_Papla1	Papiliotrema laurentii	Papiliotrema	Rhynchogastremaceae	Tremellales	Tremellomycetes		Basidiomycota		98.6429	0	6026/10000	True
GCA_937902615.1_SRR6853352_bin.14_CONCOCT_v1.1_MAG	uncultured Tremellales	5	GCA_000738825.1_ASM73882v1	Papiliotrema laurentii	Papiliotrema	Rhynchogastremaceae	Tremellales	Tremellomycetes		Basidiomycota		98.5677	0	5876/10000	True
GCA_937902615.1_SRR6853352_bin.14_CONCOCT_v1.1_MAG	uncultured Tremellales	6	GCA_055761815.1_ASM5576181v1	Kwoniella sp. UNSW_COCOA_06	Kwoniella	Cryptococcaceae	Tremellales	Tremellomycetes		Basidiomycota		98.2371	0	5274/10000	True
GCA_937902615.1_SRR6853352_bin.14_CONCOCT_v1.1_MAG	uncultured Tremellales	7	GCA_026538415.1_ASM2653841v1	Cryptococcus sp. GC_Crypt_1	Cryptococcus	Cryptococcaceae	Tremellales	Tremellomycetes		Basidiomycota		72.9253	5.08448e-45	17/10000	True
GCA_937902615.1_SRR6853352_bin.14_CONCOCT_v1.1_MAG	uncultured Tremellales	8	GCA_056632915.1_ASM5663291v1	Kwoniella fici	Kwoniella	Cryptococcaceae	Tremellales	Tremellomycetes		Basidiomycota		72.6371	3.09041e-41	16/10000	True
GCA_937902615.1_SRR6853352_bin.14_CONCOCT_v1.1_MAG	uncultured Tremellales	9	GCA_003942215.1_ASM394221v1	Saitozyma podzolica	Saitozyma	Trimorphomycetaceae	Tremellales	Tremellomycetes		Basidiomycota		71.2691	3.61338e-29	12/10000	True
GCA_937902615.1_SRR6853352_bin.14_CONCOCT_v1.1_MAG	uncultured Tremellales	10	GCA_035773095.1_ASM3577309v1	Papiliotrema fonsecae	Papiliotrema	Rhynchogastremaceae	Tremellales	Tremellomycetes		Basidiomycota		71.2691	3.14536e-30	12/10000	True
GCA_023078705.1_ASM2307870v1	Venturiaceae sp. KMAF11	1	GCA_003689355.1_ASM368935v1	Venturia inaequalis	Venturia	Venturiaceae	Venturiales	Dothideomycetes		Ascomycota		75.2963	9.12258e-68	28/10000	True
GCA_023078705.1_ASM2307870v1	Venturiaceae sp. KMAF11	2	GCA_003690315.1_ASM369031v1	Venturia inaequalis	Venturia	Venturiaceae	Venturiales	Dothideomycetes		Ascomycota		75.2963	2.67407e-68	28/10000	True
GCA_023078705.1_ASM2307870v1	Venturiaceae sp. KMAF11	3	GCA_003690855.1_ASM369085v1	Venturia inaequalis	Venturia	Venturiaceae	Venturiales	Dothideomycetes		Ascomycota		75.2963	7.02453e-68	28/10000	True
GCA_023078705.1_ASM2307870v1	Venturiaceae sp. KMAF11	4	GCA_003691095.1_ASM369109v1	Venturia inaequalis	Venturia	Venturiaceae	Venturiales	Dothideomycetes		Ascomycota		75.2963	8.92409e-68	28/10000	True
GCA_023078705.1_ASM2307870v1	Venturiaceae sp. KMAF11	5	GCA_003689075.1_ASM368907v1	Venturia inaequalis	Venturia	Venturiaceae	Venturiales	Dothideomycetes		Ascomycota		75.1236	3.89441e-65	27/10000	True
GCA_023078705.1_ASM2307870v1	Venturiaceae sp. KMAF11	6	GCA_003690435.1_ASM369043v1	Venturia inaequalis	Venturia	Venturiaceae	Venturiales	Dothideomycetes		Ascomycota		75.1236	6.0528e-65	27/10000	True
GCA_023078705.1_ASM2307870v1	Venturiaceae sp. KMAF11	7	GCA_003690605.1_ASM369060v1	Venturia inaequalis	Venturia	Venturiaceae	Venturiales	Dothideomycetes		Ascomycota		75.1236	3.54634e-65	27/10000	True
GCA_023078705.1_ASM2307870v1	Venturiaceae sp. KMAF11	8	GCA_003690765.1_ASM369076v1	Venturia inaequalis	Venturia	Venturiaceae	Venturiales	Dothideomycetes		Ascomycota		75.1236	2.23669e-64	27/10000	True
GCA_023078705.1_ASM2307870v1	Venturiaceae sp. KMAF11	9	GCA_003690845.1_ASM369084v1	Venturia inaequalis	Venturia	Venturiaceae	Venturiales	Dothideomycetes		Ascomycota		75.1236	1.42243e-65	27/10000	True
GCA_023078705.1_ASM2307870v1	Venturiaceae sp. KMAF11	10	GCA_003690905.1_ASM369090v1	Venturia inaequalis	Venturia	Venturiaceae	Venturiales	Dothideomycetes		Ascomycota		75.1236	7.07572e-65	27/10000	True
GCA_964256245.1_public_SRR14722176_concoct_bin.30	Verrucariales sp.	1	GCA_964256305.1_public_SRR14722188_metabat2_bin.28	leotiomyceta sp.						Ascomycota		76.2180	1.00407e-101	34/10000	True
GCA_964256245.1_public_SRR14722176_concoct_bin.30	Verrucariales sp.	2	GCA_000611755.1_Endpu1.0	Endocarpon pusillum	Endocarpon	Verrucariaceae	Verrucariales	Eurotiomycetes		Ascomycota		72.0022	2.96931e-33	14/10000	True
GCA_964256245.1_public_SRR14722176_concoct_bin.30	Verrucariales sp.	3	GCA_964257645.1_public_SRR14721937_metabat2_bin.4	Dermatocarpon luridum	Dermatocarpon	Verrucariaceae	Verrucariales	Eurotiomycetes		Ascomycota		71.6498	2.23914e-31	13/10000	True
GCA_964256245.1_public_SRR14722176_concoct_bin.30	Verrucariales sp.	4	GCA_014607435.1_CSIRO_EPUS_1.4	Endocarpon pusillum	Endocarpon	Verrucariaceae	Verrucariales	Eurotiomycetes		Ascomycota		71.2691	3.3019e-28	12/10000	True
GCA_964256245.1_public_SRR14722176_concoct_bin.30	Verrucariales sp.	5	GCA_023184605.1_ASM2318460v1	Dermatocarpon miniatum	Dermatocarpon	Verrucariaceae	Verrucariales	Eurotiomycetes		Ascomycota		71.2691	3.18193e-27	12/10000	True
GCA_964256245.1_public_SRR14722176_concoct_bin.30	Verrucariales sp.	6	GCA_051941935.1_KEW_Xaoc	Xanthocarpia ochracea	Xanthocarpia	Teloschistaceae	Teloschistales	Lecanoromycetes		Ascomycota		69.3402	4.52469e-18	8/10000	True
GCA_964256245.1_public_SRR14722176_concoct_bin.30	Verrucariales sp.	7	GCF_000464535.1_EPUS	Endocarpon pusillum	Endocarpon	Verrucariaceae	Verrucariales	Eurotiomycetes		Ascomycota		69.3402	1.13327e-17	8/10000	True
GCA_964256245.1_public_SRR14722176_concoct_bin.30	Verrucariales sp.	8	GCA_028458445.1_ASM2845844v1	Ophiosphaerella korrae	Ophiosphaerella	Phaeosphaeriaceae	Pleosporales	Dothideomycetes		Ascomycota		67.9713	2.02156e-12	6/10000	True
GCA_964256245.1_public_SRR14722176_concoct_bin.30	Verrucariales sp.	9	GCA_043882455.1_ASM4388245v1	Paecilomyces dactylethromorphus	Paecilomyces	Thermoascaceae	Eurotiales	Eurotiomycetes		Ascomycota		67.9713	6.74391e-13	6/10000	True
GCA_964256245.1_public_SRR14722176_concoct_bin.30	Verrucariales sp.	10	GCA_051527415.1_YNP38	Sarocladium sp. G79	Sarocladium	Sarocladiaceae	Hypocreales	Sordariomycetes		Ascomycota		67.9713	5.34843e-13	6/10000	True
GCA_023159215.1_XyAK1471_1	Xylariaceae sp. AK1471	1	GCA_023159155.1_Kredeu1	Ustulina deusta	Ustulina	Xylariaceae	Xylariales	Sordariomycetes		Ascomycota		78.1407	1.16608e-128	51/10000	True
GCA_023159215.1_XyAK1471_1	Xylariaceae sp. AK1471	2	GCA_022495125.1_Xylacu1	Xylaria acuta	Xylaria	Xylariaceae	Xylariales	Sordariomycetes		Ascomycota		77.7536	7.18235e-119	47/10000	True
GCA_023159215.1_XyAK1471_1	Xylariaceae sp. AK1471	3	GCA_051528475.1_YNP91	Xylaria hypoxylon	Xylaria	Xylariaceae	Xylariales	Sordariomycetes		Ascomycota		77.3320	1.2962e-108	43/10000	True
GCA_023159215.1_XyAK1471_1	Xylariaceae sp. AK1471	4	GCA_902806585.1_XH	Xylaria hypoxylon	Xylaria	Xylariaceae	Xylariales	Sordariomycetes		Ascomycota		77.3320	7.52787e-106	43/10000	True
GCA_023159215.1_XyAK1471_1	Xylariaceae sp. AK1471	5	GCA_004768795.1_ASM476879v1	Xylaria hypoxylon	Xylaria	Xylariaceae	Xylariales	Sordariomycetes		Ascomycota		77.1061	2.27195e-102	41/10000	True
GCA_023159215.1_XyAK1471_1	Xylariaceae sp. AK1471	6	GCA_022496955.1_KdCBS826_1	Ustulina deusta	Ustulina	Xylariaceae	Xylariales	Sordariomycetes		Ascomycota		77.1061	5.13134e-101	41/10000	True
GCA_023159215.1_XyAK1471_1	Xylariaceae sp. AK1471	7	GCA_025201785.1_Xyllon1	Xylaria longipes	Xylaria	Xylariaceae	Xylariales	Sordariomycetes		Ascomycota		76.8689	3.94405e-95	39/10000	True
GCA_023159215.1_XyAK1471_1	Xylariaceae sp. AK1471	8	GCA_058969375.1_Xylaria_grammica_M1X3_v1	Xylaria grammica	Xylaria	Xylariaceae	Xylariales	Sordariomycetes		Ascomycota		76.8689	1.77996e-94	39/10000	True
GCA_023159215.1_XyAK1471_1	Xylariaceae sp. AK1471	9	GCA_002081935.3_Kretzschmaria_deusta_v3	Ustulina deusta	Ustulina	Xylariaceae	Xylariales	Sordariomycetes		Ascomycota		76.7457	5.16804e-93	38/10000	True
GCA_023159215.1_XyAK1471_1	Xylariaceae sp. AK1471	10	GCA_004353285.2_ASM435328v2	Xylaria grammica	Xylaria	Xylariaceae	Xylariales	Sordariomycetes		Ascomycota		76.7457	1.21828e-91	38/10000	True
GCA_022578815.1_XylFL0016	Xylariaceae sp. FL0016	1	GCA_001599175.1_JCM_9685_assembly_v001	Pestalotiopsis sp. JCM 9685	Pestalotiopsis	Sporocadaceae	Amphisphaeriales	Sordariomycetes		Ascomycota		71.6498	1.53813e-27	13/10000	True
GCA_022578815.1_XylFL0016	Xylariaceae sp. FL0016	2	GCA_022539325.1_XyFL0804_2	Xylariaceae sp. FL0804		Xylariaceae	Xylariales	Sordariomycetes		Ascomycota		71.2691	3.02888e-25	12/10000	True
GCA_022578815.1_XylFL0016	Xylariaceae sp. FL0016	3	GCA_030412595.1_ASM3041259v1	Pestalotiopsis neglecta	Pestalotiopsis	Sporocadaceae	Amphisphaeriales	Sordariomycetes		Ascomycota		71.2691	4.12083e-25	12/10000	True
GCA_022578815.1_XylFL0016	Xylariaceae sp. FL0016	4	GCA_055824565.1_ASM5582456v1	Pestalotiopsis disseminata	Pestalotiopsis	Sporocadaceae	Amphisphaeriales	Sordariomycetes		Ascomycota		71.2691	3.40251e-25	12/10000	True
GCA_022578815.1_XylFL0016	Xylariaceae sp. FL0016	5	GCA_018092595.1_ASM1809259v1	Pestalotiopsis kenyana	Pestalotiopsis	Sporocadaceae	Amphisphaeriales	Sordariomycetes		Ascomycota		70.8553	9.65575e-23	11/10000	True
GCA_022578815.1_XylFL0016	Xylariaceae sp. FL0016	6	GCA_018092615.1_ASM1809261v1	Pestalotiopsis sp. CR013	Pestalotiopsis	Sporocadaceae	Amphisphaeriales	Sordariomycetes		Ascomycota		70.8553	8.43127e-23	11/10000	True
GCA_022578815.1_XylFL0016	Xylariaceae sp. FL0016	7	GCA_018398605.1_FBL658_Bm01	Biscogniauxia mediterranea	Biscogniauxia	Xylariaceae	Xylariales	Sordariomycetes		Ascomycota		70.8553	6.05291e-23	11/10000	True
GCA_022578815.1_XylFL0016	Xylariaceae sp. FL0016	8	GCA_020631695.1_ASM2063169v1	Trichoderma cornu-damae	Trichoderma	Hypocreaceae	Hypocreales	Sordariomycetes		Ascomycota		70.8553	3.09527e-23	11/10000	True
GCA_022578815.1_XylFL0016	Xylariaceae sp. FL0016	9	GCA_021199905.1_ASM2119990v1	Pestalotiopsis sp. MUOB 440515	Pestalotiopsis	Sporocadaceae	Amphisphaeriales	Sordariomycetes		Ascomycota		70.8553	9.35859e-23	11/10000	True
GCA_022578815.1_XylFL0016	Xylariaceae sp. FL0016	10	GCA_022695795.1_Bisma1	Biscogniauxia marginata	Biscogniauxia	Xylariaceae	Xylariales	Sordariomycetes		Ascomycota		70.8553	7.46714e-23	11/10000	True
GCA_022578795.1_XylFL0255	Xylariaceae sp. FL0255	1	GCA_027248765.1_ASM2724876v1	Neocallimastix californiae	Neocallimastix	Neocallimastigaceae	Neocallimastigales	Neocallimastigomycetes		Neocallimastigomycota		79.5026	6.88093e-178	68/10000	True
GCA_022578795.1_XylFL0255	Xylariaceae sp. FL0255	2	GCA_037055185.1_ASM3705518v1	Capillidium rhysosporum	Capillidium	Capillidiaceae	Entomophthorales	Entomophthoromycetes		Entomophthoromycota		79.4325	2.82458e-181	67/10000	True
GCA_022578795.1_XylFL0255	Xylariaceae sp. FL0255	3	GCA_027248525.1_ASM2724852v1	Neocallimastix californiae	Neocallimastix	Neocallimastigaceae	Neocallimastigales	Neocallimastigomycetes		Neocallimastigomycota		79.2891	2.86391e-169	65/10000	True
GCA_022578795.1_XylFL0255	Xylariaceae sp. FL0255	4	GCA_027248385.1_ASM2724838v1	Neocallimastix californiae	Neocallimastix	Neocallimastigaceae	Neocallimastigales	Neocallimastigomycetes		Neocallimastigomycota		79.2158	1.10566e-162	64/10000	True
GCA_022578795.1_XylFL0255	Xylariaceae sp. FL0255	5	GCA_027248425.1_ASM2724842v1	Neocallimastix californiae	Neocallimastix	Neocallimastigaceae	Neocallimastigales	Neocallimastigomycetes		Neocallimastigomycota		79.2158	3.10573e-169	64/10000	True
GCA_022578795.1_XylFL0255	Xylariaceae sp. FL0255	6	GCA_027248785.1_ASM2724878v1	Neocallimastix californiae	Neocallimastix	Neocallimastigaceae	Neocallimastigales	Neocallimastigomycetes		Neocallimastigomycota		79.2158	1.9871e-163	64/10000	True
GCA_022578795.1_XylFL0255	Xylariaceae sp. FL0255	7	GCA_027248345.1_ASM2724834v1	Neocallimastix californiae	Neocallimastix	Neocallimastigaceae	Neocallimastigales	Neocallimastigomycetes		Neocallimastigomycota		79.1412	4.99052e-160	63/10000	True
GCA_022578795.1_XylFL0255	Xylariaceae sp. FL0255	8	GCA_027248625.1_ASM2724862v1	Neocallimastix californiae	Neocallimastix	Neocallimastigaceae	Neocallimastigales	Neocallimastigomycetes		Neocallimastigomycota		79.1412	1.7365e-160	63/10000	True
GCA_022578795.1_XylFL0255	Xylariaceae sp. FL0255	9	GCA_027248825.1_ASM2724882v1	Neocallimastix californiae	Neocallimastix	Neocallimastigaceae	Neocallimastigales	Neocallimastigomycetes		Neocallimastigomycota		79.1412	9.99175e-161	63/10000	True
GCA_022578795.1_XylFL0255	Xylariaceae sp. FL0255	10	GCA_027248705.1_ASM2724870v1	Neocallimastix californiae	Neocallimastix	Neocallimastigaceae	Neocallimastigales	Neocallimastigomycetes		Neocallimastigomycota		79.0655	4.29376e-157	62/10000	True
GCA_022385605.1_XylFL0594	Xylariaceae sp. FL0594	1	GCA_022578495.1_Nemani1	Nemania sp. NC0429	Nemania	Xylariaceae	Xylariales	Sordariomycetes		Ascomycota		73.1970	1.41503e-40	18/10000	True
GCA_022385605.1_XylFL0594	Xylariaceae sp. FL0594	2	GCA_021209875.1_ASM2120987v1	Rosellinia necatrix	Rosellinia	Xylariaceae	Xylariales	Sordariomycetes		Ascomycota		72.9253	6.67546e-38	17/10000	True
GCA_022385605.1_XylFL0594	Xylariaceae sp. FL0594	3	GCA_056151845.1_Xyl_ENCB_2025	Xylaria sp. RV14508	Xylaria	Xylariaceae	Xylariales	Sordariomycetes		Ascomycota		72.9253	7.32861e-38	17/10000	True
GCA_022385605.1_XylFL0594	Xylariaceae sp. FL0594	4	GCA_019843955.1_ASM1984395v1	Xylaria sp. 218_066	Xylaria	Xylariaceae	Xylariales	Sordariomycetes		Ascomycota		72.6371	1.66605e-35	16/10000	True
GCA_022385605.1_XylFL0594	Xylariaceae sp. FL0594	5	GCA_021209665.1_ASM2120966v1	Rosellinia necatrix	Rosellinia	Xylariaceae	Xylariales	Sordariomycetes		Ascomycota		72.6371	2.47703e-35	16/10000	True
GCA_022385605.1_XylFL0594	Xylariaceae sp. FL0594	6	GCA_021209685.1_ASM2120968v1	Rosellinia necatrix	Rosellinia	Xylariaceae	Xylariales	Sordariomycetes		Ascomycota		72.6371	2.32188e-35	16/10000	True
GCA_022385605.1_XylFL0594	Xylariaceae sp. FL0594	7	GCA_021209865.1_ASM2120986v1	Rosellinia necatrix	Rosellinia	Xylariaceae	Xylariales	Sordariomycetes		Ascomycota		72.6371	2.40562e-35	16/10000	True
GCA_022385605.1_XylFL0594	Xylariaceae sp. FL0594	8	GCA_022578505.1_Nemabo1	Nemania abortiva	Nemania	Xylariaceae	Xylariales	Sordariomycetes		Ascomycota		72.6371	2.47143e-35	16/10000	True
GCA_022385605.1_XylFL0594	Xylariaceae sp. FL0594	9	GCA_022578675.1_NsAK0226_1	Nemania serpens	Nemania	Xylariaceae	Xylariales	Sordariomycetes		Ascomycota		72.6371	9.85391e-36	16/10000	True
GCA_022385605.1_XylFL0594	Xylariaceae sp. FL0594	10	GCA_021209715.1_ASM2120971v1	Rosellinia necatrix	Rosellinia	Xylariaceae	Xylariales	Sordariomycetes		Ascomycota		72.3303	8.1364e-33	15/10000	True
GCA_022376535.1_XylFL0662B	Xylariaceae sp. FL0662B	1	GCA_027248925.1_ASM2724892v1	Neocallimastix californiae	Neocallimastix	Neocallimastigaceae	Neocallimastigales	Neocallimastigomycetes		Neocallimastigomycota		78.1407	1.36811e-129	51/10000	True
GCA_022376535.1_XylFL0662B	Xylariaceae sp. FL0662B	2	GCA_027248525.1_ASM2724852v1	Neocallimastix californiae	Neocallimastix	Neocallimastigaceae	Neocallimastigales	Neocallimastigomycetes		Neocallimastigomycota		77.9511	3.94489e-123	49/10000	True
GCA_022376535.1_XylFL0662B	Xylariaceae sp. FL0662B	3	GCA_027248825.1_ASM2724882v1	Neocallimastix californiae	Neocallimastix	Neocallimastigaceae	Neocallimastigales	Neocallimastigomycetes		Neocallimastigomycota		77.8534	2.13921e-118	48/10000	True
GCA_022376535.1_XylFL0662B	Xylariaceae sp. FL0662B	4	GCA_027248345.1_ASM2724834v1	Neocallimastix californiae	Neocallimastix	Neocallimastigaceae	Neocallimastigales	Neocallimastigomycetes		Neocallimastigomycota		77.7536	4.81087e-115	47/10000	True
GCA_022376535.1_XylFL0662B	Xylariaceae sp. FL0662B	5	GCA_027248625.1_ASM2724862v1	Neocallimastix californiae	Neocallimastix	Neocallimastigaceae	Neocallimastigales	Neocallimastigomycetes		Neocallimastigomycota		77.7536	2.28889e-115	47/10000	True
GCA_022376535.1_XylFL0662B	Xylariaceae sp. FL0662B	6	GCA_027248785.1_ASM2724878v1	Neocallimastix californiae	Neocallimastix	Neocallimastigaceae	Neocallimastigales	Neocallimastigomycetes		Neocallimastigomycota		77.7536	2.34753e-115	47/10000	True
GCA_022376535.1_XylFL0662B	Xylariaceae sp. FL0662B	7	GCA_027248585.1_ASM2724858v1	Neocallimastix californiae	Neocallimastix	Neocallimastigaceae	Neocallimastigales	Neocallimastigomycetes		Neocallimastigomycota		77.6517	3.45317e-113	46/10000	True
GCA_022376535.1_XylFL0662B	Xylariaceae sp. FL0662B	8	GCA_027248705.1_ASM2724870v1	Neocallimastix californiae	Neocallimastix	Neocallimastigaceae	Neocallimastigales	Neocallimastigomycetes		Neocallimastigomycota		77.6517	3.28855e-112	46/10000	True
GCA_022376535.1_XylFL0662B	Xylariaceae sp. FL0662B	9	GCA_027248765.1_ASM2724876v1	Neocallimastix californiae	Neocallimastix	Neocallimastigaceae	Neocallimastigales	Neocallimastigomycetes		Neocallimastigomycota		77.6517	3.77184e-114	46/10000	True
GCA_022376535.1_XylFL0662B	Xylariaceae sp. FL0662B	10	GCA_037055185.1_ASM3705518v1	Capillidium rhysosporum	Capillidium	Capillidiaceae	Entomophthorales	Entomophthoromycetes		Entomophthoromycota		77.4410	2.01296e-112	44/10000	True
GCA_022539325.1_XyFL0804_2	Xylariaceae sp. FL0804	1	GCA_022495205.1_HyFL1150_1	Hypoxylon sp. FL1150	Hypoxylon	Hypoxylaceae	Xylariales	Sordariomycetes		Ascomycota		73.9297	6.66717e-48	21/10000	True
GCA_022539325.1_XyFL0804_2	Xylariaceae sp. FL0804	2	GCA_022544895.1_Biscog1	Biscogniauxia sp. FL1348	Biscogniauxia	Xylariaceae	Xylariales	Sordariomycetes		Ascomycota		73.9297	7.35584e-48	21/10000	True
GCA_022539325.1_XyFL0804_2	Xylariaceae sp. FL0804	3	GCA_022376655.1_XyFL0641_1	Xylariomycetidae sp. FL0641				Sordariomycetes		Ascomycota		73.6978	1.18692e-45	20/10000	True
GCA_022539325.1_XyFL0804_2	Xylariaceae sp. FL0804	4	GCA_022578495.1_Nemani1	Nemania sp. NC0429	Nemania	Xylariaceae	Xylariales	Sordariomycetes		Ascomycota		73.6978	1.23142e-44	20/10000	True
GCA_022539325.1_XyFL0804_2	Xylariaceae sp. FL0804	5	GCA_054392365.1_ASM5439236v1	fungal sp. IPV F-433								73.6978	3.49174e-46	20/10000	True
GCA_022539325.1_XyFL0804_2	Xylariaceae sp. FL0804	6	GCA_000966885.1_ASM96688v1	Xylaria sp. JS573	Xylaria	Xylariaceae	Xylariales	Sordariomycetes		Ascomycota		73.4540	1.02232e-42	19/10000	True
GCA_022539325.1_XyFL0804_2	Xylariaceae sp. FL0804	7	GCA_022695795.1_Bisma1	Biscogniauxia marginata	Biscogniauxia	Xylariaceae	Xylariales	Sordariomycetes		Ascomycota		73.4540	2.96245e-42	19/10000	True
GCA_022539325.1_XyFL0804_2	Xylariaceae sp. FL0804	8	GCA_029299595.1_LepSer_1.0	Grosmannia serpens	Grosmannia	Ophiostomataceae	Ophiostomatales	Sordariomycetes		Ascomycota		73.4540	1.73589e-44	19/10000	True
GCA_022539325.1_XyFL0804_2	Xylariaceae sp. FL0804	9	GCA_042370755.1_Myche1	Thermothelomyces heterothallicus	Thermothelomyces	Chaetomiaceae	Sordariales	Sordariomycetes		Ascomycota		73.4540	2.27595e-43	19/10000	True
GCA_022539325.1_XyFL0804_2	Xylariaceae sp. FL0804	10	GCF_042370625.1_Mychet1	Thermothelomyces heterothallicus	Thermothelomyces	Chaetomiaceae	Sordariales	Sordariomycetes		Ascomycota		73.4540	2.32883e-43	19/10000	True
GCA_022578705.1_XylFL1019	Xylariaceae sp. FL1019	1	GCA_022432385.1_XyFL1272_2	Xylariaceae sp. FL1272		Xylariaceae	Xylariales	Sordariomycetes		Ascomycota		84.4595	0	195/10000	True
GCA_022578705.1_XylFL1019	Xylariaceae sp. FL1019	2	GCA_033171785.1_ASM3317178v1	Xylaria bambusicola	Xylaria	Xylariaceae	Xylariales	Sordariomycetes		Ascomycota		76.3555	1.3749e-81	35/10000	True
GCA_022578705.1_XylFL1019	Xylariaceae sp. FL1019	3	GCA_037055185.1_ASM3705518v1	Capillidium rhysosporum	Capillidium	Capillidiaceae	Entomophthorales	Entomophthoromycetes		Entomophthoromycota		76.3555	1.68471e-85	35/10000	True
GCA_022578705.1_XylFL1019	Xylariaceae sp. FL1019	4	GCA_027248925.1_ASM2724892v1	Neocallimastix californiae	Neocallimastix	Neocallimastigaceae	Neocallimastigales	Neocallimastigomycetes		Neocallimastigomycota		76.2180	4.67507e-80	34/10000	True
GCA_022578705.1_XylFL1019	Xylariaceae sp. FL1019	5	GCA_027248525.1_ASM2724852v1	Neocallimastix californiae	Neocallimastix	Neocallimastigaceae	Neocallimastigales	Neocallimastigomycetes		Neocallimastigomycota		76.0763	6.74741e-77	33/10000	True
GCA_022578705.1_XylFL1019	Xylariaceae sp. FL1019	6	GCA_027248345.1_ASM2724834v1	Neocallimastix californiae	Neocallimastix	Neocallimastigaceae	Neocallimastigales	Neocallimastigomycetes		Neocallimastigomycota		75.9302	1.57333e-72	32/10000	True
GCA_022578705.1_XylFL1019	Xylariaceae sp. FL1019	7	GCA_027248385.1_ASM2724838v1	Neocallimastix californiae	Neocallimastix	Neocallimastigaceae	Neocallimastigales	Neocallimastigomycetes		Neocallimastigomycota		75.9302	2.22018e-72	32/10000	True
GCA_022578705.1_XylFL1019	Xylariaceae sp. FL1019	8	GCA_027248625.1_ASM2724862v1	Neocallimastix californiae	Neocallimastix	Neocallimastigaceae	Neocallimastigales	Neocallimastigomycetes		Neocallimastigomycota		75.7795	4.07719e-70	31/10000	True
GCA_022578705.1_XylFL1019	Xylariaceae sp. FL1019	9	GCA_027248765.1_ASM2724876v1	Neocallimastix californiae	Neocallimastix	Neocallimastigaceae	Neocallimastigales	Neocallimastigomycetes		Neocallimastigomycota		75.7795	2.72403e-71	31/10000	True
GCA_022578705.1_XylFL1019	Xylariaceae sp. FL1019	10	GCA_027248785.1_ASM2724878v1	Neocallimastix californiae	Neocallimastix	Neocallimastigaceae	Neocallimastigales	Neocallimastigomycetes		Neocallimastigomycota		75.7795	4.1508e-70	31/10000	True
GCA_022432385.1_XyFL1272_2	Xylariaceae sp. FL1272	1	GCA_022578705.1_XylFL1019	Xylariaceae sp. FL1019		Xylariaceae	Xylariales	Sordariomycetes		Ascomycota		84.4595	0	195/10000	True
GCA_022432385.1_XyFL1272_2	Xylariaceae sp. FL1272	2	GCA_027248525.1_ASM2724852v1	Neocallimastix californiae	Neocallimastix	Neocallimastigaceae	Neocallimastigales	Neocallimastigomycetes		Neocallimastigomycota		75.9302	2.33919e-74	32/10000	True
GCA_022432385.1_XyFL1272_2	Xylariaceae sp. FL1272	3	GCA_037055185.1_ASM3705518v1	Capillidium rhysosporum	Capillidium	Capillidiaceae	Entomophthorales	Entomophthoromycetes		Entomophthoromycota		75.9302	3.32013e-77	32/10000	True
GCA_022432385.1_XyFL1272_2	Xylariaceae sp. FL1272	4	GCA_027248765.1_ASM2724876v1	Neocallimastix californiae	Neocallimastix	Neocallimastigaceae	Neocallimastigales	Neocallimastigomycetes		Neocallimastigomycota		75.6239	8.89954e-69	30/10000	True
GCA_022432385.1_XyFL1272_2	Xylariaceae sp. FL1272	5	GCA_027248345.1_ASM2724834v1	Neocallimastix californiae	Neocallimastix	Neocallimastigaceae	Neocallimastigales	Neocallimastigomycetes		Neocallimastigomycota		75.4629	8.12342e-65	29/10000	True
GCA_022432385.1_XyFL1272_2	Xylariaceae sp. FL1272	6	GCA_027248385.1_ASM2724838v1	Neocallimastix californiae	Neocallimastix	Neocallimastigaceae	Neocallimastigales	Neocallimastigomycetes		Neocallimastigomycota		75.4629	1.10514e-64	29/10000	True
GCA_022432385.1_XyFL1272_2	Xylariaceae sp. FL1272	7	GCA_027248625.1_ASM2724862v1	Neocallimastix californiae	Neocallimastix	Neocallimastigaceae	Neocallimastigales	Neocallimastigomycetes		Neocallimastigomycota		75.4629	5.00072e-65	29/10000	True
GCA_022432385.1_XyFL1272_2	Xylariaceae sp. FL1272	8	GCA_027248785.1_ASM2724878v1	Neocallimastix californiae	Neocallimastix	Neocallimastigaceae	Neocallimastigales	Neocallimastigomycetes		Neocallimastigomycota		75.4629	5.084e-65	29/10000	True
GCA_022432385.1_XyFL1272_2	Xylariaceae sp. FL1272	9	GCA_027248925.1_ASM2724892v1	Neocallimastix californiae	Neocallimastix	Neocallimastigaceae	Neocallimastigales	Neocallimastigomycetes		Neocallimastigomycota		75.4629	1.13349e-66	29/10000	True
GCA_022432385.1_XyFL1272_2	Xylariaceae sp. FL1272	10	GCA_051622775.1_ASM5162277v1	Xylaria feejeensis	Xylaria	Xylariaceae	Xylariales	Sordariomycetes		Ascomycota		75.4629	9.27667e-68	29/10000	True
GCA_025201745.1_XylFL1651	Xylariaceae sp. FL1651	1	GCA_027248625.1_ASM2724862v1	Neocallimastix californiae	Neocallimastix	Neocallimastigaceae	Neocallimastigales	Neocallimastigomycetes		Neocallimastigomycota		77.9511	2.83791e-119	49/10000	True
GCA_025201745.1_XylFL1651	Xylariaceae sp. FL1651	2	GCA_027248705.1_ASM2724870v1	Neocallimastix californiae	Neocallimastix	Neocallimastigaceae	Neocallimastigales	Neocallimastigomycetes		Neocallimastigomycota		77.8534	4.30513e-116	48/10000	True
GCA_025201745.1_XylFL1651	Xylariaceae sp. FL1651	3	GCA_027248345.1_ASM2724834v1	Neocallimastix californiae	Neocallimastix	Neocallimastigaceae	Neocallimastigales	Neocallimastigomycetes		Neocallimastigomycota		77.6517	1.80228e-110	46/10000	True
GCA_025201745.1_XylFL1651	Xylariaceae sp. FL1651	4	GCA_027248385.1_ASM2724838v1	Neocallimastix californiae	Neocallimastix	Neocallimastigaceae	Neocallimastigales	Neocallimastigomycetes		Neocallimastigomycota		77.6517	2.98e-110	46/10000	True
GCA_025201745.1_XylFL1651	Xylariaceae sp. FL1651	5	GCA_027248785.1_ASM2724878v1	Neocallimastix californiae	Neocallimastix	Neocallimastigaceae	Neocallimastigales	Neocallimastigomycetes		Neocallimastigomycota		77.5475	5.29977e-108	45/10000	True
GCA_025201745.1_XylFL1651	Xylariaceae sp. FL1651	6	GCA_027248525.1_ASM2724852v1	Neocallimastix californiae	Neocallimastix	Neocallimastigaceae	Neocallimastigales	Neocallimastigomycetes		Neocallimastigomycota		77.4410	3.28646e-107	44/10000	True
GCA_025201745.1_XylFL1651	Xylariaceae sp. FL1651	7	GCA_027248825.1_ASM2724882v1	Neocallimastix californiae	Neocallimastix	Neocallimastigaceae	Neocallimastigales	Neocallimastigomycetes		Neocallimastigomycota		77.3320	1.31112e-102	43/10000	True
GCA_025201745.1_XylFL1651	Xylariaceae sp. FL1651	8	GCA_027248865.1_ASM2724886v1	Piromyces sp.	Piromyces	Neocallimastigaceae	Neocallimastigales	Neocallimastigomycetes		Neocallimastigomycota		77.3320	2.84168e-104	43/10000	True
GCA_025201745.1_XylFL1651	Xylariaceae sp. FL1651	9	GCA_027248365.1_ASM2724836v1	Piromyces sp.	Piromyces	Neocallimastigaceae	Neocallimastigales	Neocallimastigomycetes		Neocallimastigomycota		77.2204	3.06772e-102	42/10000	True
GCA_025201745.1_XylFL1651	Xylariaceae sp. FL1651	10	GCA_027248585.1_ASM2724858v1	Neocallimastix californiae	Neocallimastix	Neocallimastigaceae	Neocallimastigales	Neocallimastigomycetes		Neocallimastigomycota		77.2204	2.47451e-100	42/10000	True
GCA_028637885.1_ASM2863788v1	Xylariaceae sp. Mn132	1	GCA_028637585.1_ASM2863758v1	Xylariaceae sp. X187		Xylariaceae	Xylariales	Sordariomycetes		Ascomycota		98.9095	0	6602/10000	True
GCA_028637885.1_ASM2863788v1	Xylariaceae sp. Mn132	2	GCA_022385685.1_Xy124048_1	Xylaria sp. CBS 124048	Xylaria	Xylariaceae	Xylariales	Sordariomycetes		Ascomycota		98.8687	0	6509/10000	True
GCA_028637885.1_ASM2863788v1	Xylariaceae sp. Mn132	3	GCA_028638325.1_ASM2863832v1	Xylariaceae sp. Mn153		Xylariaceae	Xylariales	Sordariomycetes		Ascomycota		98.8307	0	6424/10000	True
GCA_028637885.1_ASM2863788v1	Xylariaceae sp. Mn132	4	GCA_022385655.1_Xylint1	Xylaria intraflava	Xylaria	Xylariaceae	Xylariales	Sordariomycetes		Ascomycota		77.5475	1.088e-119	45/10000	True
GCA_028637885.1_ASM2863788v1	Xylariaceae sp. Mn132	5	GCA_028637635.1_ASM2863763v1	Xylariaceae sp. X802		Xylariaceae	Xylariales	Sordariomycetes		Ascomycota		77.2204	1.66928e-109	42/10000	True
GCA_028637885.1_ASM2863788v1	Xylariaceae sp. Mn132	6	GCA_048127505.1_ASM4812750v1	Xylaria escharoidea	Xylaria	Xylariaceae	Xylariales	Sordariomycetes		Ascomycota		75.6239	6.11605e-75	30/10000	True
GCA_028637885.1_ASM2863788v1	Xylariaceae sp. Mn132	7	GCA_048127525.1_ASM4812752v1	Xylaria rogersionigripes	Xylaria	Xylariaceae	Xylariales	Sordariomycetes		Ascomycota		75.4629	1.61647e-72	29/10000	True
GCA_028637885.1_ASM2863788v1	Xylariaceae sp. Mn132	8	GCA_022984845.1_Xylni1	Xylaria nigripes	Xylaria	Xylariaceae	Xylariales	Sordariomycetes		Ascomycota		75.2963	1.53248e-69	28/10000	True
GCA_028637885.1_ASM2863788v1	Xylariaceae sp. Mn132	9	GCA_023079495.1_XE	Xylaria sp. L1 SY-2022	Xylaria	Xylariaceae	Xylariales	Sordariomycetes		Ascomycota		74.9443	1.54015e-63	26/10000	True
GCA_028637885.1_ASM2863788v1	Xylariaceae sp. Mn132	10	GCA_028637755.1_ASM2863775v1	Xylariaceae sp. X170		Xylariaceae	Xylariales	Sordariomycetes		Ascomycota		74.3619	1.36538e-55	23/10000	True
GCA_028638325.1_ASM2863832v1	Xylariaceae sp. Mn153	1	GCA_028637885.1_ASM2863788v1	Xylariaceae sp. Mn132		Xylariaceae	Xylariales	Sordariomycetes		Ascomycota		98.8307	0	6424/10000	True
GCA_028638325.1_ASM2863832v1	Xylariaceae sp. Mn153	2	GCA_028637585.1_ASM2863758v1	Xylariaceae sp. X187		Xylariaceae	Xylariales	Sordariomycetes		Ascomycota		98.8085	0	6375/10000	True
GCA_028638325.1_ASM2863832v1	Xylariaceae sp. Mn153	3	GCA_022385685.1_Xy124048_1	Xylaria sp. CBS 124048	Xylaria	Xylariaceae	Xylariales	Sordariomycetes		Ascomycota		98.7929	0	6341/10000	True
GCA_028638325.1_ASM2863832v1	Xylariaceae sp. Mn153	4	GCA_028637635.1_ASM2863763v1	Xylariaceae sp. X802		Xylariaceae	Xylariales	Sordariomycetes		Ascomycota		77.5475	9.9873e-119	45/10000	True
GCA_028638325.1_ASM2863832v1	Xylariaceae sp. Mn153	5	GCA_022385655.1_Xylint1	Xylaria intraflava	Xylaria	Xylariaceae	Xylariales	Sordariomycetes		Ascomycota		77.3320	9.36849e-114	43/10000	True
GCA_028638325.1_ASM2863832v1	Xylariaceae sp. Mn153	6	GCA_048127505.1_ASM4812750v1	Xylaria escharoidea	Xylaria	Xylariaceae	Xylariales	Sordariomycetes		Ascomycota		76.6192	1.51936e-95	37/10000	True
GCA_028638325.1_ASM2863832v1	Xylariaceae sp. Mn153	7	GCA_028637755.1_ASM2863775v1	Xylariaceae sp. X170		Xylariaceae	Xylariales	Sordariomycetes		Ascomycota		76.4892	3.20219e-93	36/10000	True
GCA_028638325.1_ASM2863832v1	Xylariaceae sp. Mn153	8	GCA_028637775.1_ASM2863777v1	Xylariaceae sp. X167		Xylariaceae	Xylariales	Sordariomycetes		Ascomycota		76.4892	2.42099e-93	36/10000	True
GCA_028638325.1_ASM2863832v1	Xylariaceae sp. Mn153	9	GCA_023079495.1_XE	Xylaria sp. L1 SY-2022	Xylaria	Xylariaceae	Xylariales	Sordariomycetes		Ascomycota		76.0763	9.62998e-84	33/10000	True
GCA_028638325.1_ASM2863832v1	Xylariaceae sp. Mn153	10	GCA_028637685.1_ASM2863768v1	Xylariaceae sp. X3-2		Xylariaceae	Xylariales	Sordariomycetes		Ascomycota		76.0763	9.91378e-84	33/10000	True
GCA_028637775.1_ASM2863777v1	Xylariaceae sp. X167	1	GCA_028637685.1_ASM2863768v1	Xylariaceae sp. X3-2		Xylariaceae	Xylariales	Sordariomycetes		Ascomycota		98.2734	0	5336/10000	True
GCA_028637775.1_ASM2863777v1	Xylariaceae sp. X167	2	GCA_028637755.1_ASM2863775v1	Xylariaceae sp. X170		Xylariaceae	Xylariales	Sordariomycetes		Ascomycota		98.1014	0	5051/10000	True
GCA_028637775.1_ASM2863777v1	Xylariaceae sp. X167	3	GCA_048127505.1_ASM4812750v1	Xylaria escharoidea	Xylaria	Xylariaceae	Xylariales	Sordariomycetes		Ascomycota		93.2783	0	1388/10000	True
GCA_028637775.1_ASM2863777v1	Xylariaceae sp. X167	4	GCA_023079495.1_XE	Xylaria sp. L1 SY-2022	Xylaria	Xylariaceae	Xylariales	Sordariomycetes		Ascomycota		93.2511	0	1379/10000	True
GCA_028637775.1_ASM2863777v1	Xylariaceae sp. X167	5	GCA_048127525.1_ASM4812752v1	Xylaria rogersionigripes	Xylaria	Xylariaceae	Xylariales	Sordariomycetes		Ascomycota		77.5475	1.0641e-120	45/10000	True
GCA_028637775.1_ASM2863777v1	Xylariaceae sp. X167	6	GCA_028638325.1_ASM2863832v1	Xylariaceae sp. Mn153		Xylariaceae	Xylariales	Sordariomycetes		Ascomycota		76.4892	2.42099e-93	36/10000	True
GCA_028637775.1_ASM2863777v1	Xylariaceae sp. X167	7	GCA_028637635.1_ASM2863763v1	Xylariaceae sp. X802		Xylariaceae	Xylariales	Sordariomycetes		Ascomycota		75.4629	8.10104e-72	29/10000	True
GCA_028637775.1_ASM2863777v1	Xylariaceae sp. X167	8	GCA_022984845.1_Xylni1	Xylaria nigripes	Xylaria	Xylariaceae	Xylariales	Sordariomycetes		Ascomycota		75.2963	7.35329e-70	28/10000	True
GCA_028637775.1_ASM2863777v1	Xylariaceae sp. X167	9	GCA_028637585.1_ASM2863758v1	Xylariaceae sp. X187		Xylariaceae	Xylariales	Sordariomycetes		Ascomycota		74.3619	1.2441e-55	23/10000	True
GCA_028637775.1_ASM2863777v1	Xylariaceae sp. X167	10	GCA_028637885.1_ASM2863788v1	Xylariaceae sp. Mn132		Xylariaceae	Xylariales	Sordariomycetes		Ascomycota		74.3619	1.14042e-55	23/10000	True
GCA_028637755.1_ASM2863775v1	Xylariaceae sp. X170	1	GCA_028637775.1_ASM2863777v1	Xylariaceae sp. X167		Xylariaceae	Xylariales	Sordariomycetes		Ascomycota		98.1014	0	5051/10000	True
GCA_028637755.1_ASM2863775v1	Xylariaceae sp. X170	2	GCA_028637685.1_ASM2863768v1	Xylariaceae sp. X3-2		Xylariaceae	Xylariales	Sordariomycetes		Ascomycota		98.0970	0	5044/10000	True
GCA_028637755.1_ASM2863775v1	Xylariaceae sp. X170	3	GCA_048127505.1_ASM4812750v1	Xylaria escharoidea	Xylaria	Xylariaceae	Xylariales	Sordariomycetes		Ascomycota		93.3558	0	1414/10000	True
GCA_028637755.1_ASM2863775v1	Xylariaceae sp. X170	4	GCA_023079495.1_XE	Xylaria sp. L1 SY-2022	Xylaria	Xylariaceae	Xylariales	Sordariomycetes		Ascomycota		93.3203	0	1402/10000	True
GCA_028637755.1_ASM2863775v1	Xylariaceae sp. X170	5	GCA_048127525.1_ASM4812752v1	Xylaria rogersionigripes	Xylaria	Xylariaceae	Xylariales	Sordariomycetes		Ascomycota		77.6517	1.25384e-123	46/10000	True
GCA_028637755.1_ASM2863775v1	Xylariaceae sp. X170	6	GCA_028638325.1_ASM2863832v1	Xylariaceae sp. Mn153		Xylariaceae	Xylariales	Sordariomycetes		Ascomycota		76.4892	3.20219e-93	36/10000	True
GCA_028637755.1_ASM2863775v1	Xylariaceae sp. X170	7	GCA_022984845.1_Xylni1	Xylaria nigripes	Xylaria	Xylariaceae	Xylariales	Sordariomycetes		Ascomycota		75.7795	1.95937e-78	31/10000	True
GCA_028637755.1_ASM2863775v1	Xylariaceae sp. X170	8	GCA_028637635.1_ASM2863763v1	Xylariaceae sp. X802		Xylariaceae	Xylariales	Sordariomycetes		Ascomycota		75.2963	7.20007e-69	28/10000	True
GCA_028637755.1_ASM2863775v1	Xylariaceae sp. X170	9	GCA_028637585.1_ASM2863758v1	Xylariaceae sp. X187		Xylariaceae	Xylariales	Sordariomycetes		Ascomycota		74.7580	3.7743e-61	25/10000	True
GCA_028637755.1_ASM2863775v1	Xylariaceae sp. X170	10	GCA_028637885.1_ASM2863788v1	Xylariaceae sp. Mn132		Xylariaceae	Xylariales	Sordariomycetes		Ascomycota		74.3619	1.36538e-55	23/10000	True
GCA_028637585.1_ASM2863758v1	Xylariaceae sp. X187	1	GCA_028637885.1_ASM2863788v1	Xylariaceae sp. Mn132		Xylariaceae	Xylariales	Sordariomycetes		Ascomycota		98.9095	0	6602/10000	True
GCA_028637585.1_ASM2863758v1	Xylariaceae sp. X187	2	GCA_022385685.1_Xy124048_1	Xylaria sp. CBS 124048	Xylaria	Xylariaceae	Xylariales	Sordariomycetes		Ascomycota		98.8758	0	6525/10000	True
GCA_028637585.1_ASM2863758v1	Xylariaceae sp. X187	3	GCA_028638325.1_ASM2863832v1	Xylariaceae sp. Mn153		Xylariaceae	Xylariales	Sordariomycetes		Ascomycota		98.8085	0	6375/10000	True
GCA_028637585.1_ASM2863758v1	Xylariaceae sp. X187	4	GCA_022385655.1_Xylint1	Xylaria intraflava	Xylaria	Xylariaceae	Xylariales	Sordariomycetes		Ascomycota		77.7536	9.68147e-126	47/10000	True
GCA_028637585.1_ASM2863758v1	Xylariaceae sp. X187	5	GCA_028637635.1_ASM2863763v1	Xylariaceae sp. X802		Xylariaceae	Xylariales	Sordariomycetes		Ascomycota		77.4410	1.90559e-115	44/10000	True
GCA_028637585.1_ASM2863758v1	Xylariaceae sp. X187	6	GCA_048127525.1_ASM4812752v1	Xylaria rogersionigripes	Xylaria	Xylariaceae	Xylariales	Sordariomycetes		Ascomycota		75.9302	3.65161e-81	32/10000	True
GCA_028637585.1_ASM2863758v1	Xylariaceae sp. X187	7	GCA_022984845.1_Xylni1	Xylaria nigripes	Xylaria	Xylariaceae	Xylariales	Sordariomycetes		Ascomycota		75.1236	1.2095e-66	27/10000	True
GCA_028637585.1_ASM2863758v1	Xylariaceae sp. X187	8	GCA_048127505.1_ASM4812750v1	Xylaria escharoidea	Xylaria	Xylariaceae	Xylariales	Sordariomycetes		Ascomycota		75.1236	2.50534e-66	27/10000	True
GCA_028637585.1_ASM2863758v1	Xylariaceae sp. X187	9	GCA_028637755.1_ASM2863775v1	Xylariaceae sp. X170		Xylariaceae	Xylariales	Sordariomycetes		Ascomycota		74.7580	3.7743e-61	25/10000	True
GCA_028637585.1_ASM2863758v1	Xylariaceae sp. X187	10	GCA_023079495.1_XE	Xylaria sp. L1 SY-2022	Xylaria	Xylariaceae	Xylariales	Sordariomycetes		Ascomycota		74.3619	3.96056e-55	23/10000	True
GCA_028637685.1_ASM2863768v1	Xylariaceae sp. X3-2	1	GCA_028637775.1_ASM2863777v1	Xylariaceae sp. X167		Xylariaceae	Xylariales	Sordariomycetes		Ascomycota		98.2734	0	5336/10000	True
GCA_028637685.1_ASM2863768v1	Xylariaceae sp. X3-2	2	GCA_028637755.1_ASM2863775v1	Xylariaceae sp. X170		Xylariaceae	Xylariales	Sordariomycetes		Ascomycota		98.0970	0	5044/10000	True
GCA_028637685.1_ASM2863768v1	Xylariaceae sp. X3-2	3	GCA_048127505.1_ASM4812750v1	Xylaria escharoidea	Xylaria	Xylariaceae	Xylariales	Sordariomycetes		Ascomycota		93.2206	0	1369/10000	True
GCA_028637685.1_ASM2863768v1	Xylariaceae sp. X3-2	4	GCA_023079495.1_XE	Xylaria sp. L1 SY-2022	Xylaria	Xylariaceae	Xylariales	Sordariomycetes		Ascomycota		93.1776	0	1355/10000	True
GCA_028637685.1_ASM2863768v1	Xylariaceae sp. X3-2	5	GCA_048127525.1_ASM4812752v1	Xylaria rogersionigripes	Xylaria	Xylariaceae	Xylariales	Sordariomycetes		Ascomycota		77.3320	1.27763e-113	43/10000	True
GCA_028637685.1_ASM2863768v1	Xylariaceae sp. X3-2	6	GCA_028638325.1_ASM2863832v1	Xylariaceae sp. Mn153		Xylariaceae	Xylariales	Sordariomycetes		Ascomycota		76.0763	9.91378e-84	33/10000	True
GCA_028637685.1_ASM2863768v1	Xylariaceae sp. X3-2	7	GCA_028637635.1_ASM2863763v1	Xylariaceae sp. X802		Xylariaceae	Xylariales	Sordariomycetes		Ascomycota		75.4629	3.97117e-71	29/10000	True
GCA_028637685.1_ASM2863768v1	Xylariaceae sp. X3-2	8	GCA_022984845.1_Xylni1	Xylaria nigripes	Xylaria	Xylariaceae	Xylariales	Sordariomycetes		Ascomycota		75.1236	2.11813e-66	27/10000	True
GCA_028637685.1_ASM2863768v1	Xylariaceae sp. X3-2	9	GCA_028637585.1_ASM2863758v1	Xylariaceae sp. X187		Xylariaceae	Xylariales	Sordariomycetes		Ascomycota		74.3619	4.04254e-55	23/10000	True
GCA_028637685.1_ASM2863768v1	Xylariaceae sp. X3-2	10	GCA_028637885.1_ASM2863788v1	Xylariaceae sp. Mn132		Xylariaceae	Xylariales	Sordariomycetes		Ascomycota		74.1507	2.09212e-52	22/10000	True
GCA_028637635.1_ASM2863763v1	Xylariaceae sp. X802	1	GCA_022385655.1_Xylint1	Xylaria intraflava	Xylaria	Xylariaceae	Xylariales	Sordariomycetes		Ascomycota		82.6664	0	133/10000	True
GCA_028637635.1_ASM2863763v1	Xylariaceae sp. X802	2	GCA_028638325.1_ASM2863832v1	Xylariaceae sp. Mn153		Xylariaceae	Xylariales	Sordariomycetes		Ascomycota		77.5475	9.9873e-119	45/10000	True
GCA_028637635.1_ASM2863763v1	Xylariaceae sp. X802	3	GCA_028637585.1_ASM2863758v1	Xylariaceae sp. X187		Xylariaceae	Xylariales	Sordariomycetes		Ascomycota		77.4410	1.90559e-115	44/10000	True
GCA_028637635.1_ASM2863763v1	Xylariaceae sp. X802	4	GCA_028637885.1_ASM2863788v1	Xylariaceae sp. Mn132		Xylariaceae	Xylariales	Sordariomycetes		Ascomycota		77.2204	1.66928e-109	42/10000	True
GCA_028637635.1_ASM2863763v1	Xylariaceae sp. X802	5	GCA_022385685.1_Xy124048_1	Xylaria sp. CBS 124048	Xylaria	Xylariaceae	Xylariales	Sordariomycetes		Ascomycota		76.8689	7.2149e-101	39/10000	True
GCA_028637635.1_ASM2863763v1	Xylariaceae sp. X802	6	GCA_022984845.1_Xylni1	Xylaria nigripes	Xylaria	Xylariaceae	Xylariales	Sordariomycetes		Ascomycota		76.4892	9.27814e-92	36/10000	True
GCA_028637635.1_ASM2863763v1	Xylariaceae sp. X802	7	GCA_048127525.1_ASM4812752v1	Xylaria rogersionigripes	Xylaria	Xylariaceae	Xylariales	Sordariomycetes		Ascomycota		76.3555	5.69999e-89	35/10000	True
GCA_028637635.1_ASM2863763v1	Xylariaceae sp. X802	8	GCA_028637685.1_ASM2863768v1	Xylariaceae sp. X3-2		Xylariaceae	Xylariales	Sordariomycetes		Ascomycota		75.4629	3.97117e-71	29/10000	True
GCA_028637635.1_ASM2863763v1	Xylariaceae sp. X802	9	GCA_028637775.1_ASM2863777v1	Xylariaceae sp. X167		Xylariaceae	Xylariales	Sordariomycetes		Ascomycota		75.4629	8.10104e-72	29/10000	True
GCA_028637635.1_ASM2863763v1	Xylariaceae sp. X802	10	GCA_028637755.1_ASM2863775v1	Xylariaceae sp. X170		Xylariaceae	Xylariales	Sordariomycetes		Ascomycota		75.2963	7.20007e-69	28/10000	True
GCA_054227815.1_ASM5422781v1	Xylariales sp. 2024	1	GCA_060307455.1_ASM6030745v1	Xylariales sp. XT01			Xylariales	Sordariomycetes		Ascomycota		99.5544	0	8360/10000	True
GCA_054227815.1_ASM5422781v1	Xylariales sp. 2024	2	GCA_060307505.1_ASM6030750v1	Xylariales sp. SJ507			Xylariales	Sordariomycetes		Ascomycota		93.8338	0	1587/10000	True
GCA_054227815.1_ASM5422781v1	Xylariales sp. 2024	3	GCA_022695795.1_Bisma1	Biscogniauxia marginata	Biscogniauxia	Xylariaceae	Xylariales	Sordariomycetes		Ascomycota		76.2180	4.44904e-86	34/10000	True
GCA_054227815.1_ASM5422781v1	Xylariales sp. 2024	4	GCA_059335755.1_ASM5933575v1	Biscogniauxia sp. B7585-1	Biscogniauxia	Xylariaceae	Xylariales	Sordariomycetes		Ascomycota		75.2963	3.64387e-69	28/10000	True
GCA_054227815.1_ASM5422781v1	Xylariales sp. 2024	5	GCA_018398605.1_FBL658_Bm01	Biscogniauxia mediterranea	Biscogniauxia	Xylariaceae	Xylariales	Sordariomycetes		Ascomycota		74.7580	1.43372e-60	25/10000	True
GCA_054227815.1_ASM5422781v1	Xylariales sp. 2024	6	GCA_022544895.1_Biscog1	Biscogniauxia sp. FL1348	Biscogniauxia	Xylariaceae	Xylariales	Sordariomycetes		Ascomycota		73.9297	1.00476e-49	21/10000	True
GCA_054227815.1_ASM5422781v1	Xylariales sp. 2024	7	GCA_022478735.1_Bismed1	Biscogniauxia mediterranea	Biscogniauxia	Xylariaceae	Xylariales	Sordariomycetes		Ascomycota		73.4540	3.92503e-44	19/10000	True
GCA_054227815.1_ASM5422781v1	Xylariales sp. 2024	8	GCA_022478745.1_Bisme1	Biscogniauxia mediterranea	Biscogniauxia	Xylariaceae	Xylariales	Sordariomycetes		Ascomycota		73.4540	4.49305e-44	19/10000	True
GCA_054227815.1_ASM5422781v1	Xylariales sp. 2024	9	GCA_022376655.1_XyFL0641_1	Xylariomycetidae sp. FL0641				Sordariomycetes		Ascomycota		72.6371	1.22065e-36	16/10000	True
GCA_054227815.1_ASM5422781v1	Xylariales sp. 2024	10	GCA_043791935.1_ASM4379193v1	Peroneutypa sp. 2 Styx25C100m-44	Peroneutypa	Diatrypaceae	Xylariales	Sordariomycetes		Ascomycota		72.6371	5.41284e-36	16/10000	True
GCA_022432505.1_Plecto1	Xylariales sp. AK1849	1	GCA_037074995.1_ASM3707499v1	Apiospora arundinis	Apiospora	Apiosporaceae	Amphisphaeriales	Sordariomycetes		Ascomycota		70.8553	1.52931e-22	11/10000	True
GCA_022432505.1_Plecto1	Xylariales sp. AK1849	2	GCA_038362765.1_ASM3836276v1	Apiospora arundinis	Apiospora	Apiosporaceae	Amphisphaeriales	Sordariomycetes		Ascomycota		70.8553	1.8009e-22	11/10000	True
GCA_022432505.1_Plecto1	Xylariales sp. AK1849	3	GCA_037075025.1_ASM3707502v1	Apiospora arundinis	Apiospora	Apiosporaceae	Amphisphaeriales	Sordariomycetes		Ascomycota		70.4019	3.66433e-20	10/10000	True
GCA_022432505.1_Plecto1	Xylariales sp. AK1849	4	GCA_038362815.1_ASM3836281v1	Apiospora arundinis	Apiospora	Apiosporaceae	Amphisphaeriales	Sordariomycetes		Ascomycota		70.4019	2.13323e-20	10/10000	True
GCA_022432505.1_Plecto1	Xylariales sp. AK1849	5	GCF_020726525.1_Truan1	Truncatella angustata	Truncatella	Sporocadaceae	Amphisphaeriales	Sordariomycetes		Ascomycota		70.4019	2.17041e-20	10/10000	True
GCA_022432505.1_Plecto1	Xylariales sp. AK1849	6	GCA_015881745.1_ASM1588174v1	Pseudopestalotiopsis theae	Pseudopestalotiopsis	Sporocadaceae	Amphisphaeriales	Sordariomycetes		Ascomycota		69.9006	5.81306e-18	9/10000	True
GCA_022432505.1_Plecto1	Xylariales sp. AK1849	7	GCA_020744375.1_Daces1	Dactylonectria estremocensis	Dactylonectria	Nectriaceae	Hypocreales	Sordariomycetes		Ascomycota		69.9006	1.45532e-17	9/10000	True
GCA_022432505.1_Plecto1	Xylariales sp. AK1849	8	GCA_028028555.1_ASM2802855v1	Pseudopestalotiopsis chinensis	Pseudopestalotiopsis	Sporocadaceae	Amphisphaeriales	Sordariomycetes		Ascomycota		69.9006	6.18787e-18	9/10000	True
GCA_022432505.1_Plecto1	Xylariales sp. AK1849	9	GCA_039105305.1_ASM3910530v1	Apiospora arundinis	Apiospora	Apiosporaceae	Amphisphaeriales	Sordariomycetes		Ascomycota		69.9006	5.10128e-18	9/10000	True
GCA_022432505.1_Plecto1	Xylariales sp. AK1849	10	GCA_048773245.1_ASM4877324v1	Nigrospora rubi	Nigrospora	Apiosporaceae	Amphisphaeriales	Sordariomycetes		Ascomycota		69.9006	4.96346e-18	9/10000	True
GCA_002003505.1_fungal_sp._No.14919_ver1.0	Xylariales sp. No.14919	1	GCA_022495055.1_Xylgra1	Xylaria grammica	Xylaria	Xylariaceae	Xylariales	Sordariomycetes		Ascomycota		98.5092	0	5763/10000	True
GCA_002003505.1_fungal_sp._No.14919_ver1.0	Xylariales sp. No.14919	2	GCA_004353285.2_ASM435328v2	Xylaria grammica	Xylaria	Xylariaceae	Xylariales	Sordariomycetes		Ascomycota		96.9928	0	3622/10000	True
GCA_002003505.1_fungal_sp._No.14919_ver1.0	Xylariales sp. No.14919	3	GCA_004014815.1_ASM401481v1	Xylaria grammica	Xylaria	Xylariaceae	Xylariales	Sordariomycetes		Ascomycota		96.3582	0	3033/10000	True
GCA_002003505.1_fungal_sp._No.14919_ver1.0	Xylariales sp. No.14919	4	GCA_058969375.1_Xylaria_grammica_M1X3_v1	Xylaria grammica	Xylaria	Xylariaceae	Xylariales	Sordariomycetes		Ascomycota		91.5340	0	923/10000	True
GCA_002003505.1_fungal_sp._No.14919_ver1.0	Xylariales sp. No.14919	5	GCA_902806585.1_XH	Xylaria hypoxylon	Xylaria	Xylariaceae	Xylariales	Sordariomycetes		Ascomycota		83.9802	0	176/10000	True
GCA_002003505.1_fungal_sp._No.14919_ver1.0	Xylariales sp. No.14919	6	GCA_004768795.1_ASM476879v1	Xylaria hypoxylon	Xylaria	Xylariaceae	Xylariales	Sordariomycetes		Ascomycota		83.8453	0	171/10000	True
GCA_002003505.1_fungal_sp._No.14919_ver1.0	Xylariales sp. No.14919	7	GCA_051528475.1_YNP91	Xylaria hypoxylon	Xylaria	Xylariaceae	Xylariales	Sordariomycetes		Ascomycota		83.6496	0	164/10000	True
GCA_002003505.1_fungal_sp._No.14919_ver1.0	Xylariales sp. No.14919	8	GCA_053525395.1_ASM5352539v1	Xylaria sp. KR-3U	Xylaria	Xylariaceae	Xylariales	Sordariomycetes		Ascomycota		82.1433	0	119/10000	True
GCA_002003505.1_fungal_sp._No.14919_ver1.0	Xylariales sp. No.14919	9	GCA_022495195.1_Xyldig1	Xylaria digitata	Xylaria	Xylariaceae	Xylariales	Sordariomycetes		Ascomycota		82.0232	0	116/10000	True
GCA_002003505.1_fungal_sp._No.14919_ver1.0	Xylariales sp. No.14919	10	GCA_051529095.1_YNP62	Xylaria digitata	Xylaria	Xylariaceae	Xylariales	Sordariomycetes		Ascomycota		82.0232	0	116/10000	True
GCA_021365275.1_XylPMI506	Xylariales sp. PMI_506	1	GCA_038362815.1_ASM3836281v1	Apiospora arundinis	Apiospora	Apiosporaceae	Amphisphaeriales	Sordariomycetes		Ascomycota		73.1970	3.91881e-39	18/10000	True
GCA_021365275.1_XylPMI506	Xylariales sp. PMI_506	2	GCA_037074995.1_ASM3707499v1	Apiospora arundinis	Apiospora	Apiosporaceae	Amphisphaeriales	Sordariomycetes		Ascomycota		72.9253	2.92935e-36	17/10000	True
GCA_021365275.1_XylPMI506	Xylariales sp. PMI_506	3	GCA_037075025.1_ASM3707502v1	Apiospora arundinis	Apiospora	Apiosporaceae	Amphisphaeriales	Sordariomycetes		Ascomycota		72.9253	3.62174e-36	17/10000	True
GCA_021365275.1_XylPMI506	Xylariales sp. PMI_506	4	GCA_039105305.1_ASM3910530v1	Apiospora arundinis	Apiospora	Apiosporaceae	Amphisphaeriales	Sordariomycetes		Ascomycota		72.6371	5.34715e-34	16/10000	True
GCA_021365275.1_XylPMI506	Xylariales sp. PMI_506	5	GCA_038362765.1_ASM3836276v1	Apiospora arundinis	Apiospora	Apiosporaceae	Amphisphaeriales	Sordariomycetes		Ascomycota		72.3303	3.01003e-31	15/10000	True
GCA_021365275.1_XylPMI506	Xylariales sp. PMI_506	6	GCA_014849695.1_ASM1484969v1	Cryphonectria carpinicola	Cryphonectria	Cryphonectriaceae	Diaporthales	Sordariomycetes		Ascomycota		71.2691	7.99661e-25	12/10000	True
GCA_021365275.1_XylPMI506	Xylariales sp. PMI_506	7	GCA_014849955.1_ASM1484995v1	Cryphonectria carpinicola	Cryphonectria	Cryphonectriaceae	Diaporthales	Sordariomycetes		Ascomycota		71.2691	8.61178e-25	12/10000	True
GCA_021365275.1_XylPMI506	Xylariales sp. PMI_506	8	GCA_003264835.1_ASM326483v1	Cryphonectria radicalis	Cryphonectria	Cryphonectriaceae	Diaporthales	Sordariomycetes		Ascomycota		70.8553	2.32062e-22	11/10000	True
GCA_021365275.1_XylPMI506	Xylariales sp. PMI_506	9	GCA_006503535.1_ASM650353v1	Arthrinium phaeospermum	Arthrinium	Apiosporaceae	Amphisphaeriales	Sordariomycetes		Ascomycota		70.8553	4.56808e-22	11/10000	True
GCA_021365275.1_XylPMI506	Xylariales sp. PMI_506	10	GCA_014849355.1_ASM1484935v1	Cryphonectria radicalis	Cryphonectria	Cryphonectriaceae	Diaporthales	Sordariomycetes		Ascomycota		70.8553	1.60047e-22	11/10000	True
GCA_060307505.1_ASM6030750v1	Xylariales sp. SJ507	1	GCA_060307455.1_ASM6030745v1	Xylariales sp. XT01			Xylariales	Sordariomycetes		Ascomycota		93.9006	0	1613/10000	True
GCA_060307505.1_ASM6030750v1	Xylariales sp. SJ507	2	GCA_054227815.1_ASM5422781v1	Xylariales sp. 2024			Xylariales	Sordariomycetes		Ascomycota		93.8338	0	1587/10000	True
GCA_060307505.1_ASM6030750v1	Xylariales sp. SJ507	3	GCA_022695795.1_Bisma1	Biscogniauxia marginata	Biscogniauxia	Xylariaceae	Xylariales	Sordariomycetes		Ascomycota		76.0763	6.31398e-83	33/10000	True
GCA_060307505.1_ASM6030750v1	Xylariales sp. SJ507	4	GCA_002104945.1_Piromyces_sp._finnis_v3.0	Piromyces finnis	Piromyces	Neocallimastigaceae	Neocallimastigales	Neocallimastigomycetes		Neocallimastigomycota		74.9443	4.6298e-62	26/10000	True
GCA_060307505.1_ASM6030750v1	Xylariales sp. SJ507	5	GCA_059335755.1_ASM5933575v1	Biscogniauxia sp. B7585-1	Biscogniauxia	Xylariaceae	Xylariales	Sordariomycetes		Ascomycota		74.9443	2.55443e-63	26/10000	True
GCA_060307505.1_ASM6030750v1	Xylariales sp. SJ507	6	GCA_002157105.1_PirspE2_v1.0	Piromyces sp. E2	Piromyces	Neocallimastigaceae	Neocallimastigales	Neocallimastigomycetes		Neocallimastigomycota		74.5641	6.97538e-56	24/10000	True
GCA_060307505.1_ASM6030750v1	Xylariales sp. SJ507	7	GCA_022544895.1_Biscog1	Biscogniauxia sp. FL1348	Biscogniauxia	Xylariaceae	Xylariales	Sordariomycetes		Ascomycota		74.3619	4.6891e-55	23/10000	True
GCA_060307505.1_ASM6030750v1	Xylariales sp. SJ507	8	GCA_018398605.1_FBL658_Bm01	Biscogniauxia mediterranea	Biscogniauxia	Xylariaceae	Xylariales	Sordariomycetes		Ascomycota		74.1507	4.09588e-52	22/10000	True
GCA_060307505.1_ASM6030750v1	Xylariales sp. SJ507	9	GCA_022495205.1_HyFL1150_1	Hypoxylon sp. FL1150	Hypoxylon	Hypoxylaceae	Xylariales	Sordariomycetes		Ascomycota		73.9297	1.30225e-49	21/10000	True
GCA_060307505.1_ASM6030750v1	Xylariales sp. SJ507	10	GCA_037055185.1_ASM3705518v1	Capillidium rhysosporum	Capillidium	Capillidiaceae	Entomophthorales	Entomophthoromycetes		Entomophthoromycota		73.9297	1.62317e-49	21/10000	True
GCA_060307455.1_ASM6030745v1	Xylariales sp. XT01	1	GCA_054227815.1_ASM5422781v1	Xylariales sp. 2024			Xylariales	Sordariomycetes		Ascomycota		99.5544	0	8360/10000	True
GCA_060307455.1_ASM6030745v1	Xylariales sp. XT01	2	GCA_060307505.1_ASM6030750v1	Xylariales sp. SJ507			Xylariales	Sordariomycetes		Ascomycota		93.9006	0	1613/10000	True
GCA_060307455.1_ASM6030745v1	Xylariales sp. XT01	3	GCA_022695795.1_Bisma1	Biscogniauxia marginata	Biscogniauxia	Xylariaceae	Xylariales	Sordariomycetes		Ascomycota		76.3555	3.55819e-89	35/10000	True
GCA_060307455.1_ASM6030745v1	Xylariales sp. XT01	4	GCA_059335755.1_ASM5933575v1	Biscogniauxia sp. B7585-1	Biscogniauxia	Xylariaceae	Xylariales	Sordariomycetes		Ascomycota		75.1236	1.86049e-66	27/10000	True
GCA_060307455.1_ASM6030745v1	Xylariales sp. XT01	5	GCA_018398605.1_FBL658_Bm01	Biscogniauxia mediterranea	Biscogniauxia	Xylariaceae	Xylariales	Sordariomycetes		Ascomycota		74.5641	6.65578e-58	24/10000	True
GCA_060307455.1_ASM6030745v1	Xylariales sp. XT01	6	GCA_022478735.1_Bismed1	Biscogniauxia mediterranea	Biscogniauxia	Xylariaceae	Xylariales	Sordariomycetes		Ascomycota		74.3619	4.11234e-55	23/10000	True
GCA_060307455.1_ASM6030745v1	Xylariales sp. XT01	7	GCA_022544895.1_Biscog1	Biscogniauxia sp. FL1348	Biscogniauxia	Xylariaceae	Xylariales	Sordariomycetes		Ascomycota		73.9297	7.97162e-50	21/10000	True
GCA_060307455.1_ASM6030745v1	Xylariales sp. XT01	8	GCA_022478745.1_Bisme1	Biscogniauxia mediterranea	Biscogniauxia	Xylariaceae	Xylariales	Sordariomycetes		Ascomycota		73.4540	3.62215e-44	19/10000	True
GCA_060307455.1_ASM6030745v1	Xylariales sp. XT01	9	GCA_022376655.1_XyFL0641_1	Xylariomycetidae sp. FL0641				Sordariomycetes		Ascomycota		72.6371	1.03039e-36	16/10000	True
GCA_060307455.1_ASM6030745v1	Xylariales sp. XT01	10	GCA_054134705.1_ASM5413470v1	Peroneutypa diatrypoides	Peroneutypa	Diatrypaceae	Xylariales	Sordariomycetes		Ascomycota		72.6371	4.76709e-36	16/10000	True
GCA_022376655.1_XyFL0641_1	Xylariomycetidae sp. FL0641	1	GCA_018398605.1_FBL658_Bm01	Biscogniauxia mediterranea	Biscogniauxia	Xylariaceae	Xylariales	Sordariomycetes		Ascomycota		74.7580	2.62765e-59	25/10000	True
GCA_022376655.1_XyFL0641_1	Xylariomycetidae sp. FL0641	2	GCA_022544895.1_Biscog1	Biscogniauxia sp. FL1348	Biscogniauxia	Xylariaceae	Xylariales	Sordariomycetes		Ascomycota		74.3619	4.43347e-54	23/10000	True
GCA_022376655.1_XyFL0641_1	Xylariomycetidae sp. FL0641	3	GCA_022478735.1_Bismed1	Biscogniauxia mediterranea	Biscogniauxia	Xylariaceae	Xylariales	Sordariomycetes		Ascomycota		73.9297	1.83527e-48	21/10000	True
GCA_022376655.1_XyFL0641_1	Xylariomycetidae sp. FL0641	4	GCA_041956545.1_Thefe1	Thermothelomyces fergusii	Thermothelomyces	Chaetomiaceae	Sordariales	Sordariomycetes		Ascomycota		73.9297	2.08353e-50	21/10000	True
GCA_022376655.1_XyFL0641_1	Xylariomycetidae sp. FL0641	5	GCA_022478745.1_Bisme1	Biscogniauxia mediterranea	Biscogniauxia	Xylariaceae	Xylariales	Sordariomycetes		Ascomycota		73.6978	9.76357e-46	20/10000	True
GCA_022376655.1_XyFL0641_1	Xylariomycetidae sp. FL0641	6	GCA_022539325.1_XyFL0804_2	Xylariaceae sp. FL0804		Xylariaceae	Xylariales	Sordariomycetes		Ascomycota		73.6978	1.18692e-45	20/10000	True
GCA_022376655.1_XyFL0641_1	Xylariomycetidae sp. FL0641	7	GCA_022695795.1_Bisma1	Biscogniauxia marginata	Biscogniauxia	Xylariaceae	Xylariales	Sordariomycetes		Ascomycota		73.6978	1.15822e-45	20/10000	True
GCA_022376655.1_XyFL0641_1	Xylariomycetidae sp. FL0641	8	GCA_000966885.1_ASM96688v1	Xylaria sp. JS573	Xylaria	Xylariaceae	Xylariales	Sordariomycetes		Ascomycota		73.4540	1.86367e-43	19/10000	True
GCA_022376655.1_XyFL0641_1	Xylariomycetidae sp. FL0641	9	GCA_003945575.1_ASM394557v1	Tolypocladium inflatum	Tolypocladium	Ophiocordycipitaceae	Hypocreales	Sordariomycetes		Ascomycota		73.1970	4.11755e-42	18/10000	True
GCA_022376655.1_XyFL0641_1	Xylariomycetidae sp. FL0641	10	GCA_003945655.1_ASM394565v1	Tolypocladium inflatum	Tolypocladium	Ophiocordycipitaceae	Hypocreales	Sordariomycetes		Ascomycota		73.1970	4.36174e-42	18/10000	True
GCA_022376275.1_XylFL2044	Xylariomycetidae sp. FL2044	1	GCA_051622775.1_ASM5162277v1	Xylaria feejeensis	Xylaria	Xylariaceae	Xylariales	Sordariomycetes		Ascomycota		77.7536	3.31243e-119	47/10000	True
GCA_022376275.1_XylFL2044	Xylariomycetidae sp. FL2044	2	GCA_037055185.1_ASM3705518v1	Capillidium rhysosporum	Capillidium	Capillidiaceae	Entomophthorales	Entomophthoromycetes		Entomophthoromycota		77.5475	4.69682e-115	45/10000	True
GCA_022376275.1_XylFL2044	Xylariomycetidae sp. FL2044	3	GCA_027248425.1_ASM2724842v1	Neocallimastix californiae	Neocallimastix	Neocallimastigaceae	Neocallimastigales	Neocallimastigomycetes		Neocallimastigomycota		77.3320	2.19566e-107	43/10000	True
GCA_022376275.1_XylFL2044	Xylariomycetidae sp. FL2044	4	GCA_002104945.1_Piromyces_sp._finnis_v3.0	Piromyces finnis	Piromyces	Neocallimastigaceae	Neocallimastigales	Neocallimastigomycetes		Neocallimastigomycota		77.2204	1.15044e-103	42/10000	True
GCA_022376275.1_XylFL2044	Xylariomycetidae sp. FL2044	5	GCA_027248585.1_ASM2724858v1	Neocallimastix californiae	Neocallimastix	Neocallimastigaceae	Neocallimastigales	Neocallimastigomycetes		Neocallimastigomycota		77.1061	1.21906e-98	41/10000	True
GCA_022376275.1_XylFL2044	Xylariomycetidae sp. FL2044	6	GCA_027248765.1_ASM2724876v1	Neocallimastix californiae	Neocallimastix	Neocallimastigaceae	Neocallimastigales	Neocallimastigomycetes		Neocallimastigomycota		77.1061	1.62512e-99	41/10000	True
GCA_022376275.1_XylFL2044	Xylariomycetidae sp. FL2044	7	GCA_027248925.1_ASM2724892v1	Neocallimastix californiae	Neocallimastix	Neocallimastigaceae	Neocallimastigales	Neocallimastigomycetes		Neocallimastigomycota		77.1061	2.78062e-100	41/10000	True
GCA_022376275.1_XylFL2044	Xylariomycetidae sp. FL2044	8	GCA_036986855.1_Dds_r1.0	Diaporthe destruens	Diaporthe	Diaporthaceae	Diaporthales	Sordariomycetes		Ascomycota		77.1061	1.09772e-100	41/10000	True
GCA_022376275.1_XylFL2044	Xylariomycetidae sp. FL2044	9	GCA_057555345.1_DdesGFP_1.0	Diaporthe destruens	Diaporthe	Diaporthaceae	Diaporthales	Sordariomycetes		Ascomycota		76.9890	6.48459e-99	40/10000	True
GCA_022376275.1_XylFL2044	Xylariomycetidae sp. FL2044	10	GCA_002157105.1_PirspE2_v1.0	Piromyces sp. E2	Piromyces	Neocallimastigaceae	Neocallimastigales	Neocallimastigomycetes		Neocallimastigomycota		76.8689	1.10119e-93	39/10000	True
